苏州4K,https://live-auth.51kandianshi.com/szgd/csztv4k_hd.m3u8
河北4K,https://event.pull.hebtv.com:443/live/live101.m3u8
南国都市4K,https://tencentplay.gztv.com/live/nanguodushi.m3u8?txSecret=%2A%2A%2A&txTime=1903e7b17de
CCTV4K真4K,http://vip1.xinketongxun.fun:8082/tsfile/live/1026_1.m3u8
CCTV-4 欧洲,#http://8.138.7.223/tv/migu8.php?id=66e1470c453536359985b7b9b8222742
CCTV-4 美洲,#http://8.138.7.223/tv/migu8.php?id=45de6fabfc0d9dfd41de6ad5022d8fce
CCTV 4K,#http://fjcm-2118.live.iptv.darwinchow.com/PLTV/88888888/224/3221227510/index.m3u8
CCTV 8K,#http://116.52.175.3:29999/nptv/cctv8k.m3u8
CCTV-卫生健康,http://nas.hssvm.com:8888/udp/225.1.1.210:5002
中国天气,http://hls.weathertv.cn/tslslive/qCFIfHB/hls/live_sd.m3u8
中国交通,http://drive.mxmy.net:8888/udp/239.3.1.188:8001
直播中国,https://gcalic.v.myalicdn.com/gc/wgw05_1/index.m3u8?contentid=2820180516001
熊猫直播,https://gcwbndali.v.myalicdn.com/gcwbnd/ipanda1000_2/index.m3u8
CGTN英语,http://english-livetx.cgtn.com/hls/yypdyyctzb_hd.m3u8
CGTN记录,https://english-livetx.cgtn.com/hls/yypdjlctzb_hd.m3u8
CGTN俄语,http://russian-livews.cgtn.com/hls/LSvexABhNipibK5KRuUkvHZ7220802LSTeze9o8tdFXMHsb1VosgoT220802cd.m3u8
CGTN法语,http://espanol-liveali.cgtn.com/hls/LSveOGBaBw41Ea7ukkVAUdKQ220802LSTexu6xAuFH8VZNBLE1ZNEa220802cd.m3u8
CGTN西语,http://espanol-liveali.cgtn.com/hls/LSveOGBaBw41Ea7ukkVAUdKQ220802LSTexu6xAuFH8VZNBLE1ZNEa220802cd.m3u8
CGTN阿语,http://espanol-liveali.cgtn.com/hls/LSveOGBaBw41Ea7ukkVAUdKQ220802LSTexu6xAuFH8VZNBLE1ZNEa220802cd.m3u8
CCTV4K,http://p.ytelc.com/169l/0/cctv.php?id=cctv4k
上海纪实,http://iptv.huuc.edu.cn/hls/docuchina.m3u8
金鹰纪实,http://iptv.huuc.edu.cn/hls/gedocu.m3u8
北京新闻,http://iptv.huuc.edu.cn/hls/btv9hd.m3u8
山东教育,http://iptv.huuc.edu.cn/hls/sdetv.m3u8
CCTV4美洲,http://t.061899.xyz/tl/tl.php?id=cctv4m
CCTV4欧洲,http://t.061899.xyz/tl/tl.php?id=cctv4o
CCTV发现之旅,http://t.061899.xyz/tl/tl.php?id=fxzl
CCTV老故事,http://t.061899.xyz/tl/tl.php?id=lgs
CCTV中学生,http://t.061899.xyz/tl/tl.php?id=zxs
CGTN,http://t.061899.xyz/tl/tl.php?id=cgtn
CGTN纪录,http://t.061899.xyz/tl/tl.php?id=cgtnjl
海峡卫视,http://t.061899.xyz/tl/tl.php?id=hxws
四海钓鱼,http://t.061899.xyz/tl/tl.php?id=shdy
东方影视,http://t.061899.xyz/tl/tl.php?id=dfys
上海新闻综合,http://t.061899.xyz/tl/tl.php?id=shxwzh
上海第一财经,http://t.061899.xyz/tl/tl.php?id=dycj
上视纪实人文,http://t.061899.xyz/tl/tl.php?id=shjsrw
上海外语,http://t.061899.xyz/tl/tl.php?id=shics
法治天地,http://t.061899.xyz/tl/tl.php?id=fztd
乐游,http://t.061899.xyz/tl/tl.php?id=ly
欢笑剧场,http://t.061899.xyz/tl/tl.php?id=hxjc
七彩戏剧,http://t.061899.xyz/tl/tl.php?id=qcxj
游戏风云,http://t.061899.xyz/tl/tl.php?id=yxfy
优漫卡通,http://t.061899.xyz/tl/tl.php?id=ymkt
苏州4K,https://tylive.kan0512.com/norecord/csztv4k_4k.m3u8
河北4K,https://event.pull.hebtv.com:443/live/live101.m3u8
tvg-id="河北卫视" tvg-name="河北卫视" tvg-logo="https://gitee.com/suxuang/logo/raw/master/mylogo/河北卫视.png" group-title="卫视频道",河北卫视,http://120.76.248.139/live/bfgd/4200000108.m3u8
tvg-id="宁夏卫视" tvg-name="宁夏卫视" tvg-logo="https://gitee.com/suxuang/logo/raw/master/mylogo/宁夏卫视.png" group-title="卫视频道",宁夏卫视,http://120.76.248.139/live/bfgd/4200000118.m3u8
tvg-id="云南卫视" tvg-name="云南卫视" tvg-logo="https://gitee.com/suxuang/logo/raw/master/mylogo/云南卫视.png" group-title="卫视频道",云南卫视,http://nn.7x9d.cn/xzc2.php?ua=TW96aWxsYS81LjAgKFdpbmRvd3MgTlQgNi4xOyBXaW42NDsgeDY0KSBBcHBsZVdlYktpdC81MzcuMzYgKEtIVE1MLCBsaWtlIEdlY2tvKSBDaHJvbWUvMTA2LjAuMC4wIFNhZmFyaS81MzcuMzY%3D&hls=aHR0cDovL3d3dy5kc2suY2MvcGhwL3N4Z2QucGhwP2lkPXlud3M%3D
延边卫视,http://120.76.248.139/live/bfgd/4200000117.m3u8
厦门卫视,http://e2.woc.iiiya.cn:28888/rtp/239.61.2.11:8060
农林卫视,http://120.76.248.139/live/bfgd/4200000122.m3u8
兵团卫视,http://liveout.btzx.com.cn/62ds9e/yil08g.m3u8
山东教育,https://test1.live.sdetv.com.cn/live/dianshizhibo/playlist.m3u8
海峡卫视,http://8.138.7.223/tv/hxws.m3u8
安多卫视,#http://qwt.zhibotv.top:2016/全网通.php?id=安多卫视
康巴卫视,#http://fjcm-2118.live.iptv.darwinchow.com/PLTV/88888888/224/3221225856/index.m3u8
CGTN,http://112.27.235.94:8000/hls/17/index.m3u8
上海卫视,http://112.27.235.94:8000/hls/28/index.m3u8
重温经典,http://112.27.235.94:8000/hls/50/index.m3u8
CCTV-4K,http://www.tszhgjj.cn:7000/rtp/239.253.93.134:6631
苏州4K,http://106.53.99.30/tv/api.php?id=sztv4k
河北4K,http://106.53.99.30/tv/api.php?id=hebtv4k
黑龙江视,https://zby.130519.xyz/PLTV/11/224/3221225722/index.m3u8
东方影视,https://zby.130519.xyz/PLTV/11/224/3221225744/index.m3u8
东方财经,https://zby.130519.xyz/PLTV/11/224/3221226134/index.m3u8
第一财经,https://zby.130519.xyz/PLTV/11/224/3221225737/index.m3u8
上海都市,https://zby.130519.xyz/PLTV/11/224/3221225749/index.m3u8
都市剧场,https://zby.130519.xyz/PLTV/11/224/3221225762/index.m3u8
都市剧场,#https://zby.130519.xyz/PLTV/11/224/3221226155/index.m3u8
欢笑剧场,https://zby.130519.xyz/PLTV/11/224/3221225771/index.m3u8
新闻综合,https://zby.130519.xyz/PLTV/11/224/3221226136/index.m3u8
金色学堂,https://zby.130519.xyz/PLTV/11/224/3221225748/index.m3u8
生活时尚,https://zby.130519.xyz/PLTV/11/224/3221225768/index.m3u8
法治天地,https://zby.130519.xyz/PLTV/11/224/3221225994/index.m3u8
游戏风云,https://zby.130519.xyz/PLTV/11/224/3221226117/index.m3u8
游戏风云,#https://zby.130519.xyz/PLTV/11/224/3221226140/index.m3u8
乐游频道,https://zby.130519.xyz/PLTV/11/224/3221226157/index.m3u8
乐游频道,#https://zby.130519.xyz/PLTV/11/224/3221226115/index.m3u8
哈哈炫动,https://zby.130519.xyz/PLTV/11/224/3221226161/index.m3u8
哈哈炫动,#https://zby.130519.xyz/PLTV/11/224/3221226175/index.m3u8
动漫秀场,https://zby.130519.xyz/PLTV/11/224/3221225764/index.m3u8
动漫秀场,#https://zby.130519.xyz/PLTV/11/224/3221226138/index.m3u8
卡酷少儿,https://zby.130519.xyz/PLTV/11/224/3221226019/index.m3u8
金鹰卡通,https://zby.130519.xyz/PLTV/11/224/3221226094/index.m3u8
睛彩竞技,https://zby.130519.xyz/PLTV/11/224/3221226116/index.m3u8
睛彩广场,https://zby.130519.xyz/PLTV/11/224/3221226139/index.m3u8
CHC影迷电影,http://58.19.38.162:9901/tsfile/live/1004_1.m3u8?key=%2A%2A%2A&playlive=1&authid=%2A%2A%2A
CHC影迷电影HD,http://122.228.73.138:2380/hw1live.rxip.sc96655.com.huan.tv/live/lnwsCHC-HDH265_4000.m3u8
求索纪录,http://111.22.153.159:35455/itv/2000000004000000010.m3u8?cdn=hnbblive
求索科学,http://111.22.153.159:35455/itv/2000000004000000011.m3u8?cdn=hnbblive
求索生活,http://111.22.153.159:35455/itv/2000000004000000008.m3u8?cdn=hnbblive
求索动物,http://111.22.153.159:35455/itv/2000000004000000009.m3u8?cdn=hnbblive
纪实科教8K,https://gdcucc.v1.mk/gdcucc/brtv8k.m3u8
爱上4K,http://wouu.net:9977/udp/239.93.0.97:5140
华数4K,http://111.22.153.159:35455/itv/2000000004000000014.m3u8?cdn=hnbblive
纯享4K,#http://fjcm-2117.live.iptv.darwinchow.com/PLTV/88888888/224/3221226825/index.m3u8
求索纪录4K,http://tvbox6.icu/tv/gdmzyd.php?id=104
重温经典,http://8.138.7.223/tv/cwjd.php
搜狐剧场,https://hdl-vip-ws.qf.56.com/live/lc_11730.flv
1905电影网,http://8.138.7.223/tv/1905.php?id=LIVE8J4LTCXPI7QJ5
1905电影网（国内）,http://8.138.7.223/tv/1905.php?id=LIVEOYY31H24H48NE
中国电影频道,https://live.tvfix.org/live/cmc/index.m3u8
美亚电影台,https://live.tvfix.org/live/mydy/index.m3u8
漫威电影,http://1.94.31.214:35455/douyu/6140589
精彩影视,http://111.22.153.159:35455/itv/6000000006000320630.m3u8?cdn=wasusyt
中国天气,#http://fjcm-2118.live.iptv.darwinchow.com/PLTV/88888888/224/3221227210/index.m3u8
纪实科教,http://120.76.248.139/live/bfgd/4200000113.m3u8
金鹰纪实,http://rrs01.hw.gmcc.net:8088/PLTV/81/224/3221226667/1.m3u8
新视觉HD,http://120.76.248.139/live/bfgd/4200000249.m3u8
茶友频道,#http://fjcm-2118.live.iptv.darwinchow.com/PLTV/88888888/224/3221226859/index.m3u8
快乐垂钓,#http://fjcm-2117.live.iptv.darwinchow.com/PLTV/88888888/224/3221226940/index.m3u8
新纪实,http://bp-resource-dfl.bestv.cn/155/3/video.m3u8
第一财经,http://bp-livetytv.bestv.cn/ch/bestvdycj.m3u8
上海新闻,http://bp-livetytv.bestv.cn/ch/bestvxwzh.m3u8
上海都市,http://bp-livetytv.bestv.cn/ch/bestvdspd.m3u8
海峡卫视,http://8.138.7.223/tv/hxws.m3u8
四川科教,http://182.150.115.21:8030/pcgacg/pcgacg_0.m3u8
哒啵赛事,#http://fjcm-2118.live.iptv.darwinchow.com/PLTV/88888888/224/3221227331/index.m3u8
哒啵电竞,http://111.22.153.159:35455/itv/1000000006000032327.m3u8?cdn=ystenlive
黑莓动画,#http://fjcm-2118.live.iptv.darwinchow.com/PLTV/88888888/224/3221227303/index.m3u8
乐游频道,http://8.138.7.223/tv/shtv.php?id=ly
欢笑剧场,http://111.22.153.159:35455/itv/5000000002000009455.m3u8?cdn=bestzb
法治天地,http://111.22.153.159:35455/itv/2000000002000000014.m3u8?cdn=hnbblive
七彩戏剧,http://111.22.153.159:35455/itv/5000000011000031116.m3u8?cdn=bestzb
动漫秀场,http://111.22.153.159:35455/itv/5000000011000031113.m3u8?cdn=bestzb
游戏风云,http://111.22.153.159:35455/itv/5000000011000031114.m3u8?cdn=bestzb
生活时尚,http://111.22.153.159:35455/itv/5000000002000019634.m3u8?cdn=bestzb
都市剧场,http://112.46.105.20:8009/hls/72/index.m3u8
金色学堂,http://111.22.153.159:35455/itv/5000000010000026105.m3u8?cdn=bestzb
南国都市,https://tencentplay.gztv.com/live/nanguodushi.m3u8?txSecret=%2A%2A%2A&txTime=1903e7b17de
天元围棋,http://wouu.net:9977/udp/239.93.42.55:5140
重温经典,https://other.ottiptv.cc/cwjd.m3u8
睛彩竞技,#http://fjcm-2118.live.iptv.darwinchow.com/PLTV/88888888/224/3221227047/index.m3u8
睛彩青少,#http://111.22.153.159:35455/itv/3000000020000011525.m3u8?cdn=FifastbLive
CHC影迷电影,http://148.135.93.213/live.php?id=CHC%E5%BD%B1%E8%BF%B7%E7%94%B5%E5%BD%B1
CGTN英语,https://0472.org/hls/cgtn.m3u8
CGTN纪录,https://0472.org/hls/cgtnd.m3u8
澳视澳门,http://r.jdshipin.com/n2YZI
澳视卫星,http://r.jdshipin.com/QFhCq
台湾+,https://bcovlive-a.akamaihd.net/rce33d845cb9e42dfa302c7ac345f7858/ap-northeast-1/6282251407001/playlist.m3u8
华丽翡翠台,http://r.jdshipin.com/thuYX
HOY TV,http://r.jdshipin.com/sFw4S
南国都市,http://r.jdshipin.com/nWaZO
海峡卫视,http://r.jdshipin.com/WtYt3
咪咕视频4K,http://r.jdshipin.com/ln4xk
咪咕视频4K-2,http://r.jdshipin.com/Lqdwf
翡翠台 backup,http://api.kkitv.itv888.vip:8080/streams/jutaw8wu0j9/index.m3u8
iNews新闻台,http://api.kkitv.itv888.vip:8080/streams/o0ey7z1y0y/index.m3u8
HOY资讯台,http://api.kkitv.itv888.vip:8080/streams/o6fp2zqodp/index.m3u8
RHK 31,http://api.kkitv.itv888.vip:8080/streams/au9u4ktua3t/index.m3u8
RHK 32,http://api.kkitv.itv888.vip:8080/streams/emzampd6m1i/index.m3u8
Viu6,http://api.kkitv.itv888.vip:8080/streams/bvdslcl5cts/index.m3u8
美亚电影,http://iptv.4666888.xyz/iptv2A.php?id=30
有线新闻,http://iptv.4666888.xyz/iptv2A.php?id=31
龙华电影,http://iptv.4666888.xyz/iptv2A.php?id=45
凤凰电影,http://221.7.175.154:85/tsfile/live/1022_1.m3u8?key=%2A%2A%2A&playlive=1&authid=%2A%2A%2A
星空国际,http://iot-mqqt.111yao.cn:8080/live/diyp_starmovies.m3u8
澳门卫视,http://php.jdshipin.com:8880/TVOD/iptv.php?id=as
澳视澳门,http://php.jdshipin.com:8880/TVOD/iptv.php?id=asam
澳亚卫视,http://cdn9.163189.xyz/live/as/stream.m3u8
莲花卫视,http://live-hls.macaulotustv.com/lotustv/macaulotustv.m3u8
TVB娱乐新闻,http://ali.hlspull.yximgs.com/live/6425965d63a08c85ca806bfcc8c75cf4.flv
华丽翡翠台,http://cdn9.163189.xyz/smt1.1.php?id=Tvbjade
TVB J1,http://cdn3.163189.xyz/live/j1/stream.m3u8
千禧经典,http://cdn9.163189.xyz/smt3.1.1.php?id=Tvbclassic
星光影视,http://ali.hlspull.yximgs.com/live/zxcvbnm9852.flv
环球电视,http://utv1.hqtvzb.com:9999/hls/world.m3u8
耀才财经,https://v3.mediacast.hk/webcast/bshdlive-pc/chunklist_w99771165.m3u8
民视,rtmp://f13h.mine.nu/sat/tv051
台视,rtmp://f13h.mine.nu/sat/tv071
中视,rtmp://f13h.mine.nu/sat/tv091
华视,rtmp://f13h.mine.nu/sat/tv111
台视新闻,http://38.64.72.148/hls/modn/list/4013/chunklist1.m3u8
中天新闻,https://v.hystudio.cn:8088/live/yifatv-ztxw0.m3u8
中天娱乐,https://gdfire2.67890123.cn:8088/live/ztxw201.m3u8
华视新闻,http://litv.zapi.us.kg/?id=4gtv-4gtv052
中视新闻,http://198.16.100.186:8278/zhongshinews_twn/playlist.m3u8?tid=MD0D3377711133777111&ct=19249&tsum=ffaee3fe7040c96643b3c7f12bf2de8d
三立综合,http://live4play.uk/livehttpplay?channel_id=12038
三立都会,http://live4play.uk/livehttpplay?channel_id=20100
三立戏剧,http://61.221.215.25:8800/hls/41/index.m3u8
非凡新闻,rtmp://f13h.mine.nu/sat/tv581
寰宇新闻,https://gdfire2.67890123.cn:8088/live/hyxw01.m3u8
年代新闻,http://198.16.100.186:8278/niandainews_twn/playlist.m3u8?tid=MBCB9184423891844238&ct=19249&tsum=ac0331d98099429b19c53fe6d20972ec
东森新闻,https://gdfire2.67890123.cn:8088/live/dsxw01.m3u8
东森财经,http://live4play.uk/livehttpplay?channel_id=20078
东森戏剧,http://live4play.uk/livehttpplay?channel_id=20072
美亚电影,http://ali.hlspull.yximgs.com/live/awei_mydy.flv
民视新闻台,http://live4play.uk/livehttpplay?channel_id=20097
民视台湾台,https://smart.pendy.dpdns.org/Smart.php?id=ftvtaiwan_twn
民视第一台,https://smart.pendy.dpdns.org/Smart.php?id=lunghuajingdian_twn
民视综艺台,http://litv.zapi.us.kg/?id=4gtv-4gtv004
民视影剧台,http://litv.zapi.us.kg/?id=litv-ftv09
中天亚洲台,http://livetv.skycf.eu.org/live.m3u8?c=3
中视菁采,http://litv.zapi.us.kg/?id=4gtv-4gtv064
美亚C+,http://ottproxy2.ist.ooo/livehls/MOB-U1-NO/03.m3u8
MOMO TV,rtmp://f13h.mine.nu/sat/tv761
纬来日本,rtmp://f13h.mine.nu/sat/tv771
纬来精采,http://61.221.215.25:8800/hls/48/index.m3u8
大爱1台,https://pulltv1.wanfudaluye.com/live/tv1.m3u8
大爱2台,https://pulltv2.wanfudaluye.com/live/tv2.m3u8
大立电视台,http://www.dalitv.com.tw:4568/live/dali/index.m3u8
TVBS新闻台,http://61.221.215.25:8800/hls/9/index.m3u8
TVBS欢乐台,http://litv.zapi.us.kg/?id=4gtv-4gtv068
番薯台,http://61.216.67.119:1935/TWHG/E1/chunklist_w705811302.m3u8
人间卫视,http://61.216.67.119:1935/bltvhd/bltv1/chunklist_w1266569526.m3u
八大戏剧台,http://61.221.215.25:8800/hls/39/index.m3u8
AMC电影台,http://122.117.71.103:8559/http/61.222.53.250:8092/upload/115/AMC_TS-1111_1.m3u8
CAT电影,http://litv.zapi.us.kg/?id=4gtv-4gtv076
龙华电影,https://cdn8.163189.xyz/live/lhdy/stream.m3u8
龙华洋片,https://cdn8.163189.xyz/live/lhyp/stream.m3u8
龙华经典,https://cdn8.163189.xyz/live/lhjd/stream.m3u8
龙华卡通,https://cdn8.163189.xyz/live/lhkt/stream.m3u8
龙华偶像,https://cdn8.163189.xyz/live/lhox/stream.m3u8
龙华日韩,https://cdn8.163189.xyz/live/lhrh/stream.m3u8
龙华戏剧,https://cdn8.163189.xyz/live/lhxj/stream.m3u8
靖天电影,http://live4play.uk/livehttpplay?channel_id=12037
港台电视31,https://cdn5.163189.xyz/live/rthk31/stream.m3u8
港台电视32,https://cdn5.163189.xyz/live/rthk32/stream.m3u8
HOY78,http://cdn.163189.xyz/live/hoy/stream.m3u8
ASTRO AOD,http://cdn9.163189.xyz/smt1.1.php?id=Aodhd
DAZN体育1,rtmp://f13h.mine.nu/sat/tv731
DAZN体育2,rtmp://f13h.mine.nu/sat/tv741
ELEVEN体育1,https://stream1.freetv.fun/eltaai-er-da-ti-yu--1--wj-1.ctv
ELEVEN体育2,https://stream1.freetv.fun/eltaai-er-da-ti-yu--2--wj-1.ctv
ELEVEN体育3,https://stream1.freetv.fun/eltaai-er-da-ti-yu--3--wj-1.ctv
半岛新闻,#http://live-hls-web-aje.getaj.net/AJE/01.m3u8
韩国电影1,https://stream.ads.ottera.tv/playlist.m3u8?network_id=595
韩国电影2,https://stream.ads.ottera.tv/playlist.m3u8?network_id=743
翡翠台4K,http://cdn6.163189.xyz/163189/fct4k
RTHK31,http://php.jdshipin.com:8880/TVOD/iptv.php?id=rthk31
RTHK32,http://php.jdshipin.com:8880/TVOD/iptv.php?id=rthk32
HOY TV,http://php.jdshipin.com/TVOD/iptv.php?id=hoytv
澳视澳门,http://php.jdshipin.com:8880/TVOD/iptv.php?id=asam
澳视卫星,http://php.jdshipin.com:8880/TVOD/iptv.php?id=as
八度空间,https://cdn6.163189.xyz/163189/8tv
CH5,https://cdn6.163189.xyz/163189/ch5
CH8,https://cdn6.163189.xyz/163189/ch8
CHU,https://cdn6.163189.xyz/163189/chu
千禧经典台,http://php.jdshipin.com:8880/smt.php?id=Tvbclassic
美亚电影台,http://php.jdshipin.com:8880/smt.php?id=meiyamovie_twn
天映频道,http://php.jdshipin.com:8880/smt.php?id=Celestial
Astro AOD,http://php.jdshipin.com/TVOD/iptv.php?id=aod
Astro AEC,http://php.jdshipin.com/smt.php?id=AEC
爱奇艺,http://php.jdshipin.com/smt.php?id=Qiyi
Astro QJ,http://php.jdshipin.com/smt.php?id=Quanjia
Astro欢喜台,http://php.jdshipin.com/smt.php?id=Huahee
华丽翡翠台,http://php.jdshipin.com/TVOD/iptv.php?id=huali2
亚洲武侠,http://php.jdshipin.com/TVOD/iptv.php?id=yzwx
TVB生活台,http://php.jdshipin.com/TVOD/iptv.php?id=tvbsh
TVB娱乐新闻台,http://php.jdshipin.com/TVOD/iptv.php?id=tvbylxw
NOW NEWS,http://cdn.163189.xyz/163189/now
澳视卫星,https://cdn6.163189.xyz/163189/as
澳视澳门,https://cdn6.163189.xyz/163189/asam
澳门体育,http://cdn6.163189.xyz/163189/amty
澳门综艺,http://cdn6.163189.xyz/163189/amzy
iHOT 爱喜剧,http://111.22.153.159:35455/itv/2000000004000000032.m3u8?cdn=hnbblive
iHOT 爱科幻,http://111.22.153.159:35455/itv/2000000004000000033.m3u8?cdn=hnbblive
iHOT 爱院线,http://111.22.153.159:35455/itv/2000000004000000034.m3u8?cdn=hnbblive
iHOT 爱浪漫,http://111.22.153.159:35455/itv/2000000004000000035.m3u8?cdn=hnbblive
iHOT 爱悬疑,http://111.22.153.159:35455/itv/2000000004000000036.m3u8?cdn=hnbblive
iHOT 爱谍战,http://111.22.153.159:35455/itv/2000000004000000038.m3u8?cdn=hnbblive
iHOY 爱历史,http://111.22.153.159:35455/itv/2000000004000000046.m3u8?cdn=hnbblive
iHOT 爱科学,http://111.22.153.159:35455/itv/2000000004000000047.m3u8?cdn=hnbblive
iHOT 爱幼教,http://111.22.153.159:35455/itv/2000000004000000049.m3u8?cdn=hnbblive
iHOT 爱玩具,http://111.22.153.159:35455/itv/2000000004000000053.m3u8?cdn=hnbblive
iHOT 爱赛车,http://111.22.153.159:35455/itv/2000000004000000055.m3u8?cdn=hnbblive
iHOT 爱旅行,http://111.22.153.159:35455/itv/2000000004000000056.m3u8?cdn=hnbblive
iHOT 爱奇谈,http://111.22.153.159:35455/itv/2000000004000000058.m3u8?cdn=hnbblive
iHOT 爱动漫,http://111.22.153.159:35455/itv/2000000004000000059.m3u8?cdn=hnbblive
NewTV 超级电影,http://111.22.153.159:35455/itv/1000000003000012426.m3u8?cdn=ystenlive
NewTV 超级电视剧,http://111.22.153.159:35455/itv/1000000004000024993.m3u8?cdn=ystenlive
NewTV 超级综艺,http://[2409:8087:5e00:24::2d]:6610/000000001000/1/1000000004000023658/index.m3u8?channel-id=ystenlive&Contentid=1000000004000023658&livemode=1&stbId=YanG-1989
NewTV 金牌综艺,http://[2409:8087:5e00:24::2d]:6610/000000001000/1/1000000004000026167/index.m3u8?channel-id=ystenlive&Contentid=1000000004000026167&livemode=1&stbId=YanG-1989
NewTV 魅力潇湘,http://[2409:8087:5e00:24::2d]:6610/000000001000/1/1000000001000006197/index.m3u8?channel-id=ystenlive&Contentid=1000000001000006197&livemode=1&stbId=YanG-1989
NewTV 东北热剧,http://39.134.65.175/PLTV/88888888/224/3221225679/1.m3u8
NewTV 古装剧场,http://[2409:8087:5e00:24::2d]:6610/000000001000/1/2000000003000000024/index.m3u8?channel-id=hnbblive&Contentid=2000000003000000024&livemode=1&stbId=YanG-1989
NewTV 欢乐剧场,http://39.134.65.175/PLTV/88888888/224/3221225682/1.m3u8
NewTV 怡伴健康,http://[2409:8087:5e00:24::2d]:6610/000000001000/1/1000000005000266011/index.m3u8?channel-id=ystenlive&Contentid=1000000005000266011&livemode=1&stbId=YanG-1989
NewTV 潮妈辣婆,http://[2409:8087:5e00:24::2d]:6610/000000001000/1/2000000003000000018/index.m3u8?channel-id=hnbblive&Contentid=2000000003000000018&livemode=1&stbId=YanG-1989
NewTV 军旅剧场,http://[2409:8087:5e00:24::2d]:6610/000000001000/1/2000000003000000014/index.m3u8?channel-id=hnbblive&Contentid=2000000003000000014&livemode=1&stbId=YanG-1989
NewTV 军事评论,http://[2409:8087:5e00:24::2d]:6610/000000001000/1/2000000003000000022/index.m3u8?channel-id=hnbblive&Contentid=2000000003000000022&livemode=1&stbId=YanG-1989
NewTV 中国功夫,http://[2409:8087:5e00:24::2d]:6610/000000001000/1/2000000003000000009/index.m3u8?channel-id=hnbblive&Contentid=2000000003000000009&livemode=1&stbId=YanG-1989
NewTV 农业致富,http://[2409:8087:5e00:24::2d]:6610/000000001000/1/6193684637634073625/index.m3u8?channel-id=ystenlive&Contentid=6193684637634073625&livemode=1&stbId=YanG-1989
NewTV 家庭剧场,http://[2409:8087:5e00:24::2d]:6610/000000001000/1/1000000004000008284/index.m3u8?channel-id=ystenlive&Contentid=1000000004000008284&livemode=1&stbId=YanG-1989
NewTV 炫舞未来,http://[2409:8087:5e00:24::2d]:6610/000000001000/1/1000000001000000515/index.m3u8?channel-id=ystenlive&Contentid=1000000001000000515&livemode=1&stbId=YanG-1989
NewTV 精品萌宠,http://[2409:8087:5e00:24::2d]:6610/000000001000/1/1000000006000032328/index.m3u8?channel-id=ystenlive&Contentid=1000000006000032328&livemode=1&stbId=YanG-1989
NewTV 精品大剧,http://[2409:8087:5e00:24::2d]:6610/000000001000/1/1000000004000013968/index.m3u8?channel-id=ystenlive&Contentid=1000000004000013968&livemode=1&stbId=YanG-1989
NewTV 精品记录,http://[2409:8087:5e00:24::2d]:6610/000000001000/1/1000000004000013730/index.m3u8?channel-id=ystenlive&Contentid=1000000004000013730&livemode=1&stbId=YanG-1989
NewTV 武搏世界,http://[2409:8087:5e00:24::2d]:6610/000000001000/1/2000000003000000007/index.m3u8?channel-id=hnbblive&Contentid=2000000003000000007&livemode=1&stbId=YanG-1989
NewTV 明星大片,http://[2409:8087:5e00:24::2d]:6610/000000001000/1/1000000004000019008/index.m3u8?channel-id=ystenlive&Contentid=1000000004000019008&livemode=1&stbId=YanG-1989
NewTV 海外剧场,http://[2409:8087:1a01:df::7005]:80/ottrrs.hl.chinamobile.com/PLTV/88888888/224/3221225671/index.m3u8
NewTV 爱情喜剧,http://111.22.153.159:35455/itv/2000000003000000010.m3u8?cdn=hnbblive
赛事睛彩竞技,http://vip.lqcc.xyz:35455/itv/3000000020000011528.m3u8?cdn=FifastbLive
赛事睛彩篮球,http://vip.lqcc.xyz:35455/itv/3000000020000011529.m3u8?cdn=FifastbLive
赛事睛彩竞技,http://vip.lqcc.xyz:35455/itv/3000000020000011530.m3u8?cdn=FifastbLive
赛事睛彩篮球,http://vip.lqcc.xyz:35455/itv/3000000020000011531.m3u8?cdn=FifastbLive
咪咕赛事4k-1,http://vip.lqcc.xyz:35455/itv/3000000010000005180.m3u8?cdn=FifastbLive
咪咕赛事4k-2,http://vip.lqcc.xyz:35455/itv/3000000010000015686.m3u8?cdn=FifastbLive
咪咕赛事播01,http://vip.lqcc.xyz:35455/itv/3000000001000005308.m3u8?cdn=FifastbLive
咪咕赛事播02,http://vip.lqcc.xyz:35455/itv/3000000001000005969.m3u8?cdn=FifastbLive
咪咕赛事播03,http://vip.lqcc.xyz:35455/itv/3000000001000007218.m3u8?cdn=FifastbLive
咪咕赛事播04,http://vip.lqcc.xyz:35455/itv/3000000001000008001.m3u8?cdn=FifastbLive
咪咕赛事播05,http://vip.lqcc.xyz:35455/itv/3000000001000008176.m3u8?cdn=FifastbLive
咪咕赛事播06,http://vip.lqcc.xyz:35455/itv/3000000001000008379.m3u8?cdn=FifastbLive
咪咕赛事播07,http://vip.lqcc.xyz:35455/itv/3000000001000010129.m3u8?cdn=FifastbLive
咪咕赛事播08,http://vip.lqcc.xyz:35455/itv/3000000001000010948.m3u8?cdn=FifastbLive
咪咕赛事播09,http://vip.lqcc.xyz:35455/itv/3000000001000026778.m3u8?cdn=FifastbLive
咪咕赛事播10,http://vip.lqcc.xyz:35455/itv/3000000001000028638.m3u8?cdn=FifastbLive
咪咕赛事播11,http://vip.lqcc.xyz:35455/itv/3000000001000031494.m3u8?cdn=FifastbLive
咪咕赛事播12,http://vip.lqcc.xyz:35455/itv/3000000010000000097.m3u8?cdn=FifastbLive
咪咕赛事播13,http://vip.lqcc.xyz:35455/itv/3000000010000002019.m3u8?cdn=FifastbLive
咪咕赛事播14,http://vip.lqcc.xyz:35455/itv/3000000010000002032.m3u8?cdn=FifastbLive
咪咕赛事播15,http://vip.lqcc.xyz:35455/itv/3000000010000002809.m3u8?cdn=FifastbLive
咪咕赛事播16,http://vip.lqcc.xyz:35455/itv/3000000010000003915.m3u8?cdn=FifastbLive
咪咕赛事播17,http://vip.lqcc.xyz:35455/itv/3000000010000004193.m3u8?cdn=FifastbLive
咪咕赛事播18,http://vip.lqcc.xyz:35455/itv/3000000010000004464.m3u8?cdn=FifastbLive
咪咕赛事播19,http://vip.lqcc.xyz:35455/itv/3000000010000005837.m3u8?cdn=FifastbLive
咪咕赛事播20,http://vip.lqcc.xyz:35455/itv/3000000010000006077.m3u8?cdn=FifastbLive
咪咕赛事播21,http://vip.lqcc.xyz:35455/itv/3000000010000006658.m3u8?cdn=FifastbLive
咪咕赛事播22,http://vip.lqcc.xyz:35455/itv/3000000010000006944.m3u8?cdn=FifastbLive
咪咕赛事播23,http://vip.lqcc.xyz:35455/itv/3000000010000007692.m3u8?cdn=FifastbLive
咪咕赛事播24,http://vip.lqcc.xyz:35455/itv/3000000010000009788.m3u8?cdn=FifastbLive
咪咕赛事播25,http://vip.lqcc.xyz:35455/itv/3000000010000010833.m3u8?cdn=FifastbLive
咪咕赛事播26,http://vip.lqcc.xyz:35455/itv/3000000010000011112.m3u8?cdn=FifastbLive
咪咕赛事播27,http://vip.lqcc.xyz:35455/itv/3000000010000011297.m3u8?cdn=FifastbLive
咪咕赛事播28,http://vip.lqcc.xyz:35455/itv/3000000010000011518.m3u8?cdn=FifastbLive
咪咕赛事播29,http://vip.lqcc.xyz:35455/itv/3000000010000011763.m3u8?cdn=FifastbLive
咪咕赛事播30,http://vip.lqcc.xyz:35455/itv/3000000010000011873.m3u8?cdn=FifastbLive
咪咕赛事播31,http://vip.lqcc.xyz:35455/itv/3000000010000012398.m3u8?cdn=FifastbLive
咪咕赛事播32,http://vip.lqcc.xyz:35455/itv/3000000010000012450.m3u8?cdn=FifastbLive
咪咕赛事播33,http://vip.lqcc.xyz:35455/itv/3000000010000012558.m3u8?cdn=FifastbLive
咪咕赛事播34,http://vip.lqcc.xyz:35455/itv/3000000010000012616.m3u8?cdn=FifastbLive
咪咕赛事播35,http://vip.lqcc.xyz:35455/itv/3000000010000015470.m3u8?cdn=FifastbLive
咪咕赛事播36,http://vip.lqcc.xyz:35455/itv/3000000010000015560.m3u8?cdn=FifastbLive
咪咕赛事播37,http://vip.lqcc.xyz:35455/itv/3000000010000017389.m3u8?cdn=FifastbLive
咪咕赛事播38,http://vip.lqcc.xyz:35455/itv/3000000010000017678.m3u8?cdn=FifastbLive
咪咕赛事播39,http://vip.lqcc.xyz:35455/itv/3000000010000017997.m3u8?cdn=FifastbLive
咪咕赛事播40,http://vip.lqcc.xyz:35455/itv/3000000010000019380.m3u8?cdn=FifastbLive
咪咕赛事播41,http://vip.lqcc.xyz:35455/itv/3000000010000019839.m3u8?cdn=FifastbLive
咪咕赛事播42,http://vip.lqcc.xyz:35455/itv/3000000010000020168.m3u8?cdn=FifastbLive
咪咕赛事播43,http://vip.lqcc.xyz:35455/itv/3000000010000021904.m3u8?cdn=FifastbLive
咪咕赛事播44,http://vip.lqcc.xyz:35455/itv/3000000010000023434.m3u8?cdn=FifastbLive
咪咕赛事播45,http://vip.lqcc.xyz:35455/itv/3000000010000024205.m3u8?cdn=FifastbLive
咪咕赛事播46,http://vip.lqcc.xyz:35455/itv/3000000010000024691.m3u8?cdn=FifastbLive
咪咕赛事播47,http://vip.lqcc.xyz:35455/itv/3000000010000025380.m3u8?cdn=FifastbLive
咪咕赛事播48,http://vip.lqcc.xyz:35455/itv/3000000010000025943.m3u8?cdn=FifastbLive
咪咕赛事播49,http://vip.lqcc.xyz:35455/itv/3000000010000027318.m3u8?cdn=FifastbLive
咪咕赛事播50,http://vip.lqcc.xyz:35455/itv/3000000010000027638.m3u8?cdn=FifastbLive
咪咕赛事播51,http://vip.lqcc.xyz:35455/itv/3000000010000027691.m3u8?cdn=FifastbLive
咪咕赛事播52,http://vip.lqcc.xyz:35455/itv/3000000010000031669.m3u8?cdn=FifastbLive
咪咕赛事播53,http://vip.lqcc.xyz:35455/itv/3000000010000032106.m3u8?cdn=FifastbLive
卡酷少儿,#http://fjcm-2118.live.iptv.darwinchow.com/PLTV/88888888/224/3221227456/index.m3u8
金鹰卡通,http://itv.iptv1688.top:2016/itv.php?id=%E9%87%91%E9%B9%B0%E5%8D%A1%E9%80%9A
优漫卡通,#http://fjcm-2118.live.iptv.darwinchow.com/PLTV/88888888/224/3221227339/index.m3u8
哈哈炫动,#http://fjcm-2117.live.iptv.darwinchow.com/PLTV/88888888/224/3221227335/index.m3u8
嘉佳卡通,#http://fjcm-2118.live.iptv.darwinchow.com/PLTV/88888888/224/3221227498/index.m3u8
黑莓动画,#http://fjcm-2118.live.iptv.darwinchow.com/PLTV/88888888/224/3221227303/index.m3u8
动漫秀场,http://36.129.204.117:9003//hls/67/index.m3u8
新动漫,#http://fjcm-2118.live.iptv.darwinchow.com/PLTV/88888888/224/3221227498/index.m3u8
浙江少儿,https://ali-m-l.cztv.com/channels/lantian/channel008/1080p.m3u8
河北少儿,http://tv.pull.hebtv.com/jishi/shaoerkejiao.m3u8?t=2510710360&k=4ff4446adf3cce3de40dd013255b38b2
黑龙江少儿,http://39.134.182.166/hwltc.tv.cdn.zj.chinamobile.com/PLTV/88888888/224/3221226304/index.m3u8
南京少儿,http://live.nbs.cn/channels/njtv/sepd/nbs23.m3u8
甘肃少儿,https://hls.gstv.com.cn/49048r/922k96.m3u8
宁夏少儿,https://hls.ningxiahuangheyun.com/live/nxse1M.m3u8
内蒙古少儿,https://livestream-bt.nmtv.cn/nmtv/2318general.m3u8?txSecret=%2A%2A%2A&txTime=771E8800
韩国EBS少儿,http://ebsonairios.ebs.co.kr/ebsutablet500k/tablet500k/playlist.m3u8
七龙珠,https://live.ottiptv.cc/huya/11601966
灌篮高手,https://live.ottiptv.cc/yy/1382735626
哆啦A梦,https://live.ottiptv.cc/huya/11601963
猫和老鼠,https://live.ottiptv.cc/huya/11352879
蜡笔小新,https://live.ottiptv.cc/bilibili/30837590
喜羊羊与灰太狼,https://live.ottiptv.cc/huya/23865080
精灵宝可梦,https://live.ottiptv.cc/huya/23749096
名侦探柯南,https://live.ottiptv.cc/huya/30080236
中华小当家,https://live.ottiptv.cc/huya/11342413
周星驰电影,https://live.metshop.top/huya/11342412
林正英电影,https://live.metshop.top/huya/11342421
刘德华电影,https://live.metshop.top/huya/11342424
古天乐电影,https://live.metshop.top/huya/29982675
成龙电影,https://live.metshop.top/huya/11342386
李连杰电影,https://live.metshop.top/huya/11342390
甄子丹电影,https://live.metshop.top/huya/11352935
沈腾电影,https://live.metshop.top/huya/11601968
黄渤电影,https://live.metshop.top/huya/11352876
强森电影,https://live.metshop.top/huya/21059581
王晶电影,https://live.metshop.top/huya/11602058
金庸武侠,https://live.metshop.top/huya/11342435
功夫电影,https://live.metshop.top/huya/11352941
贺岁电影,https://live.metshop.top/huya/11601986
怪兽电影,https://live.metshop.top/huya/21059577
武侠电影,https://live.metshop.top/huya/11342427
玄幻电影,https://live.metshop.top/huya/11342414
罪犯电影,https://live.metshop.top/huya/11352962
战争电影,https://live.metshop.top/huya/21059574
谍战电影,https://live.metshop.top/huya/21059585
枪战电影,https://live.metshop.top/huya/21059579
狄仁杰电影,https://live.metshop.top/huya/30080229
末日电影合集,https://live.ottiptv.cc/yy/1354889019
宇宙科幻合集,https://live.metshop.top/huya/11342428
古装武侠,http://www.goodiptv.club/douyu/2793084
邵氏影院,http://www.goodiptv.club/douyu/4246519
冰冰影剧,http://www.goodiptv.club/douyu/74374
刀刀影院,http://www.goodiptv.club/douyu/747764
华语影视,http://www.goodiptv.club/douyu/3928
斗鱼港剧,http://www.goodiptv.club/douyu/5061550
橙记港剧,http://www.goodiptv.club/douyu/4549169
经典剧集,http://www.goodiptv.club/douyu/6863367
热门港剧,http://www.goodiptv.club/douyu/5522351
贝爷求生,http://www.goodiptv.club/douyu/9661369
延禧攻略,https://live.ottiptv.cc/huya/26355864
琅琊榜,#http://zby.xjqxz.top/lyb/live.m3u8
新三国,https://live.ottiptv.cc/huya/11352944
新水浒传,https://live.ottiptv.cc/huya/11342384
新三国（斗鱼）,https://goodiptv.club/douyu/5908256
少年包青天第一部,https://live.ottiptv.cc/yy/1356043677
少年包青天第三部,https://live.ottiptv.cc/yy/1382736814
神探狄仁杰第一部,https://live.ottiptv.cc/huya/11352958
神探狄仁杰第二部,https://goodiptv.club/douyu/12183882
神探狄仁杰第三部,https://live.ottiptv.cc/huya/11342425
爱情公寓,https://live.ottiptv.cc/huya/11336726
爱情公寓（斗鱼）,https://goodiptv.club/douyu/4105989
亮剑,https://live.ottiptv.cc/huya/30080238
雪豹,https://live.ottiptv.cc/huya/29580970
特种兵之火凤凰,https://live.ottiptv.cc/huya/29982636
士兵突击,https://live.ottiptv.cc/huya/11342430
笑傲江湖,https://live.ottiptv.cc/huya/26355790
神雕侠侣,https://live.ottiptv.cc/huya/11352964
天龙八部,https://live.ottiptv.cc/huya/20985816
倚天屠龙记,https://live.ottiptv.cc/huya/11342403
铁齿铜牙纪晓岚,https://live.ottiptv.cc/huya/11342396
康熙王朝,https://live.ottiptv.cc/huya/11352940
陈情令,https://live.ottiptv.cc/huya/29465862
庆余年,https://live.ottiptv.cc/huya/11352960
鬼吹灯之精绝古城,https://live.ottiptv.cc/huya/11352871
鬼吹灯之怒晴湘西,https://live.ottiptv.cc/huya/11602075
鬼吹灯之龙岭迷窟,https://live.ottiptv.cc/huya/29465863
鬼吹灯之云南虫谷,https://live.ottiptv.cc/huya/11352898
伪装者,https://live.ottiptv.cc/yy/1354936244
西游记后传,https://live.ottiptv.cc/yy/1353392400
隋唐英雄传,https://live.ottiptv.cc/yy/1352475619
仙剑奇侠传,https://live.ottiptv.cc/yy/1382749903
西游记续集,http://www.goodiptv.club/douyu/3113309
我是特种兵之利刃出鞘,https://live.ottiptv.cc/yy/37999586
狂飙,https://live.ottiptv.cc/yy/1355142167
三国演义,https://live.ottiptv.cc/huya/11602081
西游记,https://live.ottiptv.cc/huya/26355861
新白娘子传奇,https://live.ottiptv.cc/yy/1354490667
乌龙闯情关,https://live.ottiptv.cc/huya/26355767
柳舟计,https://live.ottiptv.cc/huya/23860039
与凤行,https://live.ottiptv.cc/huya/26355866
大秦赋,https://live.ottiptv.cc/huya/23903130
永夜星河,https://live.ottiptv.cc/huya/23734169
流水迢迢,https://live.ottiptv.cc/huya/23865036
唐诡之西行,https://live.ottiptv.cc/huya/26355763
玫瑰的故事,https://live.ottiptv.cc/huya/23865142
梦中的那片海,https://live.ottiptv.cc/huya/26355765
知否知否,https://live.ottiptv.cc/yy/21881901
父母爱情,https://live.ottiptv.cc/yy/1354926650
欢乐颂,https://live.ottiptv.cc/yy/1382735624
康熙微服私访记,https://live.ottiptv.cc/huya/11342418
如懿传,https://live.ottiptv.cc/huya/29465868
芈月传,https://live.ottiptv.cc/huya/11352975
楚汉骄雄,https://live.metshop.top/huya/29465854
寻秦记,https://live.metshop.top/huya/29465848
西游记2,https://live.metshop.top/huya/29465859
鹿鼎记,https://live.ottiptv.cc/yy/28265277
大唐双龙传,https://live.metshop.top/huya/29465850
神雕侠侣,http://live.ottiptv.cc/yy/1351762426
天龙八部,https://live.ottiptv.cc/yy/1351814644
倚天屠龙记,https://live.metshop.top/huya/23734246
笑傲江湖,https://live.metshop.top/huya/23865142
活佛济公3,https://live.metshop.top/huya/23903123
无心法师,https://live.metshop.top/huya/30080233
谈判专家,https://live.ottiptv.cc/yy/1382735560
刑事侦缉档案,https://live.metshop.top/huya/29465856
法政先锋,https://live.metshop.top/huya/23863804
洗冤录,https://live.metshop.top/huya/29465851
陀枪师姐,https://live.metshop.top/huya/29465857
使徒行者,https://live.metshop.top/huya/23734256
鉴证实录,https://live.metshop.top/huya/23903183
金枝欲孽,https://live.metshop.top/huya/29465847
扫黄先锋,https://live.metshop.top/huya/29465855
创世纪,https://live.metshop.top/huya/29465852
妙手仁心,https://live.metshop.top/huya/29465853
大时代,https://live.metshop.top/huya/23865161
野蛮亲家,https://live.metshop.top/huya/23863796
笑看风云,https://live.metshop.top/huya/29465858
倩女幽魂妖魔道,http://jsmov2.a.yximgs.com/bs3/video-hls/5232901391302199073_hlsb.m3u8
倩女幽魂人间道,http://jsmov2.a.yximgs.com/bs3/video-hls/5250634317044855747_hlsb.m3u8
倩女幽魂道道道,http://jsmov2.a.yximgs.com/bs3/video-hls/5216294367991385255_hlsb.m3u8
人在囧途,https://vip.ffzy-play.com/20221018/1953_2d6ba500/index.m3u8
人在囧途之泰囧,https://vip.ffzy-play.com/20221018/1951_47e1adc8/index.m3u8
人在囧途之港囧,https://vip.ffzy-play7.com/20230112/11082_fde1a94d/index.m3u8
拆弹专家1,https://vip.ffzy-online.com/20221015/719_80ff87c2/index.m3u8
拆弹专家2,https://vip.ffzy-online.com/20221015/722_e32c42bc/index.m3u8
寒战,https://vip.ffzy-play6.com/20221019/157_bf0740ee/index.m3u8
我不是药神,https://vip.ffzy-play1.com/20221018/478_c3afed66/index.m3u8
让子弹飞,https://vip.ffzy-play7.com/20230116/11563_b9f44814/index.m3u8
龙门飞甲,http://jsmov2.a.yximgs.com/bs3/video-hls/5203346449046555193_hlsb.m3u8
BRTV纪实科教,http://120.76.248.139/live/bfgd/4200000113.m3u8
BRTV卡酷少儿,http://rrs01.hw.gmcc.net:8088/PLTV/81/224/3221226677/1.m3u8
BRTV新闻,http://[2409:8087:1:20:20::2a]/otttv.bj.chinamobile.com/PLTV/88888888/224/3221226437/1.m3u8?GuardEncType=2&accountinfo=~~V2.0~ncK5uEAdYwWMsf8WJWI1mQ~_eNUbgU9sJGUcVVduOMKhafLvQUgE_zlz_7pvDimJNO_LSIQh_h2P54Cz-MqgJqC%2CEND
BRTV影视,https://hsplay-360.v.btime.com/live_btime/btv_sn_20170706_s4/index.m3u8?time=1742954511&sign=5241ba5667bd08639fd195ea9db6da5a
BRTV文艺,https://hsplay-360.v.btime.com/live_btime/btv_sn_20170706_s2/index.m3u8?time=1742954441&sign=36eca1b00f7de9e79ecc4449bcaa35d5
BRTV财经,http://[2409:8087:1:20:20::2a]/otttv.bj.chinamobile.com/PLTV/88888888/224/3221226516/1.m3u8?GuardEncType=2&accountinfo=~~V2.0~h9_SEkmWeMdS1TMnIILZgg~_eNUbgU9sJGUcVVduOMKhafLvQUgE_zlz_7pvDimJNPIiicEW7OIvk1s-X-PXHqO%2CEND
BRTV生活,http://[2409:8087:1:20:20::2a]/otttv.bj.chinamobile.com/PLTV/88888888/224/3221226514/1.m3u8?GuardEncType=2&accountinfo=~~V2.0~s-PVNcPJsjr_oBdcXGT40g~_eNUbgU9sJGUcVVduOMKhafLvQUgE_zlz_7pvDimJNMWvZ0r6eMXcXJOGrCpJiq1%2CEND
BRTV体育休闲,http://smjdenny.eu.org:35455/bptv/10000100000000050000000003870779.m3u8
BRTV国际频道,http://[2409:8087:1:20:20::2a]/otttv.bj.chinamobile.com/PLTV/88888888/224/3221226510/1.m3u8?GuardEncType=2&accountinfo=~~V2.0~IfgL7tTUNqHAIdgvKuwj8A~_eNUbgU9sJGUcVVduOMKhafLvQUgE_zlz_7pvDimJNPr9j5nfyiWS_jEXD6m401A%2CEND
北京4K超清,http://[2409:8087:1:20:20::26]/otttv.bj.chinamobile.com/PLTV/88888888/224/3221226550/1.m3u8?GuardEncType=2&accountinfo=~~V2.0~e2qS8h6u-xp3gd50vNr1sw~_eNUbgU9sJGUcVVduOMKhafLvQUgE_zlz_7pvDimJNPPFD3HVWEytEVyliOxehfe%2CEND
淘BABY,http://[2409:8087:1:20:20::2c]/otttv.bj.chinamobile.com/PLTV/88888888/224/3221226554/1.m3u8?GuardEncType=2&accountinfo=~~V2.0~N0sbBMpQv4sLsW5foy3YfA~_eNUbgU9sJGUcVVduOMKhafLvQUgE_zlz_7pvDimJNNg3bzRax0E9tLmO9xgXVx8%2CEND
萌宠TV,http://[2409:8087:1:20:20::26]/otttv.bj.chinamobile.com/PLTV/88888888/224/3221226555/1.m3u8?GuardEncType=2&accountinfo=~~V2.0~_PpxWPtvSZRFtu_Ged-vQ~_eNUbgU9sJGUcVVduOMKhafLvQUgE_zlz_7pvDimJNO0istnBuoA2R9ODSCqyIyS%2CEND
优优宝贝,http://120.76.248.139/live/bfgd/4200000153.m3u8
中华特产,http://120.76.248.139/live/bfgd/4200000158.m3u8
生态环境,http://120.76.248.139/live/bfgd/4200000149.m3u8
四海钓鱼,http://120.76.248.139/live/bfgd/4200000229.m3u8
车迷频道,http://120.76.248.139/live/bfgd/4200000146.m3u8
环球旅游,http://120.76.248.139/live/bfgd/4200000147.m3u8
纪实人文,http://8.138.7.223/tv/shtv.php?id=xjs
哈哈炫动,http://111.22.153.159:35455/itv/5000000011000031123.m3u8?cdn=bestzb
上海新闻,http://bp-livetytv.bestv.cn/ch/bestvxwzh.m3u8
东方财经,http://111.22.153.159:35455/itv/5000000007000010003.m3u8?cdn=bestzb
第一财经,http://8.138.7.223/tv/shtv.php?id=dycj
东方影视,http://111.22.153.159:35455/itv/5000000010000032212.m3u8?cdn=bestzb
上海都市,http://bp-livetytv.bestv.cn/ch/bestvdspd.m3u8
上海外语,http://111.22.153.159:35455/itv/2000000002000000001.m3u8?cdn=hnbblive
上海教育,http://61.173.144.157:9901/tsfile/live/1007_1.m3u8
崇明电视台,https://pili-live-hls.wdit.com.cn/wditlive/c038f4fafbdf4f97ba74c74ad67259b931ee.m3u8
浙江新闻,https://ali-m-l.cztv.com/channels/lantian/channel007/1080p.m3u8
浙江国际,https://ali-m-l.cztv.com/channels/lantian/channel010/1080p.m3u8
浙江教科,https://ali-m-l.cztv.com/channels/lantian/channel004/1080p.m3u8
浙江少儿,https://ali-m-l.cztv.com/channels/lantian/channel008/1080p.m3u8
浙江民生,https://ali-m-l.cztv.com/channels/lantian/channel006/1080p.m3u8
浙江经济,https://ali-m-l.cztv.com/channels/lantian/channel003/1080p.m3u8
浙江钱江,https://ali-m-l.cztv.com/channels/lantian/channel002/1080p.m3u8
之江纪录,https://ali-m-l.cztv.com/channels/lantian/channel012/1080p.m3u8
萧山综合,http://l.cztvcloud.com/channels/lantian/SXxiaoshan1/720p.m3u8
象山新闻综合,http://l.cztvcloud.com/channels/lantian/SXxiangshan1/720p.m3u8
文成新闻综合,http://l.cztvcloud.com/channels/lantian/SXwencheng1/720p.m3u8
青田电视台,http://l.cztvcloud.com/channels/lantian/SXqingtian1/720p.m3u8
云和新闻综合,http://l.cztvcloud.com/channels/lantian/SXyunhe1/720p.m3u8
金鹰纪实,http://tvbox6.icu/tv/mgtv.php?id=316
金鹰卡通,http://tvbox6.icu/tv/mgtv.php?id=287
茶友频道,http://drive.mxmy.net:8888/udp/239.3.1.165:8001
快乐垂钓,http://drive.mxmy.net:8888/udp/239.3.1.164:8001
湖南爱晚,http://tvbox6.icu/tv/mgtv.php?id=261
湖南爱晚,http://p2.vzan.com/527645544/149039617847513156/live.m3u8
湖南视剧,http://tvbox6.icu/tv/mgtv.php?id=484
湖南电影,http://tvbox6.icu/tv/mgtv.php?id=221
湖南都市,http://tvbox6.icu/tv/mgtv.php?id=346
湖南国际,http://tvbox6.icu/tv/mgtv.php?id=229
湖南经视,http://tvbox6.icu/tv/mgtv.php?id=280
湖南娱乐,http://tvbox6.icu/tv/mgtv.php?id=344
湖南教育,http://222.241.154.37:9901/tsfile/live/23027_1.m3u8
长沙新闻,http://tvbox6.icu/tv/mgtv.php?id=269
长沙政法,http://tvbox6.icu/tv/mgtv.php?id=254
长沙女性,http://tvbox6.icu/tv/mgtv.php?id=230
四川新闻,http://wouu.net:9977/udp/239.93.0.47:5140
峨眉电影,http://wouu.net:9977/udp/239.93.1.54:5140
四川影视文艺,http://wouu.net:9977/udp/239.93.0.166:5140
四川经济,http://wouu.net:9977/udp/239.93.1.101:5140
四川文化旅游,http://wouu.net:9977/udp/239.93.1.102:5140
四川科教,http://182.150.115.21:8030/pcgacg/pcgacg_0.m3u8
四川公共乡村,http://wouu.net:9977/udp/239.93.0.52:5140
四川妇女儿童,http://wouu.net:9977/udp/239.93.0.219:5140
龙泉新闻综合,http://l.cztvcloud.com/channels/lantian/SXlongquan1/720p.m3u8
乐山新闻综合,http://m3u8file.lstv.org.cn/nmip-media/channellive/channel1/playlist.m3u8
乐至综合,http://175.155.106.72:89/live1/live1.m3u8?zsicd=
利州综合,http://tvfile.lzgbdst.com/nmip-media/channellive/channel106876/playlist.m3u8?zsicd=
剑阁综合,https://m3u8.channel.dzsm.com/nmip-media/channellive/channel105549/playlist.m3u8
万源新闻综合,http://live.wanyuannews.com/wytv/hd/live.m3u8?zsicd=
叙州新闻综合,http://pili-live-hls.ybcxjd.com/jdh-live/2108111201035597.m3u8?zsicd=
广元综合,https://m3u8.channel.dzsm.com/nmip-media/channellive/channel100999/playlist.m3u8
广元公共,https://m3u8.channel.dzsm.com/nmip-media/channellive/channel101257/playlist.m3u8
广安公共,http://live1.gatv.com.cn:85/live/GGPD_ggpdzm.m3u8?zsicd=
德阳新闻综合,http://scdytv.cn:1935/live/m_xwpd_livevideo/playlist.m3u8?zsicd=
德阳公共,http://scdytv.cn:1935/live/m_ggpd_livevideo/playlist.m3u8?zsicd=
旺苍新闻综合,http://channel.wcrmt.cn:80/nmip-media/channellive/channel105268/playlist.m3u8
沐川综合,rtmp://tv.mcrm.org.cn:1935/channellive/tv01
沙湾融媒,http://tvfile.swrmt.com:80/nmip-media/channellive/channel100064/playlist.m3u8
金川新闻综合,http://live.jinchuanrmt.com:90/live/zhxw.m3u8?zsicd=
金川乡村,http://live.jinchuanrmt.com:90/live/jcxc.m3u8?zsicd=
青神综合,http://lmt.scqstv.com:80/live1/live1.m3u8
青川综合,http://qcfile.qcrmt.com/nmip-media/channellive/channel100933/playlist.m3u8
雅安新闻综合,https://play.yunxya.com/channellive/xinwen.m3u8
长宁综合,http://cnpull.sccnfb.com:80/live/123456.m3u8
荥经综合,https://m3u8channel-yj.yunxya.com/nmip-media/channellive/channel101140/playlist.m3u8
绵阳科技,http://livepull.myntv.cn:80/rtmp/mykj.m3u8
绵阳综合,http://119.6.59.216:60033/tsfile/live/1007_1.m3u8?key=%2A%2A%2A
筠连综合,http://live.dameijunlian.cn:80/live1/live1.m3u8
甘孜综合,http://tv.drs.ganzitv.com:8100/channellive/gztv.flv
石棉综合,rtmp://tv.yunxya.com:1937/channellive/shimian
汉源综合,http://live.hyxrmt.com:85/live/xwpd.m3u8
攀枝花新闻综合,http://live.pzhkai.com/xwzhtl/sd/live.m3u8
昭化综合,http://live.zhgbtv.cn:3100/hls/kwqtkbbi/index.m3u8
朝天综合,https://m3u8.channel.dzsm.com/nmip-media/channellive/channel104601/playlist.m3u8
辽宁公共,http://dassby.qqff.top:99/live/辽宁公共/index.m3u8
辽宁北方,http://dassby.qqff.top:99/live/辽宁北方/index.m3u8
辽宁影视,http://dassby.qqff.top:99/live/辽宁影视剧/index.m3u8
辽宁青少,http://dassby.qqff.top:99/live/辽宁教育青少/index.m3u8
辽宁生活,http://dassby.qqff.top:99/live/辽宁生活/index.m3u8
辽宁经济,http://dassby.qqff.top:99/live/辽宁经济/index.m3u8
辽宁都市,http://dassby.qqff.top:99/live/辽宁都市/index.m3u8
朝阳新闻综合,http://120.76.248.139/live/bfgd/4200000282.m3u8
辽宁公共,http://120.76.248.139/live/bfgd/4200000077.m3u8
辽宁公共,http://120.76.248.139/live/bfgd/4200000481.m3u8
辽宁北方,http://120.76.248.139/live/bfgd/4200000071.m3u8
辽宁影视剧,http://120.76.248.139/live/bfgd/4200000070.m3u8
辽宁教育青少,http://120.76.248.139/live/bfgd/4200000075.m3u8
辽宁生活,http://120.76.248.139/live/bfgd/4200000073.m3u8
辽宁经济,http://120.76.248.139/live/bfgd/4200000076.m3u8
辽宁经济,http://120.76.248.139/live/bfgd/4200000480.m3u8
辽宁都市,http://120.76.248.139/live/bfgd/4200000068.m3u8
辽宁都市,http://120.76.248.139/live/bfgd/4200000610.m3u8
广东大湾区,http://222.128.55.152:9080/live/dwq.m3u8
广东公共,http://218.13.14.6:60050/tsfile/live/1020_1.m3u8
广东影视,http://119.32.12.17:2901/udp/224.1.100.11:11111
广东少儿,http://119.32.12.17:2901/udp/224.1.100.9:11111
广东经济科教,http://119.32.12.17:2901/udp/224.1.100.6:11111
广州新闻,http://tencentplay.gztv.com/live/xinwen.m3u8?txSecret=%2A%2A%2A&txTime=18d57929bd3
广州法治,http://tencentplay.gztv.com/live/fazhi.m3u8?txSecret=%2A%2A%2A&txTime=18d578f4493
南国都市,http://tencentplay.gztv.com/live/nanguodushi.m3u8?txSecret=%2A%2A%2A&txTime=18d57929bd4
东莞新闻综合,https://stream.sun0769.com/dgrtv1/mp4tv1_800/index.m3u8
东莞生活资讯,https://stream.sun0769.com/dgrtv1/mp4tv2_800/index.m3u8
番禺综合,http://video.epaper.pybtv.cn:8080/live/rtmp_live_demo.flv
河源综合,http://tmpstream.hyrtv.cn/xwzh/sd/live.m3u8
河源公共,http://tmpstream.hyrtv.cn/hygg/sd/live.m3u8
江苏新闻,http://20240504.shunyue1809.com:6321/udp/239.49.8.120:8000
江苏城市,https://stream1.freetv.fun/675206b8446ce719bfb293b5a5296db3aa26521c9810de7c996838247cc56964.ctv
江苏综艺,https://stream1.freetv.fun/f8ef469943662bed2abc6609d9ef1720b9e93a8a0bd6f5789133461e36763f37.m3u8
江苏影视,https://stream1.freetv.fun/a89dd489fa013bc4f36bcc4afe388f1783e2251c276e2566a9359d68a61c6d91.ctv
江苏教育,https://stream1.freetv.fun/7174b4fd66ddb2a7456b7040105dc27a1e57c166593870bb773cb5f6b4546c54.ctv
苏州新闻综合,https://live-auth.51kandianshi.com/szgd/csztv1.m3u8
苏州社会经济,https://live-auth.51kandianshi.com/szgd/csztv2.m3u8
苏州文化生活,https://live-auth.51kandianshi.com/szgd/csztv3.m3u8
苏州生活资讯,https://live-auth.51kandianshi.com/szgd/csztv5.m3u8
武术世界,http://www.lizhinas.top:1009/rtp/239.252.220.180:5140
文物宝库,http://www.lizhinas.top:1009/rtp/239.252.220.158:5140
梨园频道,http://www.lizhinas.top:1009/rtp/239.252.220.179:5140
河南新闻,http://www.cdnstv.com:6398/hls/1114/index.m3u8
河南都市,http://www.lwfz.fun:8800/rtp/239.16.20.164:11640
河南民生,http://www.lwfz.fun:8800/rtp/239.16.20.165:11650
河南乡村,http://www.cdnstv.com:6398/hls/1116/index.m3u8
河南戏曲,http://www.cdnstv.com:6398/hls/1119/index.m3u8
河南法治,http://www.cdnstv.com:6398/hls/1112/index.m3u8
河南电视剧,http://www.cdnstv.com:6398/hls/1113/index.m3u8
收藏天下,http://www.cdnstv.com:6398/hls/1118/index.m3u8
中华功夫,http://www.cdnstv.com:6398/hls/1120/index.m3u
河南电视剧,http://1.94.31.214/php/hntv.php?id=hndsj
河南都市,http://1.94.31.214/php/hntv.php?id=hnds
河南法治,http://1.94.31.214/php/hntv.php?id=hmfz
河南新闻,http://1.94.31.214/php/hntv.php?id=hnxw
河南公共,http://1.94.31.214/php/hntv.php?id=hngg
河南乡村,http://1.94.31.214/php/hntv.php?id=hnxc
河南国际,http://1.94.31.214/php/hntv.php?id=hngj
河南梨园,http://1.94.31.214/php/hntv.php?id=hnly
文物宝库,http://1.94.31.214/php/hntv.php?id=wwbk
武术世界,http://1.94.31.214/php/hntv.php?id=wspd
睛彩中原,http://1.94.31.214/php/hntv.php?id=jczy
移动戏曲,http://1.94.31.214/php/hntv.php?id=ydxj
象视界,http://1.94.31.214/php/hntv.php?id=xsj
河北经济,http://1.94.31.214/php/hebei.php?id=jjsh
河北都市,http://1.94.31.214/php/hebei.php?id=hbds
河北影视,http://1.94.31.214/php/hebei.php?id=hbys
河北少儿,http://1.94.31.214/php/hebei.php?id=sekj
河北公共,http://1.94.31.214/php/hebei.php?id=hbgg
河北农民,http://1.94.31.214/php/hebei.php?id=nmpd
河北睛彩,http://vip.lqcc.xyz:15511/rtp/239.254.200.27:6000
河北杂技,http://vip.lqcc.xyz:15511/rtp/239.254.201.139:7203
邢台综合,http://jwplay.hebyun.com.cn/live/xtsrmtzs/1500k/tzwj_video.m3u8
邢台生活,https://jwcdnqx.hebyun.com.cn/live/xtcsshpd/1500k/tzwj_video.m3u8
石家庄新闻综合,http://nn.7x9d.cn/石家庄.php?id=4
石家庄城市服务,http://nn.7x9d.cn/石家庄.php?id=5
石家庄文化娱乐,http://nn.7x9d.cn/石家庄.php?id=6
邯郸公共频道,https://jwcdnqx.hebyun.com.cn/live/hdgg/1500k/tzwj_video.m3u8
邯郸科技教育,https://jwcdnqx.hebyun.com.cn/live/hdkj/1500k/tzwj_video.m3u8
鹿泉一套,https://jwcdnqx.hebyun.com.cn/live/luquanyi/1500k/tzwj_video.m3u8
鹿泉二套,https://jwcdnqx.hebyun.com.cn/live/luquaner/1500k/tzwj_video.m3u8
昌黎综合,https://jwcdnqx.hebyun.com.cn/live/clzhpd/1500k/tzwj_video.m3u8
西部电影,http://112.46.105.20:8009/hls/62/index.m3u8
新闻咨询,http://112.46.105.20:8009/hls/18/index.m3u8
都市青春,http://112.46.105.20:8009/hls/19/index.m3u8
陕西银龄,http://112.46.105.20:8009/hls/20/index.m3u8
陕西秦腔,http://112.46.105.20:8009/hls/22/index.m3u8
乐家购物,http://112.46.105.20:8009/hls/23/index.m3u8
西安新闻,http://112.46.105.20:8009/hls/28/index.m3u8
西安都市,http://112.46.105.20:8009/hls/29/index.m3u8
长影频道,http://tpc.x3322.net:9901/tsfile/live/1010_1.m3u8
安徽影视,http://112.30.194.221:20080/live/d18ff95cb1fb4bbcb56215e189fc12be/hls.m3u8
安徽经济生活,http://112.30.194.221:20080/live/eac499adad7b49ff9cfa79ba84693959/hls.m3u8
湖北综合,http://[2409:8087:4c0a:22:1::11]:6410/170000001115/UmaiCHAN638072216f7da/index.m3u8?AuthInfo=%2A%2A%2A
湖北影视,http://58.48.37.158:1111/tsfile/live/1000_1.m3u8?key=%2A%2A%2A&playlive=1&authid=%2A%2A%2A
湖北教育,http://[2409:8087:4c0a:22:1::11]:6410/170000001115/UmaiCHAN638072a6cbbf6/index.m3u8?AuthInfo=%2A%2A%2A
湖北生活,http://[2409:8087:4c0a:22:1::11]:6410/170000001115/UmaiCHAN638072c62e405/index.m3u8?AuthInfo=%2A%2A%2A
湖北公共新闻,http://58.48.37.158:1111/tsfile/live/1001_1.m3u8?key=%2A%2A%2A&playlive=1&authid=%2A%2A%2A
湖北经视,http://58.48.37.158:1111/tsfile/live/0019_1.m3u8?key=%2A%2A%2A&playlive=1&authid=%2A%2A%2A
湖北垄上,http://[2409:8087:4c0a:22:1::11]:6410/170000001115/UmaiCHAN638072463c333/index.m3u8?AuthInfo=%2A%2A%2A
武汉新闻综合,http://stream.appwuhan.com/1tzb/sd/live.m3u8
武汉电视剧,http://stream.appwuhan.com/2tzb/sd/live.m3u8
武汉科技生活,http://stream.appwuhan.com/3tzb/sd/live.m3u8
武汉经济,http://stream.appwuhan.com/4tzb/sd/live.m3u8
武汉文体,http://stream.appwuhan.com/5tzb/sd/live.m3u8
武汉外语,http://stream.appwuhan.com/6tzb/sd/live.m3u8
江夏新闻综合,http://59.175.226.142:280/gb28181/xwzh.m3u8?zhubd=
十堰新闻,http://p8.vzan.com/slowlive/034028687228317362/live.m3u8
海峡卫视,http://8.138.7.223/tv/hxws.m3u8
厦门卫视,http://8.138.7.223/tv/fjtv1.php?id=xmws
福建综合,http://8.138.7.223/tv/fjtv1.php?id=fjzh
福建新闻,http://8.138.7.223/tv/fjtv1.php?id=fjxw
福建乡村振兴公共,http://8.138.7.223/tv/fjtv1.php?id=fjxc
福建电视剧,http://8.138.7.223/tv/fjtv1.php?id=fjdsj
福建旅游,http://8.138.7.223/tv/fjtv1.php?id=fjly
福建经济,http://8.138.7.223/tv/fjtv1.php?id=fjjj
福建少儿,http://8.138.7.223/tv/fjtv1.php?id=fjse
福州新闻综合,http://8.138.7.223/tv/fjtv1.php?id=fz1
漳州新闻综合,http://8.138.7.223/tv/fjtv1.php?id=zz1
泉州新闻综合,http://8.138.7.223/tv/fjtv1.php?id=qz1
三明综合,http://8.138.7.223/tv/fjtv1.php?id=sm1
莆田综合,http://8.138.7.223/tv/fjtv1.php?id=pt1
南平综合,http://8.138.7.223/tv/fjtv1.php?id=np1
龙岩综合,http://8.138.7.223/tv/fjtv1.php?id=ly1
宁德新闻综合,http://8.138.7.223/tv/fjtv1.php?id=nd1
平潭综合,http://8.138.7.223/tv/fjtv1.php?id=pttv
海南自贸,http://nn.7x9d.cn/地方台8563/海南.php?id=jjpd
海南新闻,http://nn.7x9d.cn/地方台8563/海南.php?id=xwpd
海南公共,http://nn.7x9d.cn/地方台8563/海南.php?id=ggpd
海南文旅,http://nn.7x9d.cn/地方台8563/海南.php?id=wlpd
海南少儿,http://nn.7x9d.cn/地方台8563/海南.php?id=sepd
黑龙江新闻法治,http://[2409:8087:1a01:df::7005]/ottrrs.hl.chinamobile.com/PLTV/88888888/224/3221226330/index.m3u8
黑龙江公共农村,http://ottrrs.hl.chinamobile.com/PLTV/88888888/224/3221225994/index.m3u8
黑龙江文体,http://[2409:8087:1a01:df::7005]/ottrrs.hl.chinamobile.com/PLTV/88888888/224/3221226239/index.m3u8
黑龙江都市,http://[2409:8087:1a01:df::7005]/ottrrs.hl.chinamobile.com/PLTV/88888888/224/3221226301/index.m3u8
黑龙江少儿,http://[2409:8087:1a01:df::7005]/ottrrs.hl.chinamobile.com/PLTV/88888888/224/3221226304/index.m3u8
黑龙江影视,http://[2409:8087:1a01:df::7005]/ottrrs.hl.chinamobile.com/PLTV/88888888/224/3221226298/index.m3u8
哈尔滨新闻综合,http://stream.hrbtv.net/xwzh/sd/live.m3u8?zheild=
哈尔滨影视,http://stream.hrbtv.net/yspd/sd/live.m3u8?zheild=
哈尔滨生活,http://stream.hrbtv.net/shpd/sd/live.m3u8?zheild=
哈尔滨娱乐,http://stream.hrbtv.net/ylpd/sd/live.m3u8?zheild=
哈尔滨都市咨询,http://stream.hrbtv.net/zxpd/sd/live.m3u8?zheild=
七台河新闻综合,http://live.qthnews.org.cn:1935/live/live1/800k/tzwj_video.m3u8
七台河民生社教,http://live.qthnews.org.cn:1935/live/live2/800k/tzwj_video.m3u8
内蒙新闻,https://livestream-bt.nmtv.cn/nmtv/2316general.m3u8?txSecret=%2A%2A%2A&txTime=771E8800
内蒙经济,https://livestream-bt.nmtv.cn/nmtv/2317general.m3u8?txSecret=%2A%2A%2A&txTime=771E8800
内蒙少儿,https://livestream-bt.nmtv.cn/nmtv/2318general.m3u8?txSecret=%2A%2A%2A&txTime=771E8800
内蒙文体,https://livestream-bt.nmtv.cn/nmtv/2319general.m3u8?txSecret=%2A%2A%2A&txTime=771E8800
内蒙农牧,https://livestream-bt.nmtv.cn/nmtv/2320general.m3u8?txSecret=%2A%2A%2A&txTime=771E8800
蒙语卫视,https://livestream-bt.nmtv.cn/nmtv/2315general.m3u8?txSecret=%2A%2A%2A&txTime=771EF880
蒙语文化,https://livestream-bt.nmtv.cn/nmtv/2321general.m3u8?txSecret=%2A%2A%2A&txTime=771E8800
呼市新闻综合,https://livestream-bt.nmtv.cn/nmtv/2331general.m3u8?txSecret=%2A%2A%2A&txTime=771E8800
包头新闻综合,https://livestream-bt.nmtv.cn/nmtv/2358general.m3u8?txSecret=%2A%2A%2A&txTime=771E8800
鄂尔多斯新闻,https://livestream-bt.nmtv.cn/nmtv/2349general.m3u8?txSecret=%2A%2A%2A&txTime=771E8800
巴彦淖尔新闻,https://livestream-bt.nmtv.cn/nmtv/2348general.m3u8?txSecret=%2A%2A%2A&txTime=771E8800
赤峰新闻综合,https://livestream-bt.nmtv.cn/nmtv/2351general.m3u8?txSecret=%2A%2A%2A&txTime=771E8800
乌兰察布新闻,https://livestream-bt.nmtv.cn/nmtv/2354general.m3u8?txSecret=%2A%2A%2A&txTime=771E8800
黄河电视台,http://liveflash.sxrtv.com/live/huanghe.m3u8?sub_m3u8=true&edge_slice=true
山西经济与科技,http://liveflash.sxrtv.com/live/sxfinance.m3u8?sub_m3u8=true&edge_slice=true
山西影视,http://liveflash.sxrtv.com/live/sxfilm.m3u8?sub_m3u8=true&edge_slice=true
山西社会与法治,http://liveflash.sxrtv.com/live/sxedu.m3u8?sub_m3u8=true&edge_slice=true
山西文体生活,http://liveflash.sxrtv.com/live/sxpublic.m3u8?sub_m3u8=true&edge_slice=true
宁夏公共,https://hls.ningxiahuangheyun.com/live/nxgg1M.m3u8
宁夏经济,https://hls.ningxiahuangheyun.com/live/nxjj1M.m3u8
宁夏少儿,https://hls.ningxiahuangheyun.com/live/nxse1M.m3u8
宁夏文旅,https://hls.ningxiahuangheyun.com/live/nxwl1M.m3u8
甘肃经济,https://hls.gstv.com.cn/49048r/10iv1j.m3u8
甘肃公共应急,https://hls.gstv.com.cn/49048r/3t5xyc.m3u8
甘肃都市,https://hls.gstv.com.cn/49048r/l54391.m3u8
甘肃少儿,https://hls.gstv.com.cn/49048r/922k96.m3u8
甘肃文化影视,https://hls.gstv.com.cn/49048r/w1l6d5.m3u8
赣州新闻,https://pili-live-hls-sjxgz2024.sobeylive.com/jxgz2024/396_q_live172526329228525.m3u8
赣州新闻综合,http://play-live-hls.jxtvcn.com.cn/live/tv_ganzhou.m3u8
赣州公共,https://pili-live-hls-sjxgz2024.sobeylive.com/jxgz2024/396_q_live172526334096251.m3u8
赣州教育,https://pili-live-hls-sjxgz2024.sobeylive.com/jxgz2024/396_q_live172526335287668.m3u8
1983年春晚,http://txmov2.a.kwimgs.com/bs3/video-hls/5207287136834522947_hlshd15.m3u8
1984年春晚,https://txmov2.a.kwimgs.com/bs3/video-hls/5229242184269609742_hlshd15.m3u8
1985年春晚,http://txmov2.a.kwimgs.com/bs3/video-hls/5227271857652377954_hlshd15.m3u8
1986年春晚,https://txmov2.a.kwimgs.com/bs3/video-hls/5231493982164619599_hlshd15.m3u8
1987年春晚,https://txmov2.a.kwimgs.com/bs3/video-hls/5195746663405928031_hlsb.m3u8
1988年春晚,https://txmov2.a.kwimgs.com/bs3/video-hls/5216575810935394655_hlsb.m3u8
1989年春晚,https://txmov2.a.kwimgs.com/bs3/video-hls/5194620763762726260_hlsb.m3u8
1992年春晚,https://txmov2.a.kwimgs.com/bs3/video-hls/5256826755663896297_hlshd15.m3u8
1993年春晚,https://alimov2.a.kwimgs.com/upic/2023/01/13/22/BMjAyMzAxMTMyMjEwMDNfNDAzMDAxOTlfOTM1MTIzMzYwODJfMF8z_b_B647d10e431b4cc5e48e6c77347d69021.mp4
1994年春晚,https://alimov2.a.kwimgs.com/upic/2023/01/13/22/BMjAyMzAxMTMyMjEwMDNfNDAzMDAxOTlfOTM1MTIzMzYxMjNfMF8z_b_B3dde97f36273f04403d4dc5eec611a35.mp4
1995年春晚,https://alimov2.a.kwimgs.com/upic/2023/01/13/20/BMjAyMzAxMTMyMDA5MjJfNDAzMDAxOTlfOTM0OTkwNDQwNzVfMF8z_b_B811c0dec6b9a3d3074a18522c185010a.mp4
1996年春晚,https://alimov2.a.kwimgs.com/upic/2023/01/13/22/BMjAyMzAxMTMyMjEwMDNfNDAzMDAxOTlfOTM1MTIzMzYxNTJfMF8z_b_Bd841eae10ab1c9955ef55fbedfae6c45.mp4
1997年春晚,https://txmov2.a.kwimgs.com/bs3/video-hls/5230649583590411879_hlshd15.m3u8
1998年春晚,https://txmov2.a.kwimgs.com/bs3/video-hls/5225864507896315430_hlshd15.m3u8
1999年春晚,https://txmov2.a.kwimgs.com/bs3/video-hls/5258234133675308186_hlshd15.m3u8
2000年春晚,https://alimov2.a.kwimgs.com/upic/2023/01/13/21/BMjAyMzAxMTMyMTE4MzRfNDAzMDAxOTlfOTM1MDY4ODIxMTNfMF8z_b_Bdddf4e7ef0ff6cfd477857bb40e78419.mp4
2001年春晚,https://alimov2.a.kwimgs.com/upic/2023/01/13/20/BMjAyMzAxMTMyMDA5MjJfNDAzMDAxOTlfOTM0OTkwNDQyMDFfMF8z_b_B70592cb7c4054e9cabb675e849bbf4bd.mp4
2002年春晚,https://alimov2.a.kwimgs.com/upic/2023/01/13/21/BMjAyMzAxMTMyMTE4MzRfNDAzMDAxOTlfOTM1MDY4ODIxNDdfMF8z_b_Ba6271d10b7e6cfae83759033a091f257.mp4
2003年春晚,https://alimov2.a.kwimgs.com/upic/2023/01/14/23/BMjAyMzAxMTQyMzQxNDdfNDAzMDAxOTlfOTM2MTU0MTk1NDFfMF8z_b_B182749d2cd2ea9323639254af385f24b.mp4
2004年春晚,https://alimov2.a.kwimgs.com/upic/2023/01/13/21/BMjAyMzAxMTMyMTE4MzRfNDAzMDAxOTlfOTM1MDY4ODIxOTVfMF8z_b_B86c4430b82ff5a7f4e8132f6ee558536.mp4
2005年春晚,https://alimov2.a.kwimgs.com/upic/2023/01/13/20/BMjAyMzAxMTMyMDA5MjJfNDAzMDAxOTlfOTM0OTkwNDQyMzhfMF8z_b_B35ad7cc86aec8fc9e5ddfb31fc7bed63.mp4
2006年春晚,https://alimov2.a.kwimgs.com/upic/2023/01/13/20/BMjAyMzAxMTMyMDA5MjJfNDAzMDAxOTlfOTM0OTkwNDQyNzlfMF8z_b_Bbc3703fc331dc994c50859c19aad28ff.mp4
2007年春晚,https://alimov2.a.kwimgs.com/upic/2023/01/13/20/BMjAyMzAxMTMyMDA5MjJfNDAzMDAxOTlfOTM0OTkwNDQzMjNfMF8z_b_B00b069c7899976459ceeaa99353dfefe.mp4
2008年春晚,https://txmov2.a.kwimgs.com/bs3/video-hls/5210946337266019890_hlshd15.m3u8
2009年春晚,https://alimov2.a.kwimgs.com/upic/2023/01/13/20/BMjAyMzAxMTMyMDA5MjJfNDAzMDAxOTlfOTM0OTkwNDQzOTBfMF8z_b_B29a36a85e0277f6c2a1f033ef7c10708.mp4
2010年春晚,https://alimov2.a.kwimgs.com/upic/2023/01/13/20/BMjAyMzAxMTMyMDA5MjJfNDAzMDAxOTlfOTM0OTkwNDQ0MjlfMF8z_b_B8818807a00eed329a69fb494f405bd43.mp4
2011年春晚,https://txmov2.a.kwimgs.com/bs3/video-hls/5243597434070590481_hlshd15.m3u8
2012年春晚,https://txmov2.a.kwimgs.com/bs3/video-hls/5219953534755647343_hlshd15.m3u8
2013年春晚,https://alimov2.a.kwimgs.com/upic/2023/01/13/20/BMjAyMzAxMTMyMDA5MjJfNDAzMDAxOTlfOTM0OTkwNDQ1NjNfMF8z_b_B4fea55408dca4471a68a963ae096be59.mp4
2014年春晚,https://alimov2.a.kwimgs.com/upic/2023/01/06/16/BMjAyMzAxMDYxNjMxMTNfNDAzMDAxOTlfOTI4OTY2ODAzNjlfMF8z_b_Bdee65c77f9e7b2120a185c919dad81d2.mp4
2015年春晚,https://txmov2.a.kwimgs.com/bs3/video-hls/5248101009010430183_hlshd15.m3u8
2016年春晚,https://txmov2.a.kwimgs.com/bs3/video-hls/5238530884094441260_hlshd15.m3u8
2017年春晚,https://txmov2.a.kwimgs.com/bs3/video-hls/5191524564569524830_hlshd15.m3u8
2018年春晚,https://alimov2.a.kwimgs.com/upic/2023/01/06/16/BMjAyMzAxMDYxNjMxMTRfNDAzMDAxOTlfOTI4OTY2ODE2MTBfMF8z_b_B11a778e34390a21de42d407e94f45b91.mp4
2019年春晚,https://alimov2.a.kwimgs.com/upic/2023/01/06/16/BMjAyMzAxMDYxNjMxMTRfNDAzMDAxOTlfOTI4OTY2ODE2MTBfMF8z_b_B11a778e34390a21de42d407e94f45b91.mp4
2020年春晚,https://txmov2.a.kwimgs.com/bs3/video-hls/5222205336887088723_hlshd15.m3u8
2021年春晚,https://txmov2.a.kwimgs.com/bs3/video-hls/5255700831151909807_hlshd15.m3u8
2022年春晚,https://txmov2.a.kwimgs.com/bs3/video-hls/5224457109297710655_hlshd15.m3u8
2023年春晚,https://txmov2.a.kwimgs.com/bs3/video-hls/5251197255879398624_hlshd15.m3u8
2024年春晚,https://p2.bdstatic.com/rtmp.liveshow.lss-user.baidubce.com/live/stream_bduid_6488563992_8982723413/merged_1707497046297_88536_25144_41936.m3u8
2025年春晚,https://svipsvip.ffzyread1.com/20250129/35458_c988286f/index.m3u8
2025年春晚 4K,https://svip.high24-playback.com/20250129/17159_7bca93c4/2000k/hls/mixed.m3u8
BBC,http://fl2.moveonjoy.com/BBC_WORLD_NEWS/index.m3u8
CNA,https://d2e1asnsl7br7b.cloudfront.net/7782e205e72f43aeb4a48ec97f66ebbe/index_5.m3u8
CNN,https://jmp2.uk/sam-GBBD8000016N.m3u8
Fox LiveNow,https://jmp2.uk/sam-USBA300024TN.m3u8
CBC News,https://dbrb49pjoymg4.cloudfront.net/v1/master/3fec3e5cac39a52b2132f9c66c83dae043dc17d4/prod_default_xumo-ams-aws/master.m3u8?ads.xumo_channelId=99991276
ABC News Live,https://d4ybyqrhce41r.cloudfront.net/v1/master/3fec3e5cac39a52b2132f9c66c83dae043dc17d4/prod-xumo-linear-nbcu-hlsv3/master.m3u8?ads.channelId=99991626
WionNews,https://d7x8z4yuq42qn.cloudfront.net/index_7.m3u8
NHK World,https://nhkwlive-ojp.akamaized.net/hls/live/2003459/nhkwlive-ojp-en/index.m3u8
NBC News Now,https://jmp2.uk/sam-GBBB1500004LG.m3u8
Sky News,https://i.mjh.nz/SamsungTVPlus/USBB52000022Q.m3u8
Al Jazeera,http://live-hls-web-aje.getaj.net/AJE/01.m3u8
Arirang,https://amdlive-ch01-ctnd-com.akamaized.net/arirang_1ch/smil:arirang_1ch.smil/chunklist_b3256000_sleng.m3u8
日本全天新闻,https://n24-cdn-live.ntv.co.jp/ch01/index_high.m3u8
TRT World,https://tv-trtworld.live.trt.com.tr/master_1080.m3u8
AXS TV Now,https://dikcfc9915kp8.cloudfront.net/hls/1080p/playlist.m3u8
Bloomberg Asia,https://epg.pw/stream/d2edf469b9079064a283f4b0811cbf6f2597ebbb3d08dcf77036a4b5a791b7cf.m3u8
Bloomberg Originals,https://i.mjh.nz/SamsungTVPlus/GBBC900012J9.m3u8
Fashion TV,http://91.247.68.229:8000/play/Fashion/index.m3u8
Trace Sports,https://lightning-tracesport-samsungau.amagi.tv/playlist1080p.m3u8
RT News（英语国际）,https://rt-glb.rttv.com/dvr/rtnews/playlist_4500Kb.m3u8
RT Español（西语）,https://rt-esp.rttv.com/dvr/rtesp/playlist_4500Kb.m3u8
RT Français（法语）,https://rt-fra.rttv.com/dvr/rtfrance/playlist_4500Kb.m3u8
RT Arabic（阿语）,https://rt-arb.rttv.com/dvr/rtarab/playlist_4500Kb.m3u8
RT DE（德语）,https://rt-ger.rttv.com/dvr/rtdeutsch/playlist_4500Kb.m3u8
RT Balkan （塞尔维亚语）,https://rt-srb.rttv.com/dvr/rtbalkan/playlist_4500Kb.m3u8
RT Documentary（英语纪录）,https://rt-rtd.rttv.com/dvr/rtdoc/playlist_4500Kb.m3u8
RT Doc-Русский（俄语纪录）,https://rt-doc.rttv.com/dvr/rtdru/rtdru1080.m3u8
SKY,http://streamsy.online:2999/coachj88/N93DPKS9pJ/330
KBS world,https://kbsworld-ott.akamaized.net/hls/live/2002341/kbsworld/master.m3u8
FIFA+,https://i.mjh.nz/SamsungTVPlus/USBD12000255B.m3u8
Newsmax,http://nmxlive.akamaized.net/hls/live/529965/Live_1/index.m3u8
Dubai One,http://dminnvll.cdn.mangomolo.com/dubaione/smil:dubaione.stream.smil/chunklist_b1800000.m3u8
CBN News,https://bcovlive-a.akamaihd.net/re8d9f611ee4a490a9bb59e52db91414d/us-east-1/734546207001/playlist.m3u8
GB News,https://i.mjh.nz/SamsungTVPlus/GBBB1600008R3.m3u8
TBS,http://143.244.60.30/TBS/index.m3u8
Taiwan Plus,https://bcovlive-a.akamaihd.net/rce33d845cb9e42dfa302c7ac345f7858/ap-northeast-1/6282251407001/playlist.m3u8
ION Plus,https://i.mjh.nz/SamsungTVPlus/USBD300003LK.m3u8
ION,https://i.mjh.nz/SamsungTVPlus/USBD300002TU.m3u8
Love Nature,https://d18dyiwu97wm6q.cloudfront.net/playlist2160p.m3u8
Disney International,http://sansat.net:88/HhPRf2nAlsVeRU9/AnzgPldGC8OHsyY/96284
Fight Network,https://d12a2vxqkkh1bo.cloudfront.net/hls/1080p/playlist.m3u8
&Flix HD,http://89.187.177.137:8081/&FLIX/index.m3u8
Wild Earth,https://wildearth-plex.amagi.tv/masterR1080p.m3u8
Wild Planet,https://i.mjh.nz/SamsungTVPlus/GBBB5000002PL.m3u8
Clarity 4K,https://i.mjh.nz/SamsungTVPlus/USBA3800005NI.m3u8
Stadium,https://i.mjh.nz/SamsungTVPlus/USAJ3504705A.m3u8
Pop,http://streamsy.online:2999/coachj88/N93DPKS9pJ/226
Tastemade,https://i.mjh.nz/SamsungTVPlus/CABD1200002T9.m3u8
MovieSphere,https://i.mjh.nz/SamsungTVPlus/USBD17000117B.m3u8
The Lego Channel,https://i.mjh.nz/SamsungTVPlus/GBBC4300005AL.m3u8
NextUp Live Comedy,https://i.mjh.nz/SamsungTVPlus/GBBD1100012JB.m3u8
Ando TV (1080p),http://play.kankanlive.com/live/1711956137852982.m3u8
Anshun Comprehensive News Channel,https://hplayer1.juyun.tv/camera/154379194.m3u8
Beijing Traffic Radio TV [Geo-blocked],http://123.56.24.28:1935/live/fm1039/96K/tzwj_video.m3u8
Beijing Youth Radio [Geo-blocked],http://audiolive.rbc.cn:1935/live/am927/96K/tzwj_video.m3u8
Bread TV面包台 (720p),https://video.bread-tv.com:8091/hls-live24/online/index.m3u8
BRTV Kaku Childrens Channel,http://223.111.191.105/downflv.brtvcloud.com/kkkkasd/winfr.m3u8
CCTV-4K (1080p),http://198.204.240.250:82/live/cctv4k.m3u8
CCTV-8K (1080p),http://192.151.150.154/live/cctv8k.m3u8
CCTV-8K (1080p),http://198.204.240.250:82/live/cctv8k.m3u8
CGTN (1080p),https://amg00405-rakutentv-cgtn-rakuten-i9tar.amagi.tv/master.m3u8
CGTN (1080p),https://english-livebkali.cgtn.com/live/encgtn.m3u8
CGTN (720p),https://0472.org/hls/cgtn.m3u8
CGTN Documentary (1080p),https://amg00405-rakutentv-cgtndocumentary-rakuten-0ql8j.amagi.tv/master.m3u8
CGTN French (1080p),http://145.239.5.177/214/index.m3u8
CGTN Spanish (720p),http://45.165.82.19/test/index.m3u8
Chifeng Comprehensive News Chanel,http://play1-qk.nmtv.cn/live/1735546697341033.m3u8
CND Film Middle School Channel,http://live2.rxip.sc96655.com/live/zxs_4000.m3u8?A=&E=&K=&P=&S=&U=
CND Film Middle School Channel,http://live-play.zxstv.com.cn/zhongxuesheng/zhongxuesheng.m3u8
Dragon TV International,https://restream.pdtvhd.com/memfs/0b1b95c9-3543-4af9-9fdb-cf45f1602f17.m3u8
Foshan News TV,http://dslive.grtn.cn/fszh/sd/live.m3u8
Golden Eagle Cartoon,http://1.24.190.98:10080/hls/51/index.m3u8
Harbin Comprehensive News Channel,https://stream.hrbtv.net/xwzh/playlist.m3u8?_upt=ef41dd531755913594
Harbin Movie Channel,https://stream.hrbtv.net/yspd/playlist.m3u8
Jiangsu Public & News Channel,https://jiangning-tv-playing-t.cm.jstv.com/jiangning-tv/jnxwzh.m3u8
Jiangxi Children's Channel,https://play-live-hls.jxtvcn.com.cn/live-city/tv_jxtv6.m3u8
Jiangxi City Channel,https://play-live-hls.jxtvcn.com.cn/live-city/tv_jxtv2.m3u8
Jiangxi Economy & Life Channel,https://play-live-hls.jxtvcn.com.cn/live-city/tv_jxtv3.m3u8
Jiangxi Movie Channel,https://play-live-hls.jxtvcn.com.cn/live-city/tv_jxtv4.m3u8
Jiangxi Public & Agriculture Channel,https://play-live-hls.jxtvcn.com.cn/live-city/tv_jxtv5.m3u8
Jilin City Channel,https://lsfb.avap.jilintv.cn/zqvk7vpj/channel/7e8474e6daea44ccaa5aa2300191439e/index.m3u8
Jilin Lifestyle Channel,https://lsfb.avap.jilintv.cn/zqvk7vpj/channel/0a76740c72b74fabae611845aa21e06a/index.m3u8
Jilin Movie Channel,https://lsfb.avap.jilintv.cn/zqvk7vpj/channel/906341e6f19b4c4bacdc89941eb85d12/index.m3u8
Jilin Rural Channel,https://lsfb.avap.jilintv.cn/zqvk7vpj/channel/3ffc4824dce54b92be185555923ce382/index.m3u8
Lanzhou Comprehensive News Channel,https://liveplus.lzr.com.cn/xwzh/HD/live.m3u8
Lanzhou Culture & Tourism Channel,https://liveplus.lzr.com.cn/wlpd/HD/live.m3u8
Liangshan TV [Not 24/7],http://118.122.2.29:9999/hls/47/index.m3u8
Nanchang News & Generalist Channel,https://play-live-hls.jxtvcn.com.cn/live-city/tv_nanchang.m3u8
Nei Monggol TV 2 Mongolian Culture Channel (1080i) [Not 24/7],http://play1-qk.nmtv.cn/live/1769652109096027.m3u8
Nei Monggol TV 2 Mongolian Culture Channel,http://1.24.190.98:10080/hls/40/index.m3u8
QTV-1,http://video10.qtv.com.cn/drm/qtv1at/manifest.m3u8
QTV-2,http://video10.qtv.com.cn/drm/qtv2at/manifest.m3u8
QTV-3,http://video10.qtv.com.cn/drm/qtv3at/manifest.m3u8
QTV-4,http://video10.qtv.com.cn/drm/qtv4at/manifest.m3u8
QTV-5,http://video10.qtv.com.cn/drm/qtv5at/manifest.m3u8
QTV-6,http://video10.qtv.com.cn/drm/qtv6at/manifest.m3u8
Siping TV,http://stream2.jlntv.cn/sptv/sd/live.m3u8?_upt=f27750421743154598
Tonghua TV (1080p),http://lsfb.avap.jilintv.cn/zqvk7vpj/channel/43ea5771aa44421591f9dfd2b71f1b9b/index.m3u8
Tonghua TV (1080p),https://lsfb.avap.jilintv.cn/zqvk7vpj/channel/43ea5771aa44421591f9dfd2b71f1b9b/index.m3u8
VOA美国之音 (1080p),https://voa-ingest.akamaized.net/hls/live/2033878/tvmc08/playlist.m3u8
Xinjiang TV 1,https://klmysjtzb.rcsxzx.com/hls/klmy2.m3u8
Xinjiang TV 2,http://110.153.180.106:55555/out_3/index.m3u8
Xinjiang TV 2,http://222.80.13.33:4022/udp/238.125.3.175:5140
Xinjiang TV 2,https://hls.quklive.com/live/play-sh-21.quklive.com/1777511615189085.m3u8?auth_key=%2A%2A%2A
Xinjiang TV 3,http://110.153.180.106:55555/out_2/index.m3u8
Xinjiang TV 3,http://120.70.60.179:9901/tsfile/live/1006_1.m3u8?authid=%2A%2A%2A&key=%2A%2A%2A&playlive=1
Xinjiang TV 3,http://218.84.35.38:3000/m3u8/live/tctv-2/index.m3u8
Xinjiang TV 3,https://st-video.xjmty.com/fs/livedit/e55abfa37af26e19/8ce9971c2177b3dd.m3u8
Xinjiang TV 8,http://120.70.60.179:9901/tsfile/live/1002_1.m3u8?authid=%2A%2A%2A&key=%2A%2A%2A&playlive=1
Zhejiang TV International,https://ali-m-l.cztv.com/channels/lantian/channel10/1080p.m3u8
万州三峡移民 (576p) [Not 24/7],http://123.146.162.24:8013/tslslive/PU2vzMI/hls/live_sd.m3u8
万州影视 (576p) [Not 24/7],http://123.146.162.24:8013/tslslive/vWlnEzU/hls/live_sd.m3u8
万州综合 (576p) [Not 24/7],http://123.146.162.24:8013/tslslive/noEX9SG/hls/live_sd.m3u8
上虞1新闻综合 (720p) [Not 24/7],https://l.cztvcloud.com/channels/lantian/SXshangyu1/720p.m3u8
上虞3新商都 (720p) [Not 24/7],https://l.cztvcloud.com/channels/lantian/SXshangyu3/720p.m3u8
上虞經濟文化 (720p) [Not 24/7],https://l.cztvcloud.com/channels/lantian/SXshangyu2/720p.m3u8
中国气象 (576p) [Not 24/7],http://hls.weathertv.cn/tslslive/qCFIfHB/hls/live_sd.m3u8
之江纪录,https://ali-m-l.cztv.com/channels/lantian/channel012/1080p.m3u8
乐清新闻 [Geo-blocked],http://33809.hlsplay.aodianyun.com/guangdianyun_33809/tv_channel_170.m3u8
乐清生活 [Geo-blocked],http://33809.hlsplay.aodianyun.com/guangdianyun_33809/tv_channel_171.m3u8
云南 Ⅰ 文山公共台 (1080p),http://tvdrs.wsrtv.com.cn:8100/channellive/ch2.flv
云南 Ⅰ 文山综合台 (1080p) [Not 24/7],http://tvdrs.wsrtv.com.cn:8100/channellive/ch1.flv
交城電視台 (576p),http://sxjc.chinashadt.com:2036/live/stream:jctv.stream/playlist.m3u8
京视剧场 (576p),http://223.110.245.143/ott.js.chinamobile.com/PLTV/3/224/3221227040/index.m3u8
亳州农村 (360p),http://220.180.110.101:8083/videos/live/39/13/o4ncrHkSp7q09/o4ncrHkSp7q09.m3u8
亳州新聞頻道 (360p),http://220.180.110.101:8083/videos/live/33/59/NC7XQdEveyncq/NC7XQdEveyncq.m3u8
优漫卡通 (576p),http://183.207.249.15/PLTV/4/224/3221225933/index.m3u8
优漫卡通 (576p),http://223.110.243.171/PLTV/3/224/3221226982/index.m3u8
余姚姚江文化 (576p),https://l.cztvcloud.com/channels/lantian/SXyuyao3/720p.m3u8
余姚新闻综合 (576p),https://l.cztvcloud.com/channels/lantian/SXyuyao1/720p.m3u8
兴隆综合,https://jwcdnqx.hebyun.com.cn/live/xlzh/1500k/tzwj_video.m3u8
兵团卫视 (540p) [Not 24/7],http://112.25.48.68/live/program/live/btws/1300000/mnf.m3u8
内蒙古 (576p),http://223.110.245.161/ott.js.chinamobile.com/PLTV/3/224/3221225836/index.m3u8
农安新闻综合 [Geo-blocked],https://stream2.jlntv.cn/naxw/sd/live.m3u8
利川公共 (576p) [Geo-blocked],http://lichuan.live.tempsource.cjyun.org/videotmp/s10093-lcgg.m3u8
利川公共 (180p) [Not 24/7],http://uni6rtmp.tulix.tv:1935/vbstv/vbsabr.smil/chunklist_w1847269952_b204800.m3u8
利川新闻综合 (480p) [Not 24/7],http://uni6rtmp.tulix.tv:1935/vbstv/vbsabr.smil/chunklist_w439903609_b1228800.m3u8
前郭综合 [Geo-blocked],https://stream2.jlntv.cn/qg/sd/live.m3u8
动作电影 (1080p),http://39.134.19.68/dbiptv.sn.chinamobile.com/PLTV/88888888/224/3221226465/index.m3u8
动画王国 (1080p),http://183.207.248.71/cntv/live1/donghuawg/donghuawg
北京紀實 (1080p),http://39.134.115.163:8080/PLTV/88888910/224/3221225675/index.m3u8
北京紀實 (1080p),http://39.134.115.163:8080/PLTV/88888910/224/3221225676/index.m3u8
北京财经 [Not 24/7],http://ivi.bupt.edu.cn/hls/btv5.m3u8
北京青年 [Not 24/7],http://ivi.bupt.edu.cn/hls/btv8.m3u8
北碚综合 (576p) [Not 24/7],http://222.178.181.121:12034/beibei01.m3u8
华亭电视台 (1080p),http://117.156.28.119/270000001111/1110000148/index.m3u8
华数 (720p) [Not 24/7],http://hls-ott-zhibo.wasu.tv/live/442/index.m3u8
南京十八 (576p),http://183.207.248.71/gitv/live1/G_NJSB/G_NJSB
南京少儿 (720p) [Not 24/7],https://live.nbs.cn/channels/njtv/sepd/m3u8:500k/live.m3u8
南京教科 (720p) [Not 24/7],https://live.nbs.cn/channels/njtv/jkpd/m3u8:500k/live.m3u8
南京教科 (576p),http://223.110.245.155/ott.js.chinamobile.com/PLTV/3/224/3221227194/index.m3u8
南阳新闻 (1080p) [Not 24/7],http://30539.hlsplay.aodianyun.com/lms_30539/tv_channel_142.m3u8
南陽公共頻道 (1080p) [Not 24/7],http://30539.hlsplay.aodianyun.com/lms_30539/tv_channel_295.m3u8
南陽科教頻道 (1080p) [Not 24/7],http://30539.hlsplay.aodianyun.com/lms_30539/tv_channel_296.m3u8
厦门卫视 (576p),http://223.110.245.159/ott.js.chinamobile.com/PLTV/3/224/3221226996/index.m3u8
厦门卫视 (540p) [Not 24/7],http://112.25.48.68/live/program/live/xmws/1300000/mnf.m3u8
发现之旅 (576p),http://125.210.152.18:9090/live/FXZL_750.m3u8
吉州新聞綜合 (1080p),http://218.204.153.158/10.m3u8
吉林市新闻综合 [Geo-blocked],https://stream2.jlntv.cn/jilin1/sd/live.m3u8
吴江新闻综合 (720p) [Not 24/7],http://30515.hlsplay.aodianyun.com/lms_30515/tv_channel_239.m3u8
和政电视台,http://117.156.28.119/270000001111/1110000149/index.m3u8
嘉佳卡通 (576p),http://223.110.245.139/PLTV/4/224/3221227009/index.m3u8
嘉佳卡通 (广东) (540p) [Not 24/7],http://112.25.48.68/live/program/live/jjkt/1300000/mnf.m3u8
四川 Ⅰ 四川影视台 (720p) [Not 24/7],http://scgctvshow.sctv.com/hdlive/sctv5/index.m3u8
四川 Ⅰ 四川新闻台 (720p) [Not 24/7],http://scgctvshow.sctv.com/hdlive/sctv4/index.m3u8
四川 Ⅰ 巴中综合台 (1080p) [Not 24/7],http://30814.hlsplay.aodianyun.com/lms_30814/tv_channel_246.flv
四川 Ⅰ 星空购物台 (720p) [Not 24/7],http://scgctvshow.sctv.com/hdlive/sctv6/index.m3u8
四川 Ⅰ 达州公共台 (720p) [Not 24/7],http://m3u8.channellive.dzxw.net/cms/videos/nmip-media/channellive/channel36/playlist.m3u8
四川 Ⅰ 达州综合台 (720p) [Not 24/7],http://m3u8.channellive.dzxw.net/cms/videos/nmip-media/channellive/channel35/playlist.m3u8
四川妇女儿童 (720p) [Not 24/7],http://scgctvshow.sctv.com/hdlive/sctv7/index.m3u8
四平新闻综合 [Geo-blocked],https://stream2.jlntv.cn/sptv/sd/live.m3u8
大冶一套 [Geo-blocked],http://dayeyun.live.tempsource.cjyun.org/videotmp/s10102-TC1T.m3u8
大冶二套 [Geo-blocked],http://dayeyun.live.tempsource.cjyun.org/videotmp/s10102-TC2T.m3u8
大悟综合 [Geo-blocked],http://yunshangdawu.live.tempsource.cjyun.org/videotmp/s10129-dwzhpd.m3u8
大爱海外 (720p),https://pulltv3.wanfudaluye.com/live/tv3.m3u8
孟州电视台 (1080p) [Not 24/7],http://live.dxhmt.cn:9081/tv/10883-1.m3u8
安徽 Ⅰ 郎溪综合台 (1080p),http://117.70.93.210:1935/live/xinwen/playlist.m3u8
安徽 Ⅰ 铜陵公共 (720p),http://dstpush1.retalltech.com/app/stream2.m3u8
安徽 Ⅰ 铜陵综合 (720p),http://dstpush1.retalltech.com/app/stream1.m3u8
完美游戏 (1080p) [Not 24/7],http://183.207.248.71/cntv/live1/wmyx/wmyx
家庭理财 (576p),http://223.110.245.139/PLTV/4/224/3221227011/index.m3u8
家有购物 (720p) [Not 24/7],http://183.207.248.71/cntv/live1/SD-1500k-576P-jiayougw/SD-1500k-576P-jiayougw
宿州公共 (1080p) [Not 24/7],http://live.ahsz.tv/video/s10001-ggpd/index.m3u8
宿州新闻综合 (1080p) [Not 24/7],http://live.ahsz.tv/video/s10001-szzh/index.m3u8
宿州科教 (1080p) [Not 24/7],http://live.ahsz.tv/video/s10001-kxjy/index.m3u8
宿迁公共 (480p),http://223.110.245.153/ott.js.chinamobile.com/PLTV/3/224/3221226939/index.m3u8
山东农科 (406p) [Geo-blocked],http://livealone302.iqilu.com/iqilu/nkpd.m3u8
山东少儿 (406p) [Geo-blocked],http://livealone302.iqilu.com/iqilu/sepd.m3u8
山东居家购物 (360p) [Geo-blocked],http://livealone302.iqilu.com/iqilu/gwpd.m3u8
山东影视 (406p) [Geo-blocked],http://livealone302.iqilu.com/iqilu/yspd.m3u8
山东新闻 (1080p) [Geo-blocked],http://livealone302.iqilu.com/iqilu/ggpd.m3u8
山东生活 (1080p) [Geo-blocked],http://livealone302.iqilu.com/iqilu/shpd.m3u8
山东综艺 (406p) [Geo-blocked],http://livealone302.iqilu.com/iqilu/zypd.m3u8
山东齐鲁 (1080p) [Geo-blocked],http://livealone302.iqilu.com/iqilu/qlpd.m3u8
岳阳公共 (576p),http://live.hnxttv.com:9601/live/dspd/800K/tzwj_video.m3u8?BVUUID=C236454D-5355-2F5F-FA96-1887C72E55CE&auth=%2A%2A%2A
岷县电视台 (1080p),http://117.156.28.119/270000001111/1110000130/index.m3u8
嵊州综合 (720p) [Not 24/7],https://l.cztvcloud.com/channels/lantian/SXshengzhou1/720p.m3u8
广东 Ⅰ 韶关公共台 (720p) [Not 24/7],https://www.sgmsw.cn/videos/tv/201805/1308/9P424TC5M000AFO13CXK6GN6BOA889D2/hls/live.m3u8
广东 Ⅰ 韶关综合台 (720p) [Not 24/7],https://www.sgmsw.cn/videos/tv/201805/1308/SB05RIYZOU8JR418AUQOF62CAJQ08D0E/hls/live.m3u8
广水新闻综合 [Geo-blocked],http://guangshui.live.tempsource.cjyun.org/videotmp/s10146-GSXW.m3u8
康巴卫视 (720p) [Not 24/7],http://scgctvshow.sctv.com/hdlive/kangba/1.m3u8
康巴卫视 (576p),http://223.110.245.139/PLTV/4/224/3221227008/index.m3u8
延边卫视 (576p),http://223.110.245.139/PLTV/4/224/3221227002/index.m3u8
延边卫视 (576p),http://223.110.245.161/ott.js.chinamobile.com/PLTV/3/224/3221227002/index.m3u8
延边新闻综合 [Geo-blocked],https://stream2.jlntv.cn/jlyb/sd/live.m3u8
建安电视台 (1080p) [Not 24/7],http://live.dxhmt.cn:9081/tv/11003-1.m3u8
弈坛春秋 (576p),http://223.110.245.139/PLTV/4/224/3221227031/index.m3u8
张家界1 (240p) [Not 24/7],http://stream.zjjrtv.com/zjjtv1/hd/live.m3u8
张家界2台 (240p) [Not 24/7],http://stream.zjjrtv.com/zjjtv2/hd/live.m3u8
徐州-1 (1080p),http://183.207.249.15/PLTV/3/224/3221225945/index.m3u8
徐州-3 (1080p),http://183.207.249.7/PLTV/3/224/3221225949/index.m3u8
徐州-3 (1080p),http://223.110.245.151/ott.js.chinamobile.com/PLTV/3/224/3221225949/index.m3u8
徐州-4 (1080p),http://183.207.249.15/PLTV/3/224/3221225951/index.m3u8
徐州公共頻道 (1080p),http://183.207.248.11/PLTV/3/224/3221225951/index.m3u8
徐州新聞綜合 (1080p),http://223.110.245.165/ott.js.chinamobile.com/PLTV/3/224/3221225945/index.m3u8
徐州經濟生活 (1080p),http://223.110.245.167/ott.js.chinamobile.com/PLTV/3/224/3221225947/index.m3u8
徐州贾汪旅游 (576p),http://223.110.245.147/ott.js.chinamobile.com/PLTV/3/224/3221227389/index.m3u8
抚州公共 (270p),http://111.75.179.195:30767/video/live_vide2.m3u8
撫州綜合頻道 (270p) [Not 24/7],http://111.75.179.195:30767/video/live_vide.m3u8
敦煌电视台 (1080p),http://117.156.28.119/270000001111/1110000028/index.m3u8
文山综合 (1080p) [Not 24/7],http://m3u8.channel.wsrtv.com.cn/cms/videos/nmip-media/channellive/channel7/playlist.m3u8
新昌休闲影视 (1080p) [Not 24/7],https://l.cztvcloud.com/channels/lantian/SXxinchang2/720p.m3u8
新昌新聞綜合 (1080p) [Not 24/7],https://l.cztvcloud.com/channels/lantian/SXxinchang1/720p.m3u8
新泰乡村党建 (480p) [Not 24/7],http://live.xtgdw.cn:1935/live/xtxc/playlist.m3u8
新泰影視頻道 (480p) [Not 24/7],http://111.17.214.4:1935/live/xtys/playlist.m3u8
新泰影視頻道 (480p) [Not 24/7],http://live.xtgdw.cn:1935/live/xtys/playlist.m3u8
新泰生活 (480p) [Not 24/7],http://111.17.214.4:1935/live/xtsh/playlist.m3u8
新泰生活 (480p) [Not 24/7],http://live.xtgdw.cn:1935/live/xtsh/playlist.m3u8
新泰综合 (480p) [Not 24/7],http://111.17.214.4:1935/live/xtzh/playlist.m3u8
新泰综合 (480p) [Not 24/7],http://live.xtgdw.cn:1935/live/xtzh/playlist.m3u8
新泰鄉村黨建 (480p) [Not 24/7],http://111.17.214.4:1935/live/xtxc/playlist.m3u8
新郑综合 (1080p) [Not 24/7],http://live.dxhmt.cn:9081/tv/10184-1.m3u8
晋中公共 (1080p) [Not 24/7],http://jzlive.jztvnews.com:90/live/jzgg.m3u8
景县电视一套 (576p) [Not 24/7],http://hbjx.chinashadt.com:1935/live/jx1.stream/playlist.m3u8
景县电视一套 (360p) [Not 24/7],http://hbjx.chinashadt.com:1935/live/stream:jx1.stream_360p/playlist.m3u8
智慧教育 (576p),http://111.63.117.13:6060/030000001000/G_CETV-4/G_CETV-4.m3u8
松原新闻综合 [Geo-blocked],https://stream2.jlntv.cn/sytv/sd/live.m3u8
武进新闻 (576p) [Not 24/7],https://live.wjyanghu.com/live/CH1.m3u8
武进生活 (576p) [Not 24/7],https://live.wjyanghu.com/live/CH2.m3u8
江津新闻综合 (480p),http://222.179.155.21:1935/ch1.m3u8
江津经济生活 (480p),http://222.179.155.21:1935/ch0.m3u8
江苏 Ⅰ 连云港公共 (480p) [Not 24/7],https://live.lyg1.com/ggpd/sd/live.m3u8
江苏 Ⅰ 连云港综合 (480p) [Not 24/7],https://live.lyg1.com/zhpd/sd/live.m3u8
江苏公共 (576p),http://183.207.248.71/gitv/live1/G_JSGG/G_JSGG
江苏城市 (576p),http://183.207.248.71/gitv/live1/G_JSCS/G_JSCS
江苏城市 (576p),http://223.110.245.143/ott.js.chinamobile.com/PLTV/3/224/3221225929/index.m3u8
江苏影视 (576p) [Not 24/7],http://183.207.248.71/gitv/live1/G_JSYS/G_JSYS
江苏影视 (576p),http://223.110.243.134/PLTV/4/224/3221225937/index.m3u8
江苏教育 (576p) [Not 24/7],http://183.207.248.71/gitv/live1/G_JSJY/G_JSJY
江苏教育 (576p),http://223.110.245.151/ott.js.chinamobile.com/PLTV/3/224/3221225923/index.m3u8
江苏综艺 (576p) [Not 24/7],http://183.207.248.71/gitv/live1/G_JSZY/G_JSZY
河源综合 (540p),https://tmpstream.hyrtv.cn/xwzh/sd/live.m3u8
浙江 Ⅰ 绍兴影视 (720p),http://live.shaoxing.com.cn/video/s10001-sxtv3/index.m3u8
浙江 Ⅰ 绍兴综合 (576p),http://live.shaoxing.com.cn/video/s10001-sxtv1/index.m3u8
浙江公共 (1080p) [Not 24/7],https://ct-m-l.cztv.com/channels/lantian/channel007/1080p.m3u8
浙江公共 (1080p) [Not 24/7],https://qiniup-m-l.cztv.com/channels/lantian/channel007/1080p.m3u8
浙江国际,https://ali-m-l.cztv.com/channels/lantian/channel010/1080p.m3u8
浙江教科,https://ali-m-l.cztv.com/channels/lantian/channel004/1080p.m3u8
浙江新闻,https://ali-m-l.cztv.com/channels/lantian/channel007/1080p.m3u8
浙江民生,https://ali-m-l.cztv.com/channels/lantian/channel006/1080p.m3u8
浙江经济,https://ali-m-l.cztv.com/channels/lantian/channel003/1080p.m3u8
浙江钱江,https://ali-m-l.cztv.com/channels/lantian/channel002/1080p.m3u8
海西州综合 (576p),http://stream.haixitv.cn/1/sd/live.m3u8
涡阳新闻综合 (360p),http://220.180.110.101:8083/videos/live/36/57/hwEHU4UVQ1Iv5/hwEHU4UVQ1Iv5.m3u8
湘潭公共 (576p),http://live.hnxttv.com:9601/live/dspd/800K/tzwj_video.m3u8
湘潭新闻综合 (720p),http://live.hnxttv.com:9601/live/xwzh/800K/tzwj_video.m3u8
滁州市广播电视台 公共频道 (400p),http://live.cztv.cc:85/live/ggpd.m3u8
滁州市广播电视台 新闻综合频道 (1080p),http://live.cztv.cc:85/live/xwpd.m3u8
滁州市广播电视台 科教频道 (400p),http://live.cztv.cc:85/live/sjpd.m3u8
滨海新闻 (1080p),http://60.30.52.41/live/bhtv1/playlist.m3u8
滨海都市 (1080p),http://60.30.52.41/live/bhtv2/playlist.m3u8
漳州新闻综合 (720p) [Not 24/7],https://31182.hlsplay.aodianyun.com/lms_31182/tv_channel_175.m3u8
灵台新闻综合 (1080p),http://117.156.28.119/270000001111/1110000145/index.m3u8
炫动卡通 (576p),http://223.110.245.139/PLTV/4/224/3221226388/index.m3u8
甘肃公共 (540p) [Not 24/7],https://hls.gstv.com.cn/49048r/3t5xyc.m3u8
甘肃移动 (540p) [Not 24/7],https://hls.gstv.com.cn/49048r/y72q36.m3u8
生活 (576p),http://223.110.245.153/ott.js.chinamobile.com/PLTV/3/224/3221227311/index.m3u8
电白视窗 (576p) [Not 24/7],http://gddb.chinashadt.com:1935/live/video2.stream/playlist.m3u8
电白视窗 (360p) [Not 24/7],http://gddb.chinashadt.com:1935/live/video2.stream_360p/playlist.m3u8
电白综合 (576p) [Not 24/7],http://gddb.chinashadt.com:1935/live/video1.stream/playlist.m3u8
电白综合 (360p) [Not 24/7],http://gddb.chinashadt.com:1935/live/video1.stream_360p/playlist.m3u8
白城新闻综合 [Geo-blocked],https://stream2.jlntv.cn/baicheng1/sd/live.m3u8
白山新闻综合 [Geo-blocked],https://stream2.jlntv.cn/baishan1/sd/live.m3u8
百事通体育1 (1080p) [Not 24/7],http://112.25.48.68/live/program/live/hdnba1/4000000/mnf.m3u8
百事通体育2 (1080p) [Not 24/7],http://112.25.48.68/live/program/live/hdnba2/4000000/mnf.m3u8
百事通体育3 (1080p) [Not 24/7],http://112.25.48.68/live/program/live/hdnba3/4000000/mnf.m3u8
百事通体育5 (1080p),http://112.25.48.68/live/program/live/hdnba5/4000000/mnf.m3u8
百事通体育7 (1080p) [Not 24/7],http://112.25.48.68/live/program/live/hdnba7/4000000/mnf.m3u8
石景山电视台 (1080p) [Not 24/7],https://live.sjsrm.com/bjsjs/sd/live.m3u8
福山生活 (576p) [Not 24/7],http://live.jiaodong.net:82/tvfushan/hls/tv_shenghuo.m3u8
福州广播电视台新闻综合频道 (FZTV-1) (1080p),http://live.zohi.tv/video/s10001-fztv-1/index.m3u8
福州广播电视台都市生活频道 (FZTV-3) (1080p),http://live.zohi.tv/video/s10001-fztv-3/index.m3u8
福州电视台少儿频道 (FZTV-少儿) (1080p),http://live.zohi.tv/video/s10001-fztv-4/index.m3u8
萬州三峽移民 (576p),http://123.146.162.24:8017/c2F0hmi/1000/live.m3u8
萬州三峽移民 (576p),http://wanzhoulive.cbg.cn:8017/c2F0hmi/1000/live.m3u8
萬州影視文藝 (576p) [Not 24/7],http://123.146.162.24:8017/d4ceB1a/1000/live.m3u8
萬州影視文藝 (576p),http://wanzhoulive.cbg.cn:8017/d4ceB1a/1000/live.m3u8
萬州科教頻道 (576p),http://123.146.162.24:8017/Cz7WPb8/800/live.m3u8
萬州科教頻道 (576p),http://wanzhoulive.cbg.cn:8017/Cz7WPb8/800/live.m3u8
萬州綜合頻道 (576p),http://123.146.162.24:8017/iTXwrGs/800/live.m3u8
萬州綜合頻道 (576p),http://wanzhoulive.cbg.cn:8017/iTXwrGs/800/live.m3u8
积石山电视台 (1080p),http://117.156.28.119/270000001111/1110000152/index.m3u8
篮球资讯 (576p),http://223.110.245.139/PLTV/4/224/3221227023/index.m3u8
娄底综合 (720p),http://119.39.242.52:1935/live/zonghe/playlist.m3u8
精品电影 (1080p),http://183.207.248.71/cntv/live1/jdianying/jdianying
纪实人文 (1080p),http://39.135.138.59:18890/PLTV/88888910/224/3221225655/index.m3u8
纯享4K (2160p),http://39.134.115.163:8080/PLTV/88888910/224/3221225786/index.m3u8
继续教育 (576p),http://111.63.117.13:6060/030000001000/G_CETV-2/G_CETV-2.m3u8
罗山电视台 (1080p) [Not 24/7],http://live.dxhmt.cn:9081/tv/11521-1.m3u8
置业 (576p),http://223.110.245.161/ott.js.chinamobile.com/PLTV/3/224/3221227037/index.m3u8
耀才财经 (288p),http://202.69.67.66:443/webcast/bshdlive-mobile/playlist.m3u8
肃州电视台 (1080p),http://117.156.28.119/270000001111/1110000123/index.m3u8
荣昌综合 (404p) [Not 24/7],http://183.64.181.25:40023/rongchang01.m3u8
莒縣圖文頻道 (720p),http://61.162.225.122:8181/live/test3.m3u8
莒縣電視一套 (576p),http://61.162.225.122:8181/live/test1.m3u8
莒縣電視二套 (576p) [Not 24/7],http://61.162.225.122:8181/live/test2.m3u8
萍鄉公共頻道 (1080p) [Not 24/7],http://www.pxitv.com:8099/hls-live/livepkgr/_definst_/pxitvevent/pxtv3stream.m3u8
萍鄉教育頻道 (480p),http://www.pxitv.com:8099/hls-live/livepkgr/_definst_/pxitvevent/pxtv2stream.m3u8
萍鄉新聞綜合 (576p) [Not 24/7],http://www.pxitv.com:8099/hls-live/livepkgr/_definst_/pxitvevent/pxtv1stream.m3u8
萧山新闻综合 (720p) [Not 24/7],https://l.cztvcloud.com/channels/lantian/SXxiaoshan1/720p.m3u8
蓬安新闻综合 (720p) [Not 24/7],http://palive.patv123.com:8091/live/xwpd_800K.m3u8
蕭山生活頻道 (720p) [Not 24/7],https://l.cztvcloud.com/channels/lantian/SXxiaoshan2/720p.m3u8
西安丝路 (404p) [Not 24/7],http://stream2.xiancity.cn/xatv5/playlist.m3u8
西安乐购购物 (180p) [Not 24/7],http://stream2.xiancity.cn/xatv6/playlist.m3u8
西安商务资讯 (180p) [Not 24/7],http://stream2.xiancity.cn/xatv3/playlist.m3u8
西安影视 (180p) [Not 24/7],http://stream2.xiancity.cn/xatv4/playlist.m3u8
西安新闻 (1080p) [Not 24/7],http://stream2.xiancity.cn/xatv1/playlist.m3u8
西安白鸽 (180p) [Not 24/7],http://stream2.xiancity.cn/xatv2/playlist.m3u8
辛集新聞頻道 (480p) [Not 24/7],http://zsxj.chinashadt.com:1935/live/xjxw.stream_360p/playlist.m3u8
辛集生活頻道 (480p) [Not 24/7],http://zsxj.chinashadt.com:1935/live/xjsh.stream_360p/playlist.m3u8
辽源新闻综合 [Geo-blocked],https://stream2.jlntv.cn/liaoyuan1/sd/live.m3u8
通化新闻 [Geo-blocked],https://stream2.jlntv.cn/tonghua1/sd/live.m3u8
邗江资讯 (576p),http://223.110.245.139/PLTV/4/224/3221227154/index.m3u8
酒泉新闻综合 (576p),http://117.156.28.119/270000001111/1110000001/index.m3u8
金昌公共頻道 (240p) [Geo-blocked],http://stream4.liveyun.hoge.cn/ch01/sd/live.m3u8
金昌綜合頻道 (720p) [Geo-blocked],http://stream4.liveyun.hoge.cn/ch02/sd/live.m3u8
金鹰卡通 (576p) [Geo-blocked],http://223.110.241.149:6610/gitv/live1/G_JINYING/G_JINYING/1.m3u8
金鹰卡通 (576p),http://223.110.245.145/ott.js.chinamobile.com/PLTV/3/224/3221226303/index.m3u8
金鹰卡通 (湖南) (540p) [Not 24/7],http://112.25.48.68/live/program/live/jykt/1300000/mnf.m3u8
长乐综合 [Geo-blocked],http://35908.hlsplay.aodianyun.com/guangdianyun_35908/tv_channel_327.m3u8
长春综合 [Geo-blocked],https://stream2.jlntv.cn/jlcc/sd/live.m3u8
长沙地铁移动 [Geo-blocked],http://35848.hlsplay.aodianyun.com/guangdianyun_35848/tv_channel_356.m3u8
长沙女性 [Geo-blocked],http://35848.hlsplay.aodianyun.com/guangdianyun_35848/tv_channel_349.m3u8
长沙政法 [Geo-blocked],http://35848.hlsplay.aodianyun.com/guangdianyun_35848/tv_channel_348.m3u8
长沙新闻 [Geo-blocked],http://35848.hlsplay.aodianyun.com/guangdianyun_35848/tv_channel_346.m3u8
长沙经贸 [Geo-blocked],http://35848.hlsplay.aodianyun.com/guangdianyun_35848/tv_channel_350.m3u8
长沙购物 [Geo-blocked],http://35848.hlsplay.aodianyun.com/guangdianyun_35848/tv_channel_354.m3u8
隨州綜合 (720p) [Not 24/7],http://34766.hlsplay.aodianyun.com/guangdianyun_34766/tv_channel_304.m3u8
隨州農村 (720p) [Not 24/7],http://34766.hlsplay.aodianyun.com/guangdianyun_34766/tv_channel_305.m3u8
集安综合 [Geo-blocked],https://stream2.jlntv.cn/ja/sd/live.m3u8
霸州公共頻道 (576p) [Not 24/7],http://hbbz.chinashadt.com:2036/live/stream:bzgg.stream/playlist.m3u8
霸州少兒頻道 (576p) [Not 24/7],http://hbbz.chinashadt.com:2036/live/stream:bzse.stream/playlist.m3u8
靖江新闻綜合 (480p) [Not 24/7],http://visit.jjbctv.com:1935/live/xwzhmb/playlist.m3u8
静宁综合 (1080p),http://117.156.28.119/270000001111/1110000147/index.m3u8
风尚购物 (1080p),http://183.207.248.71/cntv/live1/fengshanggw/fengshanggw
餘姚姚江文化 (576p) [Not 24/7],https://l.cztvcloud.com/channels/lantian/SXyuyao2/720p.m3u8
高台电视台 (1080p),http://117.156.28.119/270000001111/1110000146/index.m3u8
高清电影 (1080p),http://39.134.19.76/dbiptv.sn.chinamobile.com/PLTV/88888888/224/3221226463/index.m3u8
鹤壁新闻综合 (480p) [Not 24/7],http://pili-live-hls.hebitv.com/hebi/hebi.m3u8
鹤峰综合 [Geo-blocked],http://hefeng.live.tempsource.cjyun.org/videotmp/s10100-hftv.m3u8
鹿泉一套 (576p) [Not 24/7],http://hblq.chinashadt.com:2036/live/stream:luquan1.stream/playlist.m3u8
鹿泉二套 (576p) [Not 24/7],http://hblq.chinashadt.com:2036/live/stream:luquan2.stream/playlist.m3u8
黑龙卫视 (1080p),http://223.110.243.169/PLTV/3/224/3221227252/index.m3u8
黑龙卫视 (1080p),http://223.110.245.139/PLTV/4/224/3221227492/index.m3u8
黑龙卫视 (1080p),http://223.110.245.170/PLTV/3/224/3221227252/index.m3u8
黑龙卫视 (720p),http://125.210.152.18:9090/live/HLJWSHD_H265.m3u8
黑龙江 (1080p),http://223.110.245.161/ott.js.chinamobile.com/PLTV/3/224/3221227492/index.m3u8
黑龙江 (576p),http://183.207.248.71/gitv/live1/G_HEILONGJIANG/G_HEILONGJIANG
黑龙江卫 (1080p),http://183.207.248.71/cntv/live1/HD-2500k-1080P-heilongjiangstv/HD-2500k-1080P-heilongjiangstv
CGTN Global Biz (1080p),https://fastlive.cctvplus.com/out/v1/2b3d8a0c805d437f9dc85b764c2ac599/index.m3u8
Discovering China (1080p),https://fastlive.cctvplus.com/out/v1/8442c3bfd4c64a3984389328f6087879/index.m3u8
China Travel (1080p),https://fastlive.cctvplus.com/out/v1/ca6f9297b7314a63959435028af287fc/index.m3u8
Fujian Comprehensive Channel,http://120.39.52.202:5140/%E7%A6%8F%E5%BB%BA%E7%BB%BC%E5%90%88
QTV-1,http://119.166.53.110:85/tsfile/live/1000_1.m3u8?key=%2A%2A%2A&playlive=1&authid=%2A%2A%2A
Guangxi Variety & Travel Channel,http://111.59.24.227:8181/tsfile/live/1001_1.m3u8?key=%2A%2A%2A&playlive=1&authid=%2A%2A%2A
Kangba TV,http://110.185.237.164:8888/hls/30/index.m3u8
QTV-6,http://119.166.53.110:85/tsfile/live/0002_1.m3u8?key=%2A%2A%2A&playlive=1&authid=%2A%2A%2A
QTV-3,http://119.166.53.110:85/tsfile/live/1002_1.m3u8?key=%2A%2A%2A&playlive=1&authid=%2A%2A%2A
QTV-4,http://119.166.53.110:85/tsfile/live/1004_1.m3u8?key=%2A%2A%2A&playlive=1&authid=%2A%2A%2A
CGTN (1080p),https://hlspackager.akamaized.net/live/DB/CGTN_ENGLISH/HLS/CGTN_ENGLISH.m3u8
CGTN Documentary (1080p),https://hlspackager.akamaized.net/live/DB/CGTN_DOCUMENTARY/HLS/CGTN_DOCUMENTARY.m3u8
CGTN (720p),https://dai.google.com/linear/hls/event/r4sa-f6GSN2XIvzKv5jVng/master.m3u8
Kanali 7 Ⓢ,https://fe.tring.al/delta/105/out/u/1200_1.m3u8
A2 CNN Albania,https://tv.a2news.com/live/smil:a2cnnweb.stream.smil/playlist.m3u8
ABC News Albania Ⓣ,https://www.twitch.tv/abcnewsal
AlbKanale Music TV Ⓢ,https://albportal.net/albkanalemusic.m3u8
Alpo TV,https://5d00db0e0fcd5.streamlock.net/7236/7236/playlist.m3u8
CNA,https://live1.mediadesk.al/cnatvlive.m3u8
Euronews Albania Ⓨ,https://www.youtube.com/@EuronewsAlbania/live
News 24 Ⓢ,https://tv.balkanweb.com/news24/livestream/playlist.m3u8
Ora News,https://live1.mediadesk.al/oranews.m3u8
Panorama TV Ⓢ,http://198.244.188.94/panorama/livestream/playlist.m3u8
Report TV,https://deb10stream.duckdns.org/hls/stream.m3u8
Syri,https://stream.syritv.al/live/syritv/playlist.m3u8
Top News Ⓣ,https://www.twitch.tv/topnewsal
Tropoja,https://live.prostream.al/al/smil:tropojatv.smil/playlist.m3u8
TV 7 Albania,https://vs.sednastream.com:1936/tv7/tv7/playlist.m3u8
TV Apollon Ⓢ,https://live.apollon.tv/Apollon-WEB/video.m3u8?token=%2A%2A%2A
Vizion Plus,https://tringliveviz.akamaized.net/delta/105/out/u/qwaszxerdfcvrtryuy.m3u8
Andorra TV,https://livesg1.rtva.hiway.media/11a6d6f4-ee13-47c7-9c27-7313cf5424e2/manifest.m3u8
TN Todo Noticias Ⓨ,https://www.youtube.com/c/todonoticias/live
Encuentro Ⓨ Ⓖ,https://www.youtube.com/user/encuentro/live
Pakapaka Ⓨ Ⓖ,https://www.youtube.com/user/CanalPakapaka/live
Aunar,https://5fb24b460df87.streamlock.net/live-cont.ar/mirador/playlist.m3u8
Cine.AR,https://5fb24b460df87.streamlock.net/live-cont.ar/cinear/playlist.m3u8
Tec TV,https://tv.initium.net.ar:3939/live/tectvmainlive.m3u8
Televisión Pública Ⓨ,https://www.youtube.com/user/TVPublicaArgentina/live
DeporTV,https://5fb24b460df87.streamlock.net/live-cont.ar/deportv/playlist.m3u8
Canal 26,https://stream-gtlc.telecentro.net.ar/hls/canal26hls/main.m3u8
Crónica TV Ⓨ,https://www.youtube.com/c/cronicatv/live
Argentina 12 Ⓨ,https://www.youtube.com/c/IPNoticiasEnVivo/live
El Destape Ⓨ,https://www.youtube.com/c/eldestapetv/live
C5N Ⓨ,https://www.youtube.com/c/c5n/live
LN+ Ⓨ,https://www.youtube.com/c/LaNacionMas/live
+Perfil,https://unlimited1-us.dps.live/perfiltv/perfiltv.smil/perfiltv/livestream2/chunks.m3u8
Telemax,https://stream-gtlc.telecentro.net.ar/hls/telemaxhls/main.m3u8
Net TV,https://unlimited1-us.dps.live/nettv/nettv.smil/playlist.m3u8
TV Universidad,https://stratus.stream.cespi.unlp.edu.ar/hls/tvunlp.m3u8
Barricada TV,https://www.youtube.com/channel/UC6YundoLrEuBJaPp_oEPWaA/live
Urbana Tevé,https://www.youtube.com/channel/UCTnbbQUGmWEKeCq9wWoyN0g/live
Comarca TV,https://www.youtube.com/c/ComarcaTV/live
El Trece,https://livetrx01.vodgc.net/eltrecetv/index.m3u8
El Nueve,http://45.226.28.9:8085/Live/18e292ea93b66c65c76707f07c489d61/local-canal9.playlist.m3u8
Telefe Ⓨ,https://telefe.com/Api/Videos/GetSourceUrl/694564/0/HLS?.m3u8=
América,https://prepublish.f.qaotic.net/a07/americahls-100056/playlist_720p.m3u8
A24 Ⓨ,https://www.youtube.com/c/A24com/live
Armenia 1,https://ifl01eu-new.bozztv.com/am1abr/index.m3u8
Kentron TV Ⓢ,http://stream.mcquack.net/39/index.m3u8
Armenia TV Ⓢ,http://stream.mcquack.net/175/index.m3u8
10 HD,https://i.mjh.nz/.r/10-nsw.m3u8
ABC,https://c.mjh.nz/abc-nsw.m3u8
Seven,https://i.mjh.nz/.r/seven-syd.m3u8
Nine,https://i.mjh.nz/.r/channel-9-nsw.m3u8
10 Peach,https://i.mjh.nz/.r/10peach-nsw.m3u8
10 Bold,https://dce3793146fef017.mediapackage.us-west-2.amazonaws.com/out/v1/55cdf73af7894775ba6de8f57482b66a/CMAF_HLS/index.m3u8
10 Shake,https://i.mjh.nz/.r/10shake-nsw.m3u8
TVSN,https://tvsnhlslivetest.akamaized.net/hls/live/2034711/EXPO-MSL4/master.m3u8
ABC Kids,https://c.mjh.nz/abc-kids.m3u8
ABC Me,https://c.mjh.nz/abc-me.m3u8
ABC News,https://c.mjh.nz/abc-news.m3u8
M4TV,https://5a32c05065c79.streamlock.net/live/stream/playlist.m3u8
7two,https://i.mjh.nz/.r/7two-syd.m3u8
7mate,https://i.mjh.nz/.r/7mate-syd.m3u8
7flix,https://i.mjh.nz/.r/7flix-syd.m3u8
Racing.com,https://racingvic-i.akamaized.net/hls/live/598695/racingvic/1500.m3u8
9Gem Ⓖ,https://9now-livestreams.akamaized.net/hls/live/2008311/gem-syd/master.m3u8
9Go! Ⓖ,https://9now-livestreams.akamaized.net/hls/live/2008312/go-syd/master.m3u8
9Life Ⓖ,https://9now-livestreams.akamaized.net/hls/live/2008313/life-syd/master.m3u8
9Rush Ⓖ,https://9now-livestreams.akamaized.net/hls/live/2010626/rush-syd/master.m3u8
ORF 1 Ⓖ,https://orf1.mdn.ors.at/out/u/orf1/q8c/manifest.m3u8
ORF 2 Ⓖ,https://orf2.mdn.ors.at/out/u/orf2/q8c/manifest.m3u8
ORF III Ⓖ,https://orf3.mdn.ors.at/out/u/orf3/q8c/manifest.m3u8
ORF Sport + Ⓖ,https://orfs.mdn.ors.at/out/u/orfs/q8c/manifest.m3u8
Servus TV Ⓖ,https://rbmn-live.akamaized.net/hls/live/2002825/geoSTVATweb/master.m3u8
oe24,https://oe24.mdn.ors.at/live/eds/oe24tv_hd/hls_nodrm/oe24tv_hd-nodrm.m3u8
W24,https://ms01.w24.at/W24/smil:liveevent.smil/playlist.m3u8
P3TV,http://p3-6.mov.at:1935/live/weekstream/playlist.m3u8
RTV,http://iptv.rtv-ooe.at/stream.m3u8
RTS Ⓖ,https://58b42f6c8c9bf.streamlock.net:8080/live/RTS2015/playlist.m3u8
Tirol TV Ⓖ,https://streaming14.huberwebmedia.at/LiveApp/streams/livestream.m3u8
R9,https://ms01.w24.at/R9/smil:liveeventR9.smil/playlist.m3u8
AzStarTV,http://live.azstartv.com/azstar/smil:azstar.smil/playlist.m3u8
AZTV Ⓢ,https://str.yodacdn.net/azertv/index.m3u8
Baku TV,https://rtmp.baku.tv/hls/bakutv.m3u8
CBC Sport Ⓖ,https://mn-nl.mncdn.com/cbcsports_live/cbcsports/playlist.m3u8
Kanal S,https://lives.atv.az:5443/KANAL-S/streams/kanals.m3u8
Mədəniyyət TV Ⓢ,https://str.yodacdn.net/medeniyyettele/index.m3u8
Xəzər Xəbər,https://www.xezerxeber.az/stream/index.m3u8
İctimai TV Ⓢ,https://live.itv.az/itv.m3u8
Muz TV Ⓨ,https://www.youtube.com/channel/UCgHYcHd2SuX0ees5q0OWicQ/live
Real TV Ⓨ,https://www.youtube.com/channel/UCjpoTfA8TXO6QfAWiAB67eA/live
MTV Azerbaijan Ⓢ Ⓨ,https://www.youtube.com/@MTVAzerbaijan/live
Первый Информацыйнный,https://ngtrk.dc.beltelecom.by/ngtrk/smil:informacionnyy.smil/playlist.m3u8
Беларусь 1,https://edge55.dc.beltelecom.by/ngtrk/smil:belarus1.smil/playlist.m3u8
Беларусь 2,https://edge55.dc.beltelecom.by/ngtrk/smil:belarus2.smil/playlist.m3u8
Беларусь 3,https://edge55.dc.beltelecom.by/ngtrk/smil:belarus3.smil/playlist.m3u8
ОНТ Ⓢ,https://ngtrk.dc.beltelecom.by/ngtrk/smil:ont.smil/playlist.m3u8
Беларусь 5,https://edge55.dc.beltelecom.by/ngtrk/smil:belarus5.smil/playlist.m3u8
СТВ,https://ctv.dc.beltelecom.by/ctv/ctv.stream/playlist.m3u8
Беларусь 24,https://edge55.dc.beltelecom.by/ngtrk/smil:belarus24.smil/playlist.m3u8
Беларусь 5 Интернет,https://edge55.dc.beltelecom.by/ngtrk/smil:belarus5int.smil/playlist.m3u8
1Mus,http://hz1.teleport.cc/HLS/HD.m3u8
8 Kanal Vitebsk Ⓢ,http://95.46.208.8:24433/art
Belros Ⓢ,https://live2.mediacdn.ru/sr1/tro/playlist.m3u8
Belarus 4 Vitebsk Ⓢ,https://ngtrk.dc.beltelecom.by/vtv/bt4.stream/playlist.m3u8
Hawe TV Vitebsk Ⓢ,http://95.46.208.8:26259/nashe
Pervyy Muzykal'nyy BY Ⓢ,http://rtmp.one.by:1200
Planeta RTR Ⓢ,https://a3569455801-s26881.cdn.ngenix.net/live/smil:rtrp.smil/chunklist_b1600000.m3u8
Radio HIT Orsk,http://hithd.camsh.orsk.ru/hls/hithd.m3u8
Vitebsk Telekanal,https://flu.vtv.by/tvt-non-by/tracks-v1a1/mono.m3u8
RTL-Be,https://tvi-live-hls.akamaized.net/hls/live/2038650/TVI-Live-HLS/master.m3u8
La Une,http://145.239.5.177/329/index.m3u8
Tipik,http://193.111.198.85:8589/stream/mstv/rtbftipiklive26/master.m3u8?p=967e33767f592e1aaf3d4019f38f380bf784e113b193d89c412d047059d6300d&u=Oleg
Arte Belgique Ⓖ,https://artesimulcast.akamaized.net/hls/live/2031003/artelive_fr/index.m3u8
La Trois,http://145.239.5.177/330/index.m3u8
TV5 Monde,https://ott.tv5monde.com/Content/HLS/Live/channel(fbs)/variant.m3u8
LN24,https://live.cdn.ln24.be/out/v1/b191621c8b9a436cad37bb36a82d2e1c/index.m3u8
BX1,https://59959724487e3.streamlock.net/stream/live/playlist.m3u8
EEN,https://live-vrt.rabah.net/groupc/live/8edf3bdf-7db3-41c3-a318-72cb7f82de66/live_aes.isml/playlist.m3u8
Bruzz,https://hls-origin01-bruzz.cdn02.rambla.be/main/adliveorigin-bruzz/_definst_/V3n5YY.smil/playlist.m3u8
BHT 1,https://bhrtstream.bhtelecom.ba/bhrtportal_hd.m3u8
BHT 1 Ⓢ,https://bhrtstream.bhtelecom.ba/bhrtportal.m3u8
Federalna televizija (FTV) Ⓢ,http://94.250.2.6:7374/play/a02s/index.m3u8
Televizija Republike Srpske (RTRS),https://parh.rtrs.tv/tv/live/playlist.m3u8
RTRS PLUS Ⓢ,https://pluslive.rtrs.tv/plus/plus/playlist.m3u8
N1 Bosna i Hercegovina,https://best-str.umn.cdn.united.cloud/stream?channel=n1bos&p=n1Sh4redSecre7iNf0&sp=n1info&stream=sp1400&u=n1info
RTV HB Ⓢ,https://prd-hometv-live-open.spectar.tv/ERO_1_083/playlist.m3u8
RTV BN,https://stream2.rtvbn.tv:8080/live_1935/bnstream/index.m3u8
RTV Glas Drine,http://glasdrine.cutuk.net:8081/433ssdsw/GlasDrineSD/playlist.m3u8
Sevdah Ⓢ,https://restreamer2.tnt.ba/hls/stream.m3u8
TNT Kids,https://restreamer1.tnt.ba/hls/tntkids.m3u8
Televizija 5,https://balkanmedia.dynu.net/hls/tv5web.m3u8
Kanal 6,https://restreamer1.tnt.ba/hls/kanal6.m3u8
SuperTV,https://live.tv-m.net/hls/stream.m3u8
Neon TV,rtsp://185.50.56.16:554/neontelvizija
RTV USK Ⓨ,https://www.youtube.com/@rtvusk/live
RTV ZE Ⓢ,https://stream.rtvze.ba/live/123/123.m3u8
TV BPK Ⓢ,http://94.250.2.6:7374/play/a02u/index.m3u8
COM Brasil,https://br5093.streamingdevideo.com.br/abc/abc/playlist.m3u8
SBT Ⓨ,https://www.youtube.com/watch?v=ABVQXgr2LW4
AgroBrasil TV,http://45.162.230.234:1935/agrobrasiltv/agrobrasiltv/playlist.m3u8
Futura,http://168.197.104.22/FUTURA/index.m3u8
RBC Ⓨ,https://www.youtube.com/watch?v=oUdd3CsxYaE
Record News,https://rnw-rn.otteravision.com/rnw/rn/rnw_rn.m3u8
ISTV,https://video08.logicahost.com.br/istvnacional/srt.stream/istvnacional.m3u8
Rede Brasil,https://video09.logicahost.com.br/redebrasiloficial/redebrasiloficial/playlist.m3u8
TV Câmara,https://stream3.camara.gov.br/tv1/manifest.m3u8
TVE RS,http://streaming.procergs.com.br:1935/tve/stve/playlist.m3u8
TV Cultura,https://player-tvcultura.stream.uol.com.br/live/tvcultura.m3u8
BNT1,https://shift03.isp.bg/BNT1_HD/index.m3u8
bTV,http://213.91.179.28:8000/play/a03w
Nova TV,http://213.91.179.28:8000/play/a03l
Bulgaria On Air,http://213.91.179.28:8000/play/a05x
BNT2,https://shift03.isp.bg/BNT2_HD/index.m3u8
BNT3,https://shift03.isp.bg/BNT3_HD/index.m3u8
Nova News,http://213.91.179.28:8000/play/a063
City TV Ⓢ,https://tv.city.bg/play/tshls/citytv/index.m3u8
BNT4,https://shift03.isp.bg/BNT4_HD/index.m3u8
Euronews Bulgaria Ⓨ,https://www.youtube.com/channel/UCU1i6qBMjY9El6q5L2OK8hA/live
TV1,https://tv1.cloudcdn.bg/temp/livestream.m3u8
CBC Toronto Ⓖ,https://cbcrclinear-tor.akamaized.net/hls/live/2042760/CBCRCLINEAR_TOR_6/master5.m3u8
CTV Toronto,http://stream.cammonitorplus.net/1712/index.m3u8
CTV 2,http://stream.cammonitorplus.net/1731/index.m3u8
NTV,http://152.89.62.111:8080/nXyAiP3DNp/QgOuvocpGv/223012
CHCH,http://152.89.62.111:8080/nXyAiP3DNp/QgOuvocpGv/222841
CBC News,https://cbcnewshd-f.akamaihd.net/i/cbcnews_1@8981/index_2500_av-p.m3u8
CTV News Ⓨ,https://www.youtube.com/c/CTVNews/live
Global News,https://jmp2.uk/plu-62cbef9ebb857100072fc187.m3u8
Global News Saskatoon,https://jmp2.uk/plu-62cc00359cb58900088dc840.m3u8
Global News Winnipeg,https://jmp2.uk/plu-62cc0120880c890007191016.m3u8
CPAC (EN),https://d7z3qjdsxbwoq.cloudfront.net/groupa/live/f9809cea-1e07-47cd-a94d-2ddd3e1351db/live.isml/.m3u8
ICI RDI,https://rcavlive.akamaized.net/hls/live/704025/xcanrdi/master.m3u8
ICI Télé HD Ⓖ,https://rcavlive.akamaized.net/hls/live/696615/xcancbft/master.m3u8
TVA Ⓖ,https://tvalive-dai01.akamaized.net/Content/HLS/Live/channel(575b93c5-be31-ee34-6285-14620fd14048)/index.m3u8
Noovo,https://pe-ak-lp04a-9c9media.akamaized.net/live/NOOVO/p/dash/00000001/f481c583dbd06b6c/manifest.mpd
Télé Québec,https://bcovlive-a.akamaihd.net/575d86160eb143458d51f7ab187a4e68/us-east-1/6101674910001/playlist.m3u8
Savoir Média,https://hls.savoir.media/live/stream.m3u8
CPAC (FR),https://bcsecurelivehls-i.akamaihd.net/hls/live/680604/1242843915001_3/master.m3u8
ICI Montreal,https://amdici.akamaized.net/hls/live/873426/ICI-Live-Stream/master.m3u8
Toronto 360 TV,http://cdn3.toronto360.tv:8081/toronto360/hd/playlist.m3u8
Tchad 24,http://102.131.58.110/out_1/index.m3u8
Télé Tchad Ⓢ,https://strhlslb01.streamakaci.tv/str_tchad_tchad/str_tchad_multi/playlist.m3u8
UCV Televisión,https://unlimited1-cl-isp.dps.live/ucvtv2/ucvtv2.smil/playlist.m3u8
TVN Ⓖ,https://iptv2.intersurtv.cl/TVN/index.m3u8
24 horas,https://mdstrm.com/live-stream-playlist/689ba606ecfe7915e1f8f741.m3u8
NTV Ⓖ,https://cdn1tlinkgo.tlink.cl/ntvhd/mono.m3u8
TV Chile Ⓖ,https://mdstrm.com/live-stream-playlist/533adcc949386ce765657d7c.m3u8
Canal 13,https://redirector.dps.live/hls/13cl/playlist.m3u8
TV+,https://jireh-8-hls-video-us-isp.dps.live/hls-video/ey6283je82983je9823je8jowowiekldk9838274/tvmas/tvmas.smil/playlist.m3u8
Chilevisión Ⓖ,https://redirector.rudo.video/hls-video/10b92cafdf3646cbc1e727f3dc76863621a327fd/chv/chv.smil/playlist.m3u8
UChile TV,https://unlimited1-us.dps.live/uchiletv/uchiletv.smil/playlist.m3u8
T13 en vivo,https://redirector.rudo.video/hls-video/10b92cafdf3646cbc1e727f3dc76863621a327fd/t13/t13.smil/playlist.m3u8
13 Entretención,https://origin.dpsgo.com/ssai/event/BBp0VeP6QtOOlH8nu3bWTg/master.m3u8
13 Cultura,https://origin.dpsgo.com/ssai/event/GI-9cp_bT8KcerLpZwkuhw/master.m3u8
13 Prime,https://origin.dpsgo.com/ssai/event/p4mmBxEzSmKAxY1GusOHrw/master.m3u8
13 Kids,https://origin.dpsgo.com/ssai/event/LhHrVtyeQkKZ-Ye_xEU75g/master.m3u8
13 Realities,https://origin.dpsgo.com/ssai/event/g7_JOM0ORki9SR5RKHe-Kw/master.m3u8
13 Teleseries,https://origin.dpsgo.com/ssai/event/f4TrySe8SoiGF8Lu3EIq1g/master.m3u8
El Pingüino TV,https://redirector.rudo.video/hls-video/339f69c6122f6d8f4574732c235f09b7683e31a5/pinguinotv/pinguinotv.smil/playlist.m3u8
UCL,https://redirector.rudo.video/hls-video/c54ac2799874375c81c1672abb700870537c5223/ucl/ucl.smil/playlist.m3u8
Deportes13 Ⓖ,https://redirector.rudo.video/hls-video/ey6283je82983je9823je8jowowiekldk9838274/13d/13d.smil/playlist.m3u8
TVN 3,https://mdstrm.com/live-stream-playlist/5653641561b4eba30a7e4929.m3u8
Chilevisión Noticias,https://redirector.rudo.video/hls-video/10b92cafdf3646cbc1e727f3dc76863621a327fd/chvn/chvn.smil/playlist.m3u8
SoloTV,https://stream.making.cl/memfs/ee909361-73e9-4e74-8391-5f1b0b8006c2.m3u8
Mega,https://unlimited2-cl-isp.dps.live/mega/mega.smil/playlist.m3u8
Bio Bio TV,https://redirector.rudo.video/hls-video/339f69c6122f6d8f4574732c235f09b7683e31a5/bbtv/bbtv.smil/playlist.m3u8
FZTV-1 News 新闻综合频道,http://live.zohi.tv/video/s10001-fztv-1/index.m3u8
FZTV-3 Lifestyle Channel 生活频道,http://live.zohi.tv/video/s10001-fztv-3/index.m3u8
FZTV-4 Children 少儿频道,http://live.zohi.tv/video/s10001-fztv-4/index.m3u8
TV BRICS Chinese,https://chibrics.mediacdn.ru/cdn/brics/chinese/playlist.m3u8
Canal 1,https://vid.canal1cr.com:3424/multi_live/play_720.m3u8
Canal 2 CDR,https://d3bgcstab9qhdz.cloudfront.net/hls/canal2.m3u8
Canal 4,https://d3bgcstab9qhdz.cloudfront.net/hls/canal2.m3u8
Canal 6,https://d3bgcstab9qhdz.cloudfront.net/hls/canal2.m3u8
Canal 8,http://mdstrm.com/live-stream-playlist/5a7b1e63a8da282c34d65445.m3u8
Canal 11,https://d3bgcstab9qhdz.cloudfront.net/hls/canal2.m3u8
88 Stereo,http://k3.usastreams.com/CableLatino/88stereo/playlist.m3u8
HRT 1 Ⓖ,https://bpcdnmanprod.nexttv.ht.hr/bpk-tv/HRT1/default/index.mpd
HRT 2 Ⓖ,https://bpcdnmanprod.nexttv.ht.hr/bpk-tv/HRT2/default/index.mpd
RTL,https://d1cs5tlhj75jxe.cloudfront.net/rtl/playlist.m3u8
Nova TV,http://176.61.157.250/NovaTV/index.m3u8
HRT 3 Ⓖ,https://bpcdnmanprod.nexttv.ht.hr/bpk-tv/HRT3/default/index.mpd
HRT 4 Ⓖ,https://bpcdnmanprod.nexttv.ht.hr/bpk-tv/HRT4/default/index.mpd
RTL 2,https://d1um9c09e0t5ag.cloudfront.net/rtl2/playlist.m3u8
Sportska televizija Ⓖ,https://stream.agatin.hr:3087/live/sptvlive.m3u8
RTL Kockica,https://d1rzyyum8t0q1e.cloudfront.net/rtl-kockica/playlist.m3u8
CMC TV,https://stream.cmctv.hr:49998/cmc/live.m3u8
Plava Vinkovačka,https://player-api.new.livestream.com/accounts/26611954/events/7977299/broadcasts/237205435.secure.m3u8
Televizija Slavonije i Baranje (STV),http://89.201.163.244:8080/hls/hdmi.m3u8
Osječka televizija (OSTV) Ⓢ,https://player-api.new.livestream.com/accounts/27681961/events/8347875/broadcasts/237202062.secure.m3u8
SBTV,https://live.leveex.hr/hls/live.m3u8
OTV,https://stream.agatin.hr:3559/live/otvlive.m3u8
Z1 Ⓨ,https://www.youtube.com/@z1televizija/live
Kanal Ri,https://live.kanal-ri.click/LiveApp/streams/B6HK3voDwNsRQoLm1124882102135504.m3u8
TV Nova,https://stream.agatin.hr:3727/live/tvnovalive.m3u8
Diadora,https://diadoratv.stream/live/diadora/playlist.m3u8
TV Jadran,https://tvjadran.stream.agatin.hr:3412/live/tvjadranlive.m3u8
TV Dalmacija Ⓨ,https://www.youtube.com/channel/UCvNIJIY4CM-T28UQgbUE4rQ/live
Libertas TV,https://stream.luci.xyz/hls/LTV.m3u8
Trend TV,http://185.62.75.22:1935/trend/myStream/playlist.m3u8
Televizija Zapad,http://webtv.zapad.tv:8080/memfs/1ad23803-84c3-41c7-aa91-fce4c7eac52e.m3u8
Al Jazeera Balkans,https://live-hls-web-ajb.getaj.net/AJB/index.m3u8
N1 Hrvatska Ⓨ,https://www.youtube.com/@N1_Hrvatska/live
RIK 1 Ⓢ,http://213.7.216.229:8888/udp/239.23.0.1:1234
RIK 2 Ⓢ,http://213.7.216.229:8888/udp/239.23.0.2:1234
RIK HD,http://213.7.216.229:8888/udp/239.23.0.5:1234
RIK Sat,https://l3.cloudskep.com/cybcsat/abr/playlist.m3u8
Ada TV,https://yayin1.canlitv.fun/live/kibrisadatv.stream/playlist.m3u8
ČT1,http://88.212.15.19/live/test_ct1_25p/playlist.m3u8
ČT2,http://88.212.15.19/live/test_ct2_25p/playlist.m3u8
ČT24,http://88.212.15.19/live/test_ct24_hevc/playlist.m3u8
ČT sport,http://88.212.15.19/live/test_ctsport_25p/playlist.m3u8
ČT :D,https://sktv.mxnticek.eu/new/stream.php?ch=CT_D
ČT art,http://88.212.15.19/live/ct_art_avc_25p/playlist.m3u8
ČT sport Plus,https://sktv.mxnticek.eu/new/stream.php?ch=%C4%8CT+sport+Plus
TV Nova Ⓢ,https://sktv.mxnticek.eu/new/stream.php?ch=Nova
Nova Cinema,https://sktv.mxnticek.eu/new/stream.php?ch=NovaCinema
Nova Action,https://sktv.mxnticek.eu/new/stream.php?ch=NovaAction
Nova Fun,https://sktv.mxnticek.eu/new/stream.php?ch=NovaFun
Nova Gold,https://sktv.mxnticek.eu/new/stream.php?ch=NovaGold
Nova Lady,https://sktv.mxnticek.eu/new/stream.php?ch=NovaLady
TN Live,https://sktv.mxnticek.eu/new/stream.php?ch=Nova+TN+Live
Prima,http://88.212.15.19/live/prima_avc_25p/playlist.m3u8
CNN Prima News,https://sktv.mxnticek.eu/new/stream.php?ch=PrimaNews
Prima Zoom,http://88.212.15.19/live/prima_zoom_avc_25p/playlist.m3u8
Prima Love,http://88.212.15.19/live/prima_love_cz_avc/index.m3u8
Prima STAR,http://88.212.15.19/live/test_prima_star_hevc_25p/playlist.m3u8
Prima Krimi,https://sktv.mxnticek.eu/new/stream.php?ch=PrimaKrimi
Prima MAX,https://sktv.mxnticek.eu/new/stream.php?ch=PrimaMax
Prima Cool,http://88.212.15.19/live/prima_cool_cz_avc/index.m3u8
Prima Show,http://88.212.15.19/live/test_prima_show_hevc_25p/playlist.m3u8
JOJ Family Ⓢ,https://sktv.mxnticek.eu/new/stream.php?ch=JOJ+Family
JOJ Cinema,https://sktv.mxnticek.eu/new/stream.php?ch=JOJ+Cinema
CS Film,https://sktv.mxnticek.eu/new/stream.php?ch=CS+Film
CS History,https://sktv.mxnticek.eu/new/stream.php?ch=CS+History
CS Mystery,https://sktv.mxnticek.eu/new/stream.php?ch=CS+Mystery
Óčko Ⓢ,https://ocko-live.ssl.cdn.cra.cz/channels/ocko/playlist.m3u8
Óčko Star Ⓢ,https://ocko-live.ssl.cdn.cra.cz/channels/ocko_gold/playlist.m3u8
Óčko Expres Ⓢ,https://ocko-live.ssl.cdn.cra.cz/channels/ocko_expres/playlist.m3u8
Šlágr Originál Ⓢ,https://stream-13.mazana.tv/slagroriginal.m3u8s
Šlágr Muzika Ⓢ,https://stream-23.mazana.tv/slagrmuzika.m3u8s
Šlágr Premium Ⓢ,https://stream-15.mazana.tv/slagrpremium.m3u
Retro Music TV Ⓢ,https://stream.mediawork.cz/retrotv/smil:retrotv2.smil/playlist.m3u8
Praha TV,https://1977134029.rsc.cdn77.org/1977134029/index.m3u8
Východoceská TV,https://stream.polar.cz/vctv/vctvlive-1/playlist.m3u8
UTV,https://vysilani.zaktv.cz/broadcast/hls/utv/index.m3u8
DR1 Ⓖ,https://drlive01texthls.akamaized.net/hls/live/2014186/drlive01text/master.m3u8
DR2 Ⓖ,https://drlive02texthls.akamaized.net/hls/live/2014188/drlive02text/master.m3u8
DR Ramasjang Ⓖ,https://drlive03texthls.akamaized.net/hls/live/2014191/drlive03text/master.m3u8
Folketinget TV,https://cdnapi.kaltura.com/p/2158211/sp/327418300/playManifest/entryId/1_24gfa7qq/protocol/https/format/applehttp/a.m3u8
TV Syd+,https://cdn.jwplayer.com/live/broadcast/bcZFHqNK.m3u8
TV 2/Fyn,https://cdn.jwplayer.com/live/broadcast/igp9r9oc.mpd
TV 2/Øst,http://grevsen.dk/live/catchuptv/catchuptv/16.m3u8
TV 2/Nord,http://grevsen.dk/live/catchuptv/catchuptv/14.m3u8
TV/Midt-Vest,http://grevsen.dk/live/catchuptv/catchuptv/13.m3u8
TV 2/Østjylland,http://grevsen.dk/live/catchuptv/catchuptv/17.m3u8
TV 2/Bornholm,https://livecdn.euw1-0005.jwplive.com/live/sites/J42OBHtp/media/vvNWt4O9/live.isml/.m3u8
Kanal Hovedstaden,http://khkbh.dk:8080/hls/livestream/index.m3u8
Canal RTVD 4,https://cdn.protvradiostream.com/canal4rd-1/ngrp:canal4rd-1_all/playlist.m3u8
Aghapy TV,https://5b622f07944df.streamlock.net/aghapy.tv/aghapy.smil/playlist.m3u8
Al Ghad Plus,https://playlist.fasttvcdn.com/pl/ykvm3f2fhokwxqsurp9xcg/alghad-plus/playlist.m3u8
Al Ghad TV,https://eazyvwqssi.erbvr.com/alghadtv/alghadtv.m3u8
Al Qahera News,https://bcovlive-a.akamaihd.net/d30cbb3350af4cb7a6e05b9eb1bfd850/eu-west-1/6057955906001/playlist.m3u8
Alhayat TV,https://cdn3.wowza.com/5/OE5HREpIcEkySlNT/alhayat-live/ngrp:livestream_all/playlist.m3u8
Coptic TV,https://ctv.icopts.app/CTV/index.fmp4.m3u8
Huda TV,https://cdn.bestream.io:19360/elfaro1/elfaro1.m3u8
Koogi TV,https://5d658d7e9f562.streamlock.net/koogi.tv/koogi.smil/playlist.m3u8
MBC Masr 1,https://shd-gcp-live.edgenextcdn.net/live/bitmovin-mbc-masr/956eac069c78a35d47245db6cdbb1575/index.m3u8
MBC Masr 2,https://shd-gcp-live.edgenextcdn.net/live/bitmovin-mbc-masr-2/754931856515075b0aabf0e583495c68/index.m3u8
Rotana Cinema,https://rotana.hibridcdn.net/rotananet/cinemamasr_net-7Y83PP5adWixDF93/playlist.m3u8
Watan TV,https://rp.tactivemedia.com/watantv_source/live/playlist.m3u8
ETV Ⓖ,http://sb.err.ee/live/etv.m3u8
ETV2 Ⓖ,http://sb.err.ee/live/etv2.m3u8
ETV+ Ⓖ,http://sb.err.ee/live/etvpluss.m3u8
Riigikogu,https://router.euddn.net/862366dd346d6b6392d5231546f3d179/smil:rk_live_1.smil/playlist.m3u8?c=8005
Taevas TV7,https://vod.tv7.fi/tv7-ee/_definst_/smil:tv7-ee.smil/playlist.m3u8
Life TV Estonia,https://lifetv.bitflip.ee/live/stream2.m3u8
Life TV Europe,https://lifetv.bitflip.ee/live/stream1.m3u8
TBN Baltia,http://dc.tbnbaltia.eu:8088/dvr/rewind-21600.m3u8
KVF Sjónvarp,https://w-live-edge1.kringvarp.fo/uttanlands/_definst_/smil:uttanlands.smil/playlist.m3u8
Tingvarp,https://play.kringvarp.fo/redirect/tingvarp/_definst_/smil:tingvarp.smil?type=m3u8
Yle TV1 Ⓖ,https://yletv.akamaized.net/hls/live/622365/yletv1fin/index.m3u8
Yle TV2 Ⓖ,https://yletv.akamaized.net/hls/live/622366/yletv2fin/index.m3u8
MTV3,https://live-fi.tvkaista.net/mtv3/live.m3u8?src=freetv
Nelonen,https://live-fi.tvkaista.net/nelonen/live.m3u8?src=freetv
Yle Teema Fem Ⓖ,https://yletv.akamaized.net/hls/live/622367/yletvteemafemfin/index.m3u8
MTV Sub,https://live-fi.tvkaista.net/sub/live.m3u8?src=freetv
TV5 Finland,https://live-fi.tvkaista.net/tv5/live.m3u8?src=freetv
Liv,https://live-fi.tvkaista.net/liv/live.m3u8?src=freetv
Jim,https://live-fi.tvkaista.net/jim/live.m3u8?src=freetv
Kutonen,https://live-fi.tvkaista.net/kutonen/live.m3u8?src=freetv
TLC Finland,https://live-fi.tvkaista.net/tlc/live.m3u8?src=freetv
Star Channel Finland,https://live-fi.tvkaista.net/star-channel/live.m3u8?src=freetv
MTV Ava,https://live-fi.tvkaista.net/ava/live.m3u8?src=freetv
Hero,https://live-fi.tvkaista.net/hero/live.m3u8?src=freetv
Frii,https://live-fi.tvkaista.net/frii/live.m3u8?src=freetv
Alfa Ⓢ,https://irrtv2.digitacdn.net/live/ott/irrtv/playlist.m3u8?organizationId=229401409&suiteItemId=230439940
TapahtumaTV Eveo,https://live-fi.tvkaista.net/tapahtumatv-eveo/live.m3u8?src=freetv
National Geographic Finland Ⓖ,https://live-fi.tvkaista.net/national-geographic/live.m3u8?src=freetv
Viaplay TV,https://live-fi.tvkaista.net/viaplay-tv/live.m3u8?src=freetv
OnniTV,https://onnitv.digitacdn.net/live/ott/onnitv/playlist.m3u8?organizationId=83459409&suiteItemId=83459780
Taivas TV7,https://vod.tv7.fi/tv7-fi/_definst_/smil:tv7-fi.smil/playlist.m3u8
Himlen TV7,https://vod.tv7.fi/tv7-se/_definst_/smil:tv7-se.smil/playlist.m3u8
MTV Uutiset Live,https://live.streaming.a2d.tv/asset/20025962.isml/.m3u8
Nopola News,https://virta2.nopolanews.fi:8443/live/smil:Stream1.smil/playlist.m3u8
När-TV Ⓢ,https://streaming.nartv.fi/live/ngrp:NAR_TV.stream_all/playlist.m3u8
Sundom TV Ⓨ,https://www.youtube.com/@SundomTV/live
Wör TV Ⓨ,https://www.youtube.com/@wor-tvr.f.4461/live
YleX Studio Live,https://ylestudiolive.akamaized.net/hls/live/2007826/ylestudiolive-YleX/master.m3u8
Järviradio TV,https://streamer.radiotaajuus.fi/memfs/47f113bf-04ea-493b-a9d4-52945fd9db31.m3u8
Arte Ⓖ,https://artesimulcast.akamaized.net/hls/live/2031003/artelive_fr/index.m3u8
LCP,https://lcp.fr/le-live-lcp-tnt-5433
Public Sénat,https://www.publicsenat.fr/direct
CNews Ⓓ,https://www.dailymotion.com/video/x3b68jn
franceinfo: Ⓨ,https://www.youtube.com/c/franceinfo/live
France 24 Ⓨ,https://www.youtube.com/c/FRANCE24/live
Euronews Français Ⓨ,https://www.youtube.com/euronewsfr/live
Africanews Ⓨ,https://www.youtube.com/c/Africanewsfr/live
L'Équipe ⒹⒼ,https://www.dailymotion.com/video/x2lefik
France Inter Ⓨ,https://www.youtube.com/c/FranceInter/live
CGTN Français,https://news.cgtn.com/resource/live/french/cgtn-f.m3u8
TV Mulhouse,http://194.163.157.137:8080/hls/radiomulhouse.m3u8
TV Alsace,http://194.163.157.137:8080/hls/radioalsace.m3u8
Handicap TV,https://srv.webtvmanager.fr:3697/stream/play.m3u8
TF1,http://151.80.18.177:86/TF1_HD/index.m3u8
France 3,http://89.187.185.76:8080/France3/index.m3u8
France 4,http://176.65.146.100:8047/play/a074/index.m3u8
France 5,http://145.239.5.177/305/index.m3u8
TMC,http://151.80.18.177:86/TMC/index.m3u8
TFX,http://145.239.5.177/315/index.m3u8
TV5 Monde Info,https://ott.tv5monde.com/Content/HLS/Live/channel(info)/index.m3u8
TV5 Monde FBS,https://ott.tv5monde.com/Content/HLS/Live/channel(fbs)/index.m3u8
TV5 Monde Europe,https://ott.tv5monde.com/Content/HLS/Live/channel(europe)/index.m3u8
BFM TV,https://ncdn-live-bfm.pfd.sfr.net/shls/LIVE$BFM_TV/index.m3u8?end=END&start=LIVE
Gulli,http://99.27.51.147:8080/Gulli/index.m3u8
6ter,http://145.239.5.177/314/index.m3u8
LCI,http://145.239.5.177/368/index.m3u8
M6,http://99.27.51.147:8080/M6/index.m3u8
W9,http://145.239.5.177/331a/index.m3u8
CStar,http://145.239.5.177/361/index.m3u8
L'Équipe Ⓨ,https://www.youtube.com/@lequipe/live
RMC Life (ex-Chérie 25),http://145.239.5.177/333/index.m3u8
First Channel (1TV),https://tv.cdn.xsg.ge/gpb-1tv/index.m3u8
First Channel /Education/ (2TV),https://tv.cdn.xsg.ge/gpb-2tv/index.m3u8
Imedi TV,https://tv.cdn.xsg.ge/imedihd/index.m3u8
Rustavi 2,http://nue01-edge01.itdc.ge/rustavi2hqnew/mpegts
Mtavari Arkhi,https://bozztv.com/36bay2/mtavariarxi/playlist.m3u8
GDS,http://31.146.5.178:8087/play/a00a/index.m3u8
TV Pirveli,http://nue01-edge01.itdc.ge/pirvelitv/mpegts
Formula,https://c4635.cdn.xsg.ge/c4635/TVFormula/index.m3u8
Pos TV,https://live.postv.media/stream/index.m3u8
Obieqtivi,https://live20.bozztv.com/dvrfl05/gin-obieqtivitv/index.m3u8
Euronews Georgia Ⓖ,http://nue01-edge01.itdc.ge/euronewsgeorgia/mpegts
Das Erste Ⓖ,https://daserste-live.ard-mcdn.de/daserste/live/hls/de/master.m3u8
ZDF Ⓖ,http://zdf-hls-15.akamaized.net/hls/live/2016498/de/veryhigh/master.m3u8
3sat Ⓖ,https://zdf-hls-18.akamaized.net/hls/live/2016501/dach/veryhigh/master.m3u8
ARD Alpha Ⓖ,https://mcdn.br.de/br/fs/ard_alpha/hls/de/master.m3u8
ARTE Ⓖ,https://artesimulcast.akamaized.net/hls/live/2030993/artelive_de/index.m3u8
DELUXE MUSIC,https://sdn-global-live-streaming-packager-cache.3qsdn.com/13456/13456_264_live.m3u8
DELUXE MUSIC DANCE BY KONTOR,https://sdn-global-live-streaming-packager-cache.3qsdn.com/64733/64733_264_live.m3u8
DELUXE MUSIC RAP,https://sdn-global-live-streaming-packager-cache.3qsdn.com/65183/65183_264_live.m3u8
SCHLAGER DELUXE,https://sdn-global-live-streaming-packager-cache.3qsdn.com/26658/26658_264_live.m3u8
Euronews Deutsch Ⓨ,https://www.youtube.com/euronewsde/live
KiKa Ⓖ,https://kikageohls.akamaized.net/hls/live/2022693/livetvkika_de/master.m3u8
ONE Ⓖ,https://mcdn-one.ard.de/ardone/hls/master.m3u8
Phoenix Ⓖ,https://zdf-hls-19.akamaized.net/hls/live/2016502/de/veryhigh/master.m3u8
Tagesschau24,https://tagesschau.akamaized.net/hls/live/2020115/tagesschau/tagesschau_1/master.m3u8
Welt,https://w-live2weltcms.akamaized.net/hls/live/2041019/Welt-LivePGM/index.m3u8
ZDFinfo Ⓖ,https://zdf-hls-17.akamaized.net/hls/live/2016500/de/veryhigh/master.m3u8
ZDFneo Ⓖ,https://zdf-hls-16.akamaized.net/hls/live/2016499/de/veryhigh/master.m3u8
BR Nord Ⓖ,https://mcdn.br.de/br/fs/bfs_nord/hls/de/master.m3u8
BR Süd Ⓖ,https://mcdn.br.de/br/fs/bfs_sued/hls/de/master.m3u8
HR Ⓖ,https://hrhls.akamaized.net/hls/live/2024525/hrhls/master.m3u8
MDR Sachsen Ⓖ,https://mdrtvsnhls.akamaized.net/hls/live/2016928/mdrtvsn/master.m3u8
MDR Sachsen-Anhalt Ⓖ,https://mdrtvsahls.akamaized.net/hls/live/2016879/mdrtvsa/master.m3u8
MDR Thüringen Ⓖ,https://mdrtvthhls.akamaized.net/hls/live/2016880/mdrtvth/master.m3u8
NDR Hamburg Ⓖ,https://mcdn.ndr.de/ndr/hls/ndr_fs/ndr_hh/master.m3u8
NDR Mecklenburg-Vorpommern Ⓖ,https://mcdn.ndr.de/ndr/hls/ndr_fs/ndr_mv/master.m3u8
NDR Niedersachsen Ⓖ,https://mcdn.ndr.de/ndr/hls/ndr_fs/ndr_nds/master.m3u8
NDR Schleswig-Holstein Ⓖ,https://mcdn.ndr.de/ndr/hls/ndr_fs/ndr_sh/master.m3u8
Radio Bremen Ⓖ,https://rbhlslive.akamaized.net/hls/live/2020435/rbfs/master.m3u8
RBB Berlin Ⓖ,https://rbb-hls-berlin.akamaized.net/hls/live/2017824/rbb_berlin/master.m3u8
RBB Brandenburg Ⓖ,https://rbb-hls-brandenburg.akamaized.net/hls/live/2017825/rbb_brandenburg/master.m3u8
SR Ⓖ,https://srfs.akamaized.net/hls/live/689649/srfsgeo/index.m3u8
SWR Baden-Württemberg Ⓖ,https://swrbwd-hls.akamaized.net/hls/live/2018672/swrbwd/master.m3u8
SWR Rheinland-Pfalz Ⓖ,https://swrrpd-hls.akamaized.net/hls/live/2018676/swrrpd/master.m3u8
WDR Ⓖ,https://wdrfs247.akamaized.net/hls/live/681509/wdr_msl4_fs247/index.m3u8
NDR International,https://ndrint.akamaized.net/hls/live/2020766/ndr_int/index.m3u8
ERT 1 Ⓖ,https://ert-live.siliconweb.com/bpk-tv/ERT1/default/index.mpd
ERT 2 Ⓖ,https://ert-live.siliconweb.com/bpk-tv/ERT2/default/index.mpd
ERT 3 Ⓖ,https://ert-live.siliconweb.com/bpk-tv/ERT3/default/index.mpd
ERT News,https://ert-ucdn.broadpeak-aas.com/bpk-tv/ERTNews/default/index.mpd
ERT Cosmos,https://ert-ucdn.broadpeak-aas.com/bpk-tv/ERTCosmos/default/index.mpd
ERT Sports 1,https://ert-ucdn.broadpeak-aas.com/bpk-tv/ERTSports1/default/index.mpd
ERT Sports 2,https://ert-ucdn.broadpeak-aas.com/bpk-tv/ERTSports2/default/index.mpd
ERT Sports 3,https://ert-ucdn.broadpeak-aas.com/bpk-tv/ERTSports3/default/index.mpd
ERT Sports 4,https://ert-ucdn.broadpeak-aas.com/bpk-tv/ERTSports4/default/index.mpd
ERT Kids Ⓖ,https://ert-ucdn.broadpeak-aas.com/bpk-tv/ERTKids/default/index.mpd
Vouli TV,https://diavlos-cache.cnt.grnet.gr/parltv/webtv-1b.sdp/playlist.m3u8
RIK Sat,https://l3.cloudskep.com/cybcsat/abr/playlist.m3u8
Mega News,https://c98db5952cb54b358365984178fb898a.msvdn.net/live/S99841657/NU0xOarAMJ5X/playlist.m3u8
ANT1,https://mcdn.antennaplus.gr/live/media0/Ant1/HLS/Ant1.m3u8
Star,https://livestar.siliconweb.com/starvod/star4/star4.m3u8
Star International,https://livestar.siliconweb.com/starvod/star_int/star_int.m3u8
AlphaTV,https://alphatvlive2.siliconweb.com/alphatvlive/live_abr/playlist.m3u8
Skai TV,http://skai-live.siliconweb.com/media/cambria4/index.m3u8
Open TV,https://liveopen.siliconweb.com/openTvLive/liveopen/playlist.m3u8
MAK TV,https://mcdn.antennaplus.gr/live/media0/MAK/HLS/MAK.m3u8
Euronews Greek,https://www.youtube.com/euronewsGreek/live
Action24,https://actionlive.siliconweb.com/actionabr/actiontv/playlist.m3u8
Alert,https://itv.streams.ovh/ALEERT/ALEERT/playlist.m3u8
Blue Sky,https://www.youtube.com/channel/UCBuEruzW_f-Qpj_sABmuYSg/live
High TV,https://live.streams.ovh/hightv/hightv/playlist.m3u8
Kontra,https://kontralive.siliconweb.com/live/kontratv/playlist.m3u8
Mad Ⓨ,https://www.youtube.com/c/madtvgreece/live
Naftemporiki TV,https://telmaco.ascdn.broadpeak.io/nafteboriki/default/index.m3u8
One Channel,https://onechannel.siliconweb.com/one/stream/chunks_dvr.m3u8
4E,http://eu2.tv4e.gr:1935/live/myStream.sdp/playlist.m3u8
DION,https://www.youtube.com/@diontileorash/live
Egnatia,https://video.streams.ovh:1936/egnatiatv/egnatiatv/index.m3u
Euro,https://live20.bozztv.com/akamaissh101/ssh101/eurotvlive/playlist.m3u8
Gnomi,https://live.streams.ovh:8081/gnomitv/index.m3u8
Pella,https://video.streams.ovh:1936/pellatv/pellatv/playlist.m3u8
Pontos,https://www.youtube.com/@PontosTV/live
TV 100,https://panel.gwebstream.eu:19360/tv100skg/tv100skg.m3u8
Vergina,https://verginanews.gr:8443/hls_live/stream1.m3u8
Best TV,https://besttv.siliconweb.com/bestTV/live_abr/playlist.m3u8
Hlektra,https://live20.bozztv.com/giatv/giatv-hlektratv/hlektratv/playlist.m3u8
Ionian Channel,https://stream.ioniantv.gr/ionian/live_abr/playlist.m3u8
Lepanto,https://fr.crystalweb.net:1936/lepantotv/lepantotv/playlist.m3u8
Lychnos,https://thor.mental-media.gr:19360/imp/imp.m3u8
Mesogeios TV,https://rtmp.win:3793/live/mesogeiostvlive.m3u8
Epsilon,https://neon.streams.gr:8081/epsilontv/index.m3u8
91NRG,http://tv.nrg91.gr:1935/onweb/live/master.m3u8
Astra,https://server.gointernet.gr/live/livestream.m3u8
Thessalia,https://www.youtube.com/c/thessaliatv1/live
TRT,https://av.hellasnet.tv/rst/trt/index.m3u8
Acheloos,https://acheloostv.streamings.gr/live/stream/index.m3u8
ART TV,https://rtmp.win:3696/live/arttvgrlive.m3u8
Corfu,https://itv.streams.ovh:1936/corfuchannel/corfuchannel/playlist.m3u8
Epirus TV 1,https://rtmp.win:3929/live/epiruslive.m3u8
Start,https://live.cast-control.eu/StartMedia/StartMedia/playlist.m3u8
Center TV,https://eu1.streams.gr:8081/centertv/index.m3u8
Delta Evros,http://81.171.10.42:1935/liveD/DStream.sdp/chunklist_w819085920.m3u8
Thraki Net TV,https://cdn.onestreaming.com/thrakinettv/thrakinettv/playlist.m3u8
Creta,http://live.streams.ovh:1935/tvcreta/tvcreta/playlist.m3u8
Kriti 1,https://livetv.streams.ovh:8081/kriti/index.m3u8
Kriti TV,https://cretetvlive.siliconweb.com/cretetv/liveabr/playlist.m3u8
NEA,https://live.neatv.gr:8888/hls/neatv_high/index.m3u8
Samiaki TV,http://live.cast-control.eu:1935/samiaki/samiaki/playlist.m3u8
Syros TV1,https://eco.streams.ovh:1936/syrostv1/syrostv1/playlist.m3u8
KNR1 Ⓨ Ⓖ,https://www.youtube.com/@KNRgreenland/live
KNR2 Ⓨ,https://www.youtube.com/@nutaarsiassat/live
RTHK TV 31,https://rthktv31-live.akamaized.net/hls/live/2036818/RTHKTV31/master.m3u8
RTHK TV 32,https://rthktv32-live.akamaized.net/hls/live/2036819/RTHKTV32/master.m3u8
HOY TV Ⓖ,https://hoytv-live-stream.hoy.tv/ch78/index-fhd.m3u8
M1 Ⓖ,http://88.212.15.19/live/test_m_1_hungary_1200_atk/playlist.m3u8
M1 Hiradó Ⓨ,https://www.youtube.com/@M1-Hirado/live
M2 / Petőfi TV Ⓖ,http://88.212.15.19/live/m2_hun/index.m3u8
M5 Hungary Ⓖ,http://88.212.15.19/live/test_m_5_hun_atk_1200/playlist.m3u8
Duna TV Ⓖ,http://88.212.15.19/live/duna_hun/index.m3u8
RTL Klub,http://88.212.15.19/live/test_rtl_klub_hungary_1200_atk/playlist.m3u8
TV2,http://88.212.15.19/live/test_tv_2_hungary_1200_atk/playlist.m3u8
ATV,http://88.212.15.19/live/test_atv_hungary_1200_atk/playlist.m3u8
Spektrum Home,http://88.212.15.19/live/spektrum_home_hun/index.m3u8
ErdélyTV Ⓨ,https://www.youtube.com/channel/UCS5t4xWMT6lIZ9tcPROUd5A/live
FEM3 (TV2 Klub),http://88.212.15.19/live/test_fem3_atktv/playlist.m3u8
Viasat 6,http://88.212.15.19/live/viasat6/index.m3u8
EWTN TV,https://hls.iptvservice.eu/hls/ewtn-hd.m3u8
Apostol TV,https://live.apostoltv.hu/live/playlist.m3u8
Oxygen Music,https://oxygenmusic.hu:2443/hls/oxygenmusic.m3u8
Dance TV,https://m1b2.worldcast.tv/dancetelevisionone/2/dancetelevisionone.m3u8
Radio 1 Ⓨ,https://www.youtube.com/@radio1hungary/live
DikhTv Ⓨ,https://www.youtube.com/c/DikhTvGipsyTv/live
Izaura TV,http://88.212.15.19/live/izaura/index.m3u8
Euronews Hungarian Ⓨ,https://www.youtube.com/channel/UC4Ct8gIf9f0n4mdyGsFiZRA/live
Parlamenti közvetítés,https://plenaris.parlament.hu:446/edgelive/smil:mkogyplen.smil/playlist.m3u8
Parlamenti TAB közvetítés,https://tab.parlament.hu:446/edgelive/smil:mkogytab.smil/playlist.m3u8
Balaton TV,https://stream.iptvservice.eu/hls/balatontv.m3u8
Komlos TV,https://stream.streaming4u.hu/KomlosTV/tracks-v1a1/mono.m3u8
Ózdi Városi TV,http://stream.nmih.hu:7980/live.m3u8
TV7 Békéscsaba,https://stream.y5.hu/stream/stream_bekescsaba/stream.m3u8
16TV,https://cloudfront44.lexanetwork.com:1344/freerelay/16tv.sdp/playlist.m3u8
CityTV (Belváros Lipótváros),https://citytv.hu/playlist.m3u8
FehérvárTV,https://cloudfront44.lexanetwork.com:1344/relay44_1/HDE046.sdp/playlist.m3u8
Gyöngyös TV,https://cloudfront44.lexanetwork.com:1344/relay44_1/HDE043.sdp/playlist.m3u8
Halom TV,rtmp://212.92.13.108/live/livestream1
Kapos TV,https://cloudfront44.lexanetwork.com:1344/relay01/broadcast004.sdp/playlist.m3u8
Kecskemét TV,http://rtmp1.40e.hu:8000/live/ktv.m3u8
Zalaegerszeg TV,https://cloudfront44.lexanetwork.com:1344/freerelay/zegtv.sdp/playlist.m3u8
DTV,http://cloudfront44.lexanetwork.com:1732/hlsrelay003/hls/livestream.sdp.m3u8
Vásárhelyi Televízió,https://stream.vasarhelyitelevizio.hu/stream/stream.m3u8
TV Eger,http://stream.tveger.hu:8010/live.m3u8
Oroszlányi Városi Televízió,https://cloudfront44.lexanetwork.com:1344/relay01/broadcast002.sdp/playlist.m3u8
Berente TV,https://stream.streaming4u.hu/BerenteTV/index.m3u8
Budapest Európa TV,https://cloudfront44.lexanetwork.com:1344/freerelay/bpetv.sdp/playlist.m3u8
Héviz TV,https://cloudfront44.lexanetwork.com:1344/relay03/livestream003.sdp/playlist.m3u8
Jászsági Térségi TV,https://cloudfront44.lexanetwork.com:1344/relay01/broadcast007.sdp/playlist.m3u8
Kanizsa TV,https://cloudfront44.lexanetwork.com:1344/freerelay/kanizsavtv.sdp/playlist.m3u8
Líceum TV,http://193.225.32.62:8890/live.m3u8
Pannon RTV,https://stream2.nmih.hu:4102/live.m3u8
Hegyvidék TV (Buda TV),http://budatv.streaming.aiproduction.hu/playlist.m3u
ES TV (Esztergom),https://cloudfront44.lexanetwork.com:1344/relay44_1/HDE040.sdp/playlist.m3u8
Komáromi Televízió,https://cloudfront44.lexanetwork.com:1344/relay01/HDE017.sdp/playlist.m3u8
Duna World / M4+ Sport,http://88.212.15.19/live/duna_world_hun/index.m3u8
Putnok Városi TV,http://91.147.248.75:5080/LiveApp/streams/nvUds5LHykQyOVXZ1706907141950.m3u8
RÚV,https://ruv-web-live.akamaized.net/streymi/ruverl/ruverl.m3u8
RÚV 2,https://ruvlive.akamaized.net/out/v1/2ff7673de40f419fa5164498fae89089/index.m3u8
Alþingi,https://althingi-live.secure.footprint.net/althingi/live/index.m3u8
NDTV India,https://ndtvindiaelemarchana.akamaized.net/hls/live/2003679/ndtvindia/master.m3u8
ABP News,https://d2l4ar6y3mrs4k.cloudfront.net/live-streaming/abpnews-livetv/master.m3u8
ABP Ananda,https://d2l4ar6y3mrs4k.cloudfront.net/live-streaming/ananda-livetv/master.m3u8
DD National Ⓨ,https://www.youtube.com/doordarshan/live
DD News Ⓨ,https://www.youtube.com/c/ddnews/live
DD India Ⓨ,https://www.youtube.com/DDIndia/live
DD Bharati Ⓨ,https://www.youtube.com/@ddbharati/live
DD Kisan Ⓨ,https://www.youtube.com/@DDKisan/live
DD Urdu Ⓨ,https://www.youtube.com/@DDUrdu/live
India Today Ⓨ,https://www.youtube.com/watch?v=sYZtOFzM78M
Aaj Tak Ⓨ,https://www.youtube.com/watch?v=Nq2wYlWFucg
India TV Ⓨ,https://www.youtube.com/watch?v=e1FIApIafWE
TV9 Bharatvarsh Ⓨ,https://www.youtube.com/watch?v=nSpwwcHVp80
TV9 Kannada,https://dyjmyiv3bp2ez.cloudfront.net/pub-iotv9kanmo6oiq/liveabr/playlist.m3u8
TV9 Telugu,https://dyjmyiv3bp2ez.cloudfront.net/pub-iotv9telcmjhcs/liveabr/playlist.m3u8
TV9 Marathi,https://dyjmyiv3bp2ez.cloudfront.net/pub-iotv9marlygv8h/liveabr/playlist.m3u8
Republic Bharat Ⓨ,https://www.youtube.com/@RepublicBharat/live
NDTV Profit,https://ndtvprofit.akamaized.net/hls/live/2107404/ndtvprofit/master_1.m3u8
Asianet News Ⓨ,https://www.youtube.com/@asianetnews/live
Asianet Suvarna News Ⓨ,https://www.youtube.com/@AsianetSuvarnaNews/live
Asianet News Telugu Ⓨ,https://www.youtube.com/@AsianetNewsTelugu/live
News18 India Ⓨ,https://nw18live.cdn.jio.com/bpk-tv/News18_India_NW18_MOB/output01/index.m3u8
CNN-News18,https://nw18live.cdn.jio.com/bpk-tv/CNN_News18_NW18_MOB/output01/index.m3u8
News18 UP Uttarakhand Ⓨ,https://www.youtube.com/@News18UPUttarakhand/live
News18 Kannada,https://nw18live.cdn.jio.com/bpk-tv/News18_Kannada_NW18_MOB/output01/index.m3u8
News18 Telugu Ⓨ,https://www.youtube.com/@News18Telugu/live
News18 Marathi Ⓨ,https://www.youtube.com/@News18Marathi/live
WION Ⓨ,https://www.youtube.com/@WION/live
Mirror Now Ⓨ,https://www.youtube.com/@mirrornow/live
ZEE News Ⓨ,https://www.youtube.com/@ZEENews/live
News24 Ⓨ,https://www.youtube.com/@News24thinkfirst/live
Good News Today Ⓨ,https://www.youtube.com/@GoodNewsTodayOfficial/live
CNBC Indonesia,https://live.cnbcindonesia.com/livecnbc/smil:cnbctv.smil/chunklist.m3u8
CNN Indonesia,http://live.cnnindonesia.com/livecnn/smil:cnntv.smil/playlist.m3u8
BeritaSatu,https://b1news.beritasatumedia.com/Beritasatu/B1News_1280x720.m3u8
IRIB TV1,https://ncdn.telewebion.ir/tv1/live/playlist.m3u8
IRIB TV2,https://ncdn.telewebion.ir/tv2/live/playlist.m3u8
IRIB TV3,https://ncdn.telewebion.ir/tv3/live/playlist.m3u8
IRIB TV4 Ⓢ,https://ncdn.telewebion.ir/tv4/live/playlist.m3u8
IRIB TV5/Tehran TV Ⓢ,https://ncdn.telewebion.ir/tehran/live/playlist.m3u8
IRINN,http://185.9.2.18/chid_926/index.m3u8
IRIB Amoozesh Ⓢ,https://ncdn.telewebion.ir/amouzesh/live/playlist.m3u8
IRIB Quran,https://ncdn.telewebion.ir/quran/live/playlist.m3u8
IRIB Mostanad,https://ncdn.telewebion.ir/mostanad/live/playlist.m3u8
IRIB Namayesh,https://ncdn.telewebion.ir/namayesh/live/playlist.m3u8
IRIB Ofogh,https://ncdn.telewebion.ir/ofogh/live/playlist.m3u8
IRIB Varzesh,https://ncdn.telewebion.ir/varzesh/live/playlist.m3u8
IRIB Pooya & Nahal,https://ncdn.telewebion.ir/pooya/live/playlist.m3u8
IRIB Salamat Ⓢ,https://ncdn.telewebion.ir/salamat/live/playlist.m3u8
IRIB Nasim,https://ncdn.telewebion.ir/nasim/live/playlist.m3u8
IRIB Omid Ⓢ,https://ncdn.telewebion.ir/omid/live/playlist.m3u8
IRIB Tamasha,https://ncdn.telewebion.ir/hdtest/live/playlist.m3u8
iFilm,https://live.presstv.co.uk/hls/ifilmfa.m3u8
IRIB UHD-HDR,https://ncdn.telewebion.ir/faratar/live/playlist.m3u8
iFilm 2 Ⓢ,https://live.presstv.co.uk/hls/ifilm2.m3u8
iFilm Arabic Ⓢ,https://live.presstv.co.uk/hls/ifilmar.m3u8
iFilm English Ⓢ,https://live.presstv.co.uk/hls/ifilmen.m3u8
Al-Alam News Network Ⓢ,https://live2.alalam.ir/alalam.m3u8
Press TV,https://cdnlive.presstv.ir/cdnlive/smil:cdnlive.smil/playlist.m3u8
Press TV French,https://live4.presstv.ir/live/smil:presstvfr.smil/playlist.m3u8
IranPress Ⓢ,https://live1.presstv.ir/live/iranpress/index.m3u8
Al-Hurra Iraq,https://mbnvvideoingest-i.akamaihd.net/hls/live/1004674/MBNV_ALHURRA_IRAQ/playlist.m3u8
Al-Hurra,https://mbnvvideoingest-i.akamaihd.net/hls/live/1004673/MBNV_ALHURRA_MAIN/playlist.m3u8
Al-Iraqiya,https://cdn.catiacast.video/abr/8d2ffb0aba244e8d9101a9488a7daa05/playlist.m3u8
Al-Rafidain,https://cdg8.edge.technocdn.com/arrafidaintv/abr_live/playlist.m3u8
Al-Rasheed,https://media1.livaat.com/AL-RASHEED-HD/tracks-v1a1/playlist.m3u8
Al-Sharqiya News,https://5d94523502c2d.streamlock.net/alsharqiyalive/mystream/playlist.m3u8
Al-Sharqiya,https://5d94523502c2d.streamlock.net/home/mystream/playlist.m3u8
Dijlah Tarab,https://ghaasiflu.online/tarab/tracks-v1a1/playlist.m3u8
Dijlah TV,https://ghaasiflu.online/Dijlah/index.m3u8
iNEWS,https://live.i-news.tv/hls/stream.m3u8
Iraq Future Ⓢ,https://viewmedia7219.bozztv.com/wmedia/viewmedia100/web_040/Stream/playlist.m3u8
Turkmeneli TV,https://137840.global.ssl.fastly.net/edge/live_6b7c6e205afb11ebb010f5a331abaf98/playlist.m3u8
Zagros TV,https://5a3ed7a72ed4b.streamlock.net/zagrostv/SMIL:myStream.smil/playlist.m3u8
Alabbassia TV,https://stream.alabbassia.com/live/alabbassia/index.m3u8
TG4,https://fastly.live.brightcove.com/6384196213112/eu-west-1/1555966122001/eyJhbGciOiJIUzI1NiIsInR5cCI6IkpXVCJ9.eyJob3N0IjoieDl2YzlnLmVncmVzcy55ODN1ZWIiLCJhY2NvdW50X2lkIjoiMTU1NTk2NjEyMjAwMSIsImVobiI6ImZhc3RseS5saXZlLmJyaWdodGNvdmUuY29tIiwiaXNzIjoiYmxpdmUtcGxheWJhY2stc291cmNlLWFwaSIsInN1YiI6InBhdGhtYXB0b2tlbiIsImF1ZCI6WyIxNTU1OTY2MTIyMDAxIl0sImp0aSI6IjYzODQxOTYyMTMxMTIifQ.Co2xR3kmJBoxTaFTpwU0b37lJ05vNt-y32-SwfM26EA/chunklist.m3u8
Houses of the Oireachtas Channel,https://d33zah5htxvoxb.cloudfront.net/el/live/oirtv/hls.m3u8
Today FM,https://live-bauerie.sharp-stream.com/TDAAC
98FM,https://live-bauerie.sharp-stream.com/98
FM104,https://onic.dublin.live.stream.broadcasting.news/stream-fm104
Radio Nova,https://playerservices.streamtheworld.com/api/livestream-redirect/RADIONOVA.mp3
Spin 103.8,https://live-bauerie.sharp-stream.com/SP
Newstalk,https://live-bauerie.sharp-stream.com/NT
Dublin's Q102,https://onic.dublin.live.stream.broadcasting.news/stream-q102
Classic Hits,https://live-bauerie.sharp-stream.com/CLASSIC
Sunshine 106.8,https://playerservices.streamtheworld.com/api/livestream-redirect/SUNSHINE_106_8.mp3
RTÉ One,https://live.rte.ie/live/a/channel1/channel1.isml/channel1.m3u8
RTÉ2,https://live.rte.ie/live/a/channel2/channel2.isml/channel2.m3u8
Virgin Media 1,https://live-virginmedia.simplestreamcdn.com/s3/rewrite/virgin_one/index.m3u8
Virgin Media 2,https://live-virginmedia.simplestreamcdn.com/s3/rewrite/virgin_two/index.m3u8
Virgin Media 3,https://live-virginmedia.simplestreamcdn.com/s3/rewrite/virgin_three/index.m3u8
Virgin Media 4,https://live-virginmedia.simplestreamcdn.com/s3/rewrite/virgin_four/index.m3u8
RTE News,https://live.rte.ie/live/a/channel3/channel3.isml/channel3.m3u8
9 канал Ⓨ,https://www.youtube.com/@israel9tv/live
כאן 11,https://kancdn.medonecdn.net/livehls/oil/kancdn-live/live/kan11/live.livx/playlist.m3u8
ערוץ 13,https://d2xg1g9o5vns8m.cloudfront.net/out/v1/0855d703f7d5436fae6a9c7ce8ca5075/index.m3u8
ערוץ 14,https://r.il.cdn-redge.media/livehls/oil/ch14/live/ch14/live.livx/playlist.m3u8
The Shopping Channel,https://shoppingil-rewriter.vidnt.com/index.m3u8
مكان 33,https://kancdn.medonecdn.net/livehls/oil/kancdn-live/live/makan/live.livx/playlist.m3u8
כאן חינוכית,http://stream.mcquack.net/378/index.m3u8
Knesset,http://stream.mcquack.net/48/index.m3u8
Rai 1,https://d3k8wzt41aflvx.cloudfront.net/RAI1/Live.m3u8
Rai 2,https://d3k8wzt41aflvx.cloudfront.net/RAI2/Live.m3u8
Rai 3,https://d3k8wzt41aflvx.cloudfront.net/RAI3/Live.m3u8
Rete 4 Ⓖ,https://live02-seg.msf.cdn.mediaset.net/live/ch-r4/r4-clr.isml/index.m3u8
Canale 5 Ⓖ,https://live02-seg.msf.cdn.mediaset.net/live/ch-c5/c5-clr.isml/index.m3u8
Italia 1 Ⓖ,https://live02-seg.msf.cdn.mediaset.net/live/ch-i1/i1-clr.isml/index.m3u8
La7,https://d1chghleocc9sm.cloudfront.net/v1/master/3722c60a815c199d9c0ef36c5b73da68a62b09d1/cc-evfku205gqrtf/Live.m3u8
TV8 Ⓖ,https://hlslive-web-gcdn-skycdn-it.akamaized.net/TACT/11223/tv8web/master.m3u8?hdnts=st%3D1764666351~exp%3D1829466206~acl%3D%2F%2A~hmac%3Db0e9165b6c55027903ad103c8219f363d8765eb300c0d9a339e9767fc3509556
Nove,https://streaming.aurora.enhanced.live/live/mpc/enl0eG1mLmVncmVzcy5mZDJ2eHI=/out/v1/IT_SIMULCAST/NOVE/CMAF/index.m3u8
20 Mediaset Ⓖ,https://live02-seg.msf.cdn.mediaset.net/live/ch-lb/lb-clr.isml/index.m3u8
Rai 4 Ⓖ,https://mediapolis.rai.it/relinker/relinkerServlet.htm?cont=746966&output=7&forceUserAgent=rainet%2F4.0.5
Iris Ⓖ,https://live02-seg.msf.cdn.mediaset.net/live/ch-ki/ki-clr.isml/index.m3u8
Rai 5 Ⓖ,https://mediapolis.rai.it/relinker/relinkerServlet.htm?cont=395276&output=7&forceUserAgent=rainet%2F4.0.5
Rai Movie Ⓖ,https://mediapolis.rai.it/relinker/relinkerServlet.htm?cont=747002&output=7&forceUserAgent=rainet%2F4.0.5
Rai Premium,https://d3k8wzt41aflvx.cloudfront.net/RaiPremium/Live.m3u8
Cielo Ⓖ,https://hlslive-web-gcdn-skycdn-it.akamaized.net/TACT/11219/cieloweb/master.m3u8?hdnts=st%3D1764666351~exp%3D1829466206~acl%3D%2F%2A~hmac%3Db0e9165b6c55027903ad103c8219f363d8765eb300c0d9a339e9767fc3509556
27 Twentyseven Ⓖ,https://live02-seg.msf.cdn.mediaset.net/live/ch-ts/ts-clr.isml/index.m3u8
TV 2000,https://hls-live-tv2000.akamaized.net/hls/live/2028510/tv2000/master.m3u8
La7 Cinema,https://viamotionhsi.netplus.ch/live/eds/la7d/browser-HLS8/la7d.m3u8
La 5 Ⓖ,https://live02-seg.msf.cdn.mediaset.net/live/ch-ka/ka-clr.isml/index.m3u8
Real Time,https://streaming.aurora.enhanced.live/live/mpc/enl0eG1mLmVncmVzcy5mZDJ2eHI=/out/v1/IT_SIMULCAST/REALTIME/CMAF/index.m3u8
QVC,https://qrg.akamaized.net/hls/live/2017383/lsqvc1it/master.m3u8
Food Network,https://streaming.aurora.enhanced.live/live/mpc/enl0eG1mLmVncmVzcy5mZDJ2eHI=/out/v1/IT_SIMULCAST/FOODNETWORK/CMAF/index.m3u8
Cine34   Ⓖ,https://live02-seg.msf.cdn.mediaset.net/live/ch-b6/b6-clr.isml/index.m3u8
Focus Ⓖ,https://live02-seg.msf.cdn.mediaset.net/live/ch-fu/fu-clr.isml/index.m3u8
RTL 102.5,https://dd782ed59e2a4e86aabf6fc508674b59.msvdn.net/live/S97044836/tbbP8T1ZRPBL/playlist.m3u8
Discovery Channel,https://streaming.aurora.enhanced.live/live/mpc/enl0eG1mLmVncmVzcy5mZDJ2eHI=/out/v1/IT_SIMULCAST/DISCOVERYCHANNEL/CMAF/index.m3u8
Giallo,https://streaming.aurora.enhanced.live/live/mpc/enl0eG1mLmVncmVzcy5mZDJ2eHI=/out/v1/IT_SIMULCAST/GIALLO/CMAF/index.m3u8
Top Crime   Ⓖ,https://live02-seg.msf.cdn.mediaset.net/live/ch-lt/lt-clr.isml/index.m3u8
BOING   Ⓖ,https://live02-seg.msf.cdn.mediaset.net/live/ch-kb/kb-clr.isml/index.m3u8
K2,https://d1pmpe0hs35ka5.cloudfront.net/v1/master/3722c60a815c199d9c0ef36c5b73da68a62b09d1/cc-39hsskpppgf72/K2_IT.m3u8
Rai Gulp Ⓖ,https://mediapolis.rai.it/relinker/relinkerServlet.htm?cont=746953&output=7&forceUserAgent=rainet%2F4.0.5
Rai YoYo Ⓖ,https://mediapolis.rai.it/relinker/relinkerServlet.htm?cont=746899&output=7&forceUserAgent=rainet%2F4.0.5
Frisbee,https://d6m7lubks416z.cloudfront.net/v1/master/3722c60a815c199d9c0ef36c5b73da68a62b09d1/cc-zmbstsedxme9s/Frisbee_IT.m3u8
Cartoonito Ⓖ,https://live02-seg.msf.cdn.mediaset.net/live/ch-la/la-clr.isml/index.m3u8
Super!,https://495c5a85d9074f29acffeaea9e0215eb.msvdn.net/super/super_main/super_main_hbbtv/playlist.m3u8
Rai News 24 Ⓖ,https://mediapolis.rai.it/relinker/relinkerServlet.htm?cont=1&output=7&forceUserAgent=rainet%2F4.0.5
Italia 2 Ⓖ,https://live02-seg.msf.cdn.mediaset.net/live/ch-i2/i2-clr.isml/index.m3u8
Sky TG24 Ⓖ,https://hlslive-web-gcdn-skycdn-it.akamaized.net/TACT/12221/web/master.m3u8?hdnts=st%3D1764666351~exp%3D1829466206~acl%3D%2F%2A~hmac%3Db0e9165b6c55027903ad103c8219f363d8765eb300c0d9a339e9767fc3509556
TGCOM 24 Ⓖ,https://live02-seg.msf.cdn.mediaset.net/live/ch-kf/kf-clr.isml/index.m3u8
DMAX,https://streaming.aurora.enhanced.live/live/mpc/enl0eG1mLmVncmVzcy5mZDJ2eHI=/out/v1/IT_SIMULCAST/DMAX/CMAF/index.m3u8
Rai Storia,https://d3k8wzt41aflvx.cloudfront.net/RAIStoria/Live.m3u8
Mediaset Extra Ⓖ,https://live02-seg.msf.cdn.mediaset.net/live/ch-kq/kq-clr.isml/index.m3u8
HGTV – Home & Garden Tv,https://streaming.aurora.enhanced.live/live/mpc/enl0eG1mLmVncmVzcy5mZDJ2eHI=/out/v1/IT_SIMULCAST/HGTV/CMAF/index.m3u8
Rai Scuola,https://d3k8wzt41aflvx.cloudfront.net/RAIScuola/Live.m3u8
Rai Sport Ⓖ,https://mediapolis.rai.it/relinker/relinkerServlet.htm?cont=358025&output=7&forceUserAgent=rainet%2F4.0.5
Turbo,https://streaming.aurora.enhanced.live/live/mpc/enl0eG1mLmVncmVzcy5mZDJ2eHI=/out/v1/IT_SIMULCAST/TURBO/CMAF/index.m3u8
Sportitalia Plus,https://sportsitalia-samsungitaly.amagi.tv/playlist.m3u8
Travel TV,https://5a1178b42cc03.streamlock.net/travel/travel/playlist.m3u8
Donna TV Ⓢ,https://5f11919dca3bd.streamlock.net/donnatv/donnatv/playlist.m3u8
SuperTennis,https://live-embed.supertennix.hiway.media/restreamer/supertennix_client/gpu-a-c0-16/restreamer/outgest/aa3673f1-e178-44a9-a947-ef41db73211a/manifest.m3u8
Alma TV,https://5f11919dca3bd.streamlock.net/almatv/almatv/playlist.m3u8
Radio 105 TV Ⓖ,https://live02-seg.msr.cdn.mediaset.net/live/ch-ec/ec-clr.isml/index.m3u8
R101 TV Ⓖ,https://live02-seg.msr.cdn.mediaset.net/live/ch-er/er-clr.isml/index.m3u8
Deejay TV,https://4c4b867c89244861ac216426883d1ad0.msvdn.net/live/S85984808/sMO0tz9Sr2Rk/playlist.m3u8
RadioItaliaTV,https://radioitaliatv.akamaized.net/hls/live/2093117/RadioitaliaTV/master.m3u8
Radio KISS KISS TV,https://kk.fluid.stream/KKMulti/smil:KissKissTV.smil/playlist.m3u8
Rai Radio 2 Visual Radio,https://mediapolis.rai.it/relinker/relinkerServlet.htm?cont=5674080&output=7&forceUserAgent=rainet%2F4.0.5
RTL 102.5 Traffic,https://dd782ed59e2a4e86aabf6fc508674b59.msvdn.net/live/S38122967/2lyQRIAAGgRR/playlist.m3u8
MAN-GA,https://c65b9e710bde44819015af98e72cd7ab.msvdn.net/live/S93572876/aILSQPYFY3pF/playlist.m3u
Radio24-IlSole24OreTV,https://ilsole24ore-radiovisual.akamaized.net/hls/live/2035302/persidera/master.m3u8
BeJoy.Kids,https://stream.paroledivita.org/bejoy.m3u8
Gambero Rosso,https://2018f6355a15442ebb37007fa4f6c064.msvdn.net/live/S7530969/XWerenuxbSdW/playlist.m3u8
RadioFreccia,https://dd782ed59e2a4e86aabf6fc508674b59.msvdn.net/live/S3160845/0tuSetc8UFkF/playlist.m3u8
RDS Social TV,https://stream.rdstv.radio/index.m3u8
Radio ZETA,https://dd782ed59e2a4e86aabf6fc508674b59.msvdn.net/live/S9346184/XEx1LqlYbNic/playlist.m3u8
Radio TV Serie A con RDS,https://stream.radioseriea.com/50773f0d0070476a8612d9984c6059d8/index.m3u8
Sportitalia SOLOCALCIO,https://di-g7ij0rwh.vo.lswcdn.net/sportitalia/sisolocalcio.smil/playlist.m3u8
BIKE Channel,https://stream.prod-01.milano.nxmedge.net/argocdn/bikechannel/video.m3u8
Radio Montecarlo TV Ⓖ,https://live02-seg.msr.cdn.mediaset.net/live/ch-bb/bb-clr.isml/index.m3u8
Virgin Radio TV Ⓖ,https://live02-seg.msr.cdn.mediaset.net/live/ch-ew/ew-clr.isml/index.m3u8
Senato TV,https://senato-live.morescreens.com/SENATO_1_001/playlist.m3u8
Camera dei Deputati Ⓢ,https://video-ar.radioradicale.it/diretta/camera2/playlist.m3u8
Rai 4K Ⓖ,https://raievent10-elem-live.akamaized.net/hls/live/619189/raievent10/raievent10/playlist.m3u8
UniNettuno University TV Ⓖ,https://stream6-rai-it.akamaized.net/live/uninettuno/playlist.m3u8
111 Tv,https://5db313b643fd8.streamlock.net/111/111/playlist.m3u8
12 Tv Parma,https://5929b138b139d.streamlock.net/12TVParma/livestream/playlist.m3u8
4 You Tv,https://streamsrv2.nets-sr.com:19360/4youtv/4youtv.m3u8
Abc Tv,https://diretta.arcapuglia.it:8080/live/abctv/index.m3u8
AB Channel,https://tsw.streamingwebtv24.it:1936/abchanneltv/abchanneltv/playlist.m3u8
Alpauno,https://5f22d76e220e1.streamlock.net/alpaunotv/alpaunotv/playlist.m3u8
Alto Adige Tv,https://5f204aff97bee.streamlock.net/AltoAdigeTV/livestream/playlist.m3u8
Antenna 2 Bergamo,https://58f12ffd2447a.streamlock.net/Antenna2/livestream/playlist.m3u8
Antenna 3 Massa,https://media2021.rtvweb.com/antenna3massa/a3/playlist.m3u8
Antenna 3 Veneto Nord Est,https://59d7d6f47d7fc.streamlock.net/antennatreveneto/antennatreveneto.stream/playlist.m3u8
Antenna Sicilia,https://antennasicilialive.cdn.netrw.it/antennasicilialive/hls/ccr/antennasicilia/master.m3u8
Antenna Sud,https://live-antennasud.cdn.netrw.it/antennasud/hls/ccr/antennasud/master.m3u8
Antenna Sud Extra,https://live-antennasud.cdn.netrw.it/antennasud/hls/ccr/extra/master.m3u8
Aristanis SuperTv,https://video2.azotosolutions.com:1936/supertvoristano/supertvoristano/playlist.m3u8
Arte Network Orler,https://tsw.streamingwebtv24.it:1936/artenetwork/artenetwork/playlist.m3u8
Aurora Arte,https://59d7d6f47d7fc.streamlock.net/auroraarte/auroraarte/playlist.m3u8
Azzurra Tv Vco,https://ed05.top-ix.org/avtvlive/azzurra/streaming/playlist.m3u8
Basilicata 1 Tv,http://77.68.40.210:8888/hls/basilicata1.m3u8
Bergamo Tv,https://db142859fd5541b09de25d6507f1f2d3.msvdn.net/live/S17501676/oIxAsgEEA46M/playlist.m3u8?DVR=
BOM Channel,https://5f22d76e220e1.streamlock.net/canale6/canale6/playlist.m3u8
ByoBlu,https://09bd1346f7a44cc9ac230cc1cb22ca4f.msvdn.net/live/S39249178/EnTK3KeeN1Eg/playlist.m3u8
Cafe Tv 24,https://srvx1.selftv.video/cafe/live/playlist.m3u8
Calabria Uno Tv,https://635320cd397eb.streamlock.net/live/calabriaunolive/playlist.m3u8
Calabria tv,https://64b16f23efbee.streamlock.net/calabriatv/calabriatv/playlist.m3u8
Canale 10,https://nrvideo1.newradio.it:1936/desxcerbht/desxcerbht/playlist.m3u8
Canale 2,https://59d7d6f47d7fc.streamlock.net/canale2/canale2/playlist.m3u8
Canale 21,https://ch21napoli-cdn.encoders.immergo.tv/master.m3u8
Canale 21 Extra,https://ch21extra-cdn.encoders.immergo.tv/master.m3u8
Canale 7,http://wms.shared.streamshow.it:80/canale7/canale7/playlist.m3u8
Canale 74 Sicilia,https://stream.cp.ets-sistemi.it:1936/canale74/canale74/playlist.m3u8
Canale 8 Campania,https://59d7d6f47d7fc.streamlock.net/canale8/canale8/playlist.m3u8
Canale Italia,https://ovp-live.akamaized.net/ac115_live/canale1.smil/playlist.m3u8
Carina Tv,https://samson.streamerr.co:8081/carinatv/index.m3u8
Casa Italia 53,https://ovp-live.akamaized.net/ac115_live/canale3.smil/playlist.m3u8
Casa Sanremo Tv,https://router.xdevel.com/video0s975911-633/stream/playlist_dvr.m3u8
Castrovillari Tv,http://msh0062.stream.seeweb.it/live/flv:stream00.sdp/playlist.m3u8
Cittaceleste Tv,https://sportitaliaamd.akamaized.net/live/Cittaceleste/hls/A990687F506536598442FC5CD12C97CB78873FBA/index.m3u8
Company Tv,https://company.fluid.stream/CompanyTV/smil:Company_ALL.smil/playlist.m3u8
Cremona 1,https://cdn2.streamshow.it/cloud-cremona1/cremona1/playlist.m3u8
Cusano Italia Tv,https://router.xdevel.com/video0s975363-69/stream/playlist.m3u8
Cusano News 7,https://router.xdevel.com/video1s975363-1596/stream/playlist.m3u8
Delta Tv,http://hbbtv-server.zivoli.it:8080/hls/deltatv/deltatv/index.m3u8
Deluxe 139,https://59d7d6f47d7fc.streamlock.net/pierstyle/pierstyle/playlist.m3u8
Di.Tv 80,https://5f22d76e220e1.streamlock.net/ditv80/ditv80/playlist.m3u8
Di.Tv 92,https://media2021.rtvweb.com/di_tv_92/live/playlist.m3u8
Digital Tv7 Benevento,http://streaming.senecadot.com/live/flv:tv7.sdp/playlist.m3u8
Donna Shopping Tv,https://5f22d76e220e1.streamlock.net/fascinotv/fascinotv/playlist.m3u8
E'live Brescia Tv,https://59d7d6f47d7fc.streamlock.net/elivebresciatv/elivebresciatv/playlist.m3u8
Easy Tv Canale 190,https://diretta.arcapuglia.it:8080/live/easytv/index.m3u8
Entella Tv,https://5f22d76e220e1.streamlock.net:443/EntellaTV/EntellaTV/playlist.m3u8
EQUtv,https://ippicabetflag-live.morescreens.com/IPPICA_1_003/304p.m3u8
Equos Tv,https://dacastmmd.mmdlive.lldns.net/dacastmmd/2824fb123d5e44b797232c7abf8195da/playlist.m3u8
Espansione Tv,https://srvx1.selftv.video/espansione/smil:live.smil/playlist.m3u8
Esperia Tv,https://59d7d6f47d7fc.streamlock.net/esperiatv/esperiatv/playlist.m3u8
Etna Espresso Channel,https://5db313b643fd8.streamlock.net/Etnachannelponte/Etnachannelponte/playlist.m3u8
è Tv Marche,https://live.ipstream.it/etvmarche/etvmarche.stream/playlist.m3u8
è Tv Rete7,https://live.ipstream.it/etv/etv.stream/playlist.m3u8
è Tv Umbria,https://live.ipstream.it/etvumbria/etvumbria.stream/playlist.m3u8
Euro Tv,https://5f22d76e220e1.streamlock.net/eurotv/eurotv/playlist.m3u8
Extra Tv,https://rst2.saiuzwebnetwork.it:8081/extratvlive/index.m3u8
FM Tv Marche,https://bbtv.intvstream.net:3988/hybrid/play.m3u8
Fano Tv,https://diretta.arcapuglia.it:8080/live/fanotv/index.m3u8
Fascino Tv,https://64b16f23efbee.streamlock.net/canale157/canale157/playlist.m3u8
GRP Televisione,https://webstream.multistream.it/memfs/a3195c96-f884-4c74-924f-2648814fc0b5.m3u8
GarganoTv,https://cdn80-ger.azotosolutions.com:8443/cdnedge3/smil:live3.smil/playlist.m3u8
Giornale Radio Tv,https://5f204aff97bee.streamlock.net/GR_tv/livestream/playlist.m3u8
Giovanni Paolo Tv,https://media2021.rtvweb.com/giovannipaolotv/web/chunklist_w663456797.m3u8
Globo Tv,https://nrvideo1.newradio.it:1936/awrgaebshj/awrgaebshj/playlist.m3u8
Globus Television,https://cdn.cubws.com/live/globus.m3u8
Gold Tv,https://5f11919dca3bd.streamlock.net/goldtv/goldtv/playlist.m3u8
GO-TV Channel,https://6zklxkbbdw9b-hls-live.mariatvcdn.it/msmotor/2f759512164fc6fe4acbed6a5648993a.sdp/playlist.m3u8
GS Channel,https://rst.saiuzwebnetwork.it:8081/retereggio/index.m3u8
Icaro Tv Rimini,https://59d7d6f47d7fc.streamlock.net/icarotv/icarotv/playlist.m3u8
Idea Plus,https://rst.saiuzwebnetwork.it:19360/teleidea/teleidea.m3u8
il61,https://5a1178b42cc03.streamlock.net/travel/travel/playlist.m3u8
Italia 2 Tv,https://59d7d6f47d7fc.streamlock.net/italia2/italia2/playlist.m3u8
Italia 7,https://5f11919dca3bd.streamlock.net/italia7/italia7/playlist.m3u8
Italia 8 Prestige,https://5f22d76e220e1.streamlock.net/italia8prestige/italia8prestige/playlist.m3u8
Italia Channel,https://stream1.aswifi.it/italiachannel/stream/index.m3u8
Iunior Tv,https://5f22d76e220e1.streamlock.net/iuniortv/iuniortv/playlist.m3u8
L'Altro Corriere Tv,https://stream.cp.ets-sistemi.it:1936/laltrocorriere-tv/laltrocorriere-tv/playlist.m3u8
La Nuova Tv,https://5dcabf026b188.streamlock.net/lanuovatvbas/livestream/playlist.m3u8
La Tenda Tv,https://2-fss-1.streamhoster.com/pl_148/206202-2980948-1/playlist.m3u8
La tr3 Marsala,https://tsw.streamingwebtv24.it:1936/eslife1/eslife1/playlist.m3u8
LaC News 24,https://f5842579ff984c1c98d63b8d789673eb.msvdn.net/live/S27391994/HVvPMzy/playlist.m3u8
LaC Tv Calabria,https://f5842579ff984c1c98d63b8d789673eb.msvdn.net/live/S47282891/JWjL3xqPf4bX/playlist.m3u8
Lab Tv,https://customer-yzibk50951uq418a.cloudflarestream.com/a58893dee4b9922a75e41b4ec4243f84/manifest/video.m3u8
Lazio Tv,https://5f11919dca3bd.streamlock.net/laziotv/laziotv/playlist.m3u8
Le Cronache Lucane Tv,http://stucazz.com:8888/hls/cronache.m3u8
Lira Tv,https://a928c0678d284da5b383f29ecc5dfeec.msvdn.net/live/S57315730/8kTBWibNteJA/playlist.m3u8
Lombardia Tv,https://5db313b643fd8.streamlock.net/lmbiatv/lmbiatv/playlist.m3u8
Love in Venice,https://59d7d6f47d7fc.streamlock.net/loveinvenice/loveinvenice.stream/playlist.m3u8
Lucania Tv,https://cdn15.streamshow.it/cloud-lucaniatv/lucaniatv/playlist.m3u8
Made in BO,https://srvx1.selftv.video/dmchannel/live/playlist.m3u8
Maria Vision,https://1601580044.rsc.cdn77.org/live/_jcn_/amls:CHANNEL_2/playlist.m3u8
Matrix Tv,https://5f22d76e220e1.streamlock.net/GrandeItalia/GrandeItalia/playlist.m3u8
Mediterranea Tv,https://stream10.xdevel.com/video1s975675-1403/stream/playlist.m3u8
Medjugorje Italia Tv,https://5f22d76e220e1.streamlock.net/medjugorjeitaliatv/medjugorjeitaliatv/playlist.m3u8
Medjugorje Tv Puglia,https://diretta.arcapuglia.it:8080/live/medjugorietv/index.m3u8
Minformo Tv,https://5db313b643fd8.streamlock.net:443/MinformoTV/MinformoTV/playlist.m3u8
Motori Tv,https://64b16f23efbee.streamlock.net/servizio01/servizio01/playlist.m3u8
NTI Canale 271,https://www.ntimedia.it/video/S0B/S0B_master.m3u8
News24 City,https://dc3.telesveva.com:4433/news24.mp4
Nuova TV Nazionale,https://stream4.xdevel.com/video0s975955-782/stream/playlist.m3u8
Nuova Tv 1,https://nuovatv.net:8443/tv/stream.m3u8
Nuova Tv 2,https://nuovatv.net:8443/tv2/stream.m3u8
Nuvola Tv,https://stream.nuvola.tv:8181/memfs/4aaa6328-1879-4ebf-b18a-498146d0c61c.m3u8
Odeon 24,https://streaming.softwarecreation.it/Odeon/Odeon/manifest.m3u8
Ofanto Tv,https://videostream.isgm.it:3276/live/tvofantolive.m3u8
Onda Novara Tv,https://585b674743bbb.streamlock.net/9006/9006/playlist.m3u8
Onda Tv Sicilia,https://5926fc9c7c5b2.streamlock.net/9040/9040/playlist.m3u8
Onda Web Radio,http://178.33.224.197:1935/ondaradioweb/ondaradioweb/playlist.m3u8
Ora Tv,https://5db313b643fd8.streamlock.net/OraTv/OraTv/playlist.m3u8
Orler Tv,https://w1.mediastreaming.it/orlertv/livestream/playlist.m3u8
Otto Channel,https://ottop-live-meride.akamaized.net/hls/live/2039996/ch1/playlist.m3u8
Padre Pio Tv,https://600f07e114306.streamlock.net/PadrePioTV/livestream/playlist.m3u8
Paradise Tv,https://tsw.streamingwebtv24.it:1936/paradisetv/paradisetv/playlist.m3u8
Parole di Vita,https://stream.paroledivita.org/paroledivita.m3u8
Partenope Tv,https://diretta.arcapuglia.it:8080/live/partenope/index.m3u8
Peer Tv Alto Adige,https://iptv.peer.biz/live/peertv-it.m3u8
Peer TV Südtirol,https://iptv.peer.biz/live/peertv.m3u8
Pop Tv,https://stream1.aswifi.it/poptelevision/live/index.m3u8
Prima Tv Napoli,https://57068da1deb21.streamlock.net/primatvnapoli/primatvnapoli/playlist.m3u8
Prima Tv Sicilia,https://5db313b643fd8.streamlock.net/PrimaTV/PrimaTV/playlist.m3u8
PrimaFREE,https://5f22d76e220e1.streamlock.net/primafree/primafree/playlist.m3u8
Primantenna Torino,https://5f22d76e220e1.streamlock.net/primantenna14/primantenna14/playlist.m3u8
Primocanale,https://msh0203.stream.seeweb.it/live/flv:stream2.sdp/playlist.m3u8
Promovideo Tv,https://media2021.rtvweb.com/promovideo_web/promovideo/playlist.m3u8
Quarto Canale Flegreo,http://live.mariatvcdn.com/dialogos/171e41deedf405f10c7dd6311387fb43.sdp/playlist.m3u8
Radio 3M InBlu,https://stream.mariatvcdn.com/telemistrettaradio/900bfcc0f9012ea272584fd5ff5281b8.sdp/playlist.m3u8
Radio 51 Tv,https://59d7d6f47d7fc.streamlock.net/canale51/canale51/chunklist_w1193883900.m3u8
Radio Birikina Tv,https://tvd-bk.fluid.stream/RadioBirikinaTV/livestream/chunklist_w84398277.m3u8
Radio Bruno Tv,https://router.xdevel.com/video0s975758-473/stream/playlist.m3u8
Radio Ibiza,https://str48.fluid.stream/RadioIbizaTV/livestream/playlist.m3u8
Radio Immagine Tv,https://media.velcom.it:8081/RadioImmagineTV/index.fmp4.m3u8
Radio Italia Cina Tv,https://585b674743bbb.streamlock.net/9054/9054/playlist.m3u8
Radio Libertà,https://router.xdevel.com/video0s975360-67/stream/playlist_dvr.m3u8
Radio m2o Tv,https://4c4b867c89244861ac216426883d1ad0.msvdn.net/live/S62628868/uhdWBlkC1AoO/playlist.m3u8
Radio Monte Kronio Tv (R.M.K.),https://648026e87a75e.streamlock.net/rmktv/rmktv/playlist.m3u8
Radio Norba Tv,https://router.xdevel.com/video0s975885-462/stream/playlist_dvr.m3u8
Radio Piter Pan Tv,https://tvd-piter.fluid.stream/RadioPiterpanTV/livestream/chunklist_w1866496033.m3u8
Radio Radio Tv,https://200912.global.ssl.fastly.net/646b335e2291a2022444bb7c/live_22f84390fe1411ed919df3da85a483cc/rewind-14400.m3u8
Radio Radiosa Tv,https://stream7.zivoli.it/radiosatv/radiosatv/playlist.m3u8
Radio Roma,https://585b674743bbb.streamlock.net/9044/9044/playlist.m3u8
Radio Roma Television,https://5926fc9c7c5b2.streamlock.net/rtfeunawfu/rtfeunawfu/playlist.m3u8
Ran Friul,https://load-balancer.azotosolutions.com/cdnedge34/ranfriul/playlist.m3u8
RDE Tv,https://rst2.saiuzwebnetwork.it:8081/rdetrieste/index.m3u8
Reggio Tv,https://cdn10.streamshow.it/cloud-reggiotv/reggiotv/playlist.m3u8
Rei Tv,https://5f22d76e220e1.streamlock.net/reitv/reitv/playlist.m3u8
Rete 55,https://live1.giocabet.tv/stream/6/index.m3u8
Rete 8 Vga,https://64b16f23efbee.streamlock.net/rete8/rete8/playlist.m3u8
Rete 8,https://64b16f23efbee.streamlock.net/rete8/rete8/playlist.m3u8
Rete 8 Sport,https://64b16f23efbee.streamlock.net/rete8sport/rete8sport/playlist.m3u8
Rete Biella Tv,https://sb.top-ix.org/retebiella/streaming/playlist.m3u8
Rete Mia,https://5db313b643fd8.streamlock.net/rete/rete/playlist.m3u8
Rete Oro Tv,https://5926fc9c7c5b2.streamlock.net/9094/9094/playlist.m3u8
Rete Sole,https://5926fc9c7c5b2.streamlock.net/9332/9332/playlist.m3u8
Rete Tv Italia,https://57068da1deb21.streamlock.net/retetvitalia/retetvitalia/playlist.m3u8
Rete Veneta,http://wms.shared.streamshow.it/reteveneta/reteveneta/playlist.m3u8
Roma Tv 82,https://streaming.softwarecreation.it/RomaCH71/RomaCH71/playlist.m3u8
Rossini Tv,https://stream.rossinitv.it/memfs/3bca4ad7-adfc-4610-ac0e-e826743ddc57.m3u8
RTC Quarta Rete,https://msh0232.stream.seeweb.it/live/stream00.sdp/playlist.m3u8
RTC Telecalabria,https://w1.mediastreaming.it/calabriachannel/livestream/playlist.m3u8
RTI Calabria,https://stream.ets-sistemi.it:8081/rticalabria/index.m3u8
RTL 102.5 + Plus,https://streamcdng14-dd782ed59e2a4e86aabf6fc508674b59.msvdn.net/live/S82929343/cAcsSu4Wecc5/chunklist_b5256000.m3u8
RTM Manduria,https://5f22d76e220e1.streamlock.net/rtm/rtm/playlist.m3u8
RTR99 Tv,https://5e73cf528f404.streamlock.net/RTR99TV/livestream/playlist.m3u8
Rtp Tv,http://flash2.xdevel.com/rtptv/rtptv/playlist.m3u8
Rttr,https://5f204aff97bee.streamlock.net/RTTRlive/livestream/playlist.m3u8
Rtv 38 Toscana,https://845d8509d2cb4f249dd0b2ae5755b6c2.msvdn.net/rtv38/rtv38_live_main/mainabr/playlist_dvr.m3u8
SL 48 Tv,http://media.velcom.it:1935/sl48/sl48/playlist.m3u8
ST Europe Channel,https://5f22d76e220e1.streamlock.net/steuropetv/steuropetv/playlist.m3u8
Sardegna 1,https://7e1cc2454f2242afabe05cc0a2f483cd.msvdn.net/live/S30721796/ZS3Xu8mn5f0J/playlist.m3u8
Set Tv Cilento,https://stream1.aswifi.it/settv/live/index.m3u8
Sesta Rete,https://stream10.xdevel.com/video0s977089-1792/stream/playlist.m3u8
Sicilia 24 Tv,https://5f22d76e220e1.streamlock.net/sicilia24/sicilia24/playlist.m3u8
Sicilia Tv,https://stream9.xdevel.com/video0s976441-1226/stream/playlist.m3u8
Sienatv,https://router.xdevel.com/video0s976727-1441/stream/playlist.m3u8
Sophia Tv,https://bild-und-ton.stream/sophiatv-it/smil:sophia-tv-it.smil/playlist.m3u8
Stiletv,https://proxy.media.convergenze.it/stiletv/streams/oQOFd7JglHjO1631525551097.m3u8
Super J Tv,https://59d39900ebfb8.streamlock.net/SuperJtv/SuperJtv/playlist.m3u8
Super Six,https://5db313b643fd8.streamlock.net/SUPERSIXLombardia/SUPERSIXLombardia/playlist.m3u8
Supertv,http://wms.shared.streamshow.it:1935/supertv/supertv/live.m3u8
T9,https://streaming.softwarecreation.it/tnove/tnove/playlist.m3u8
TRC Santeramo,https://stream7.livinlive.it/trc/trc/playlist.m3u8
TRL Tele Radio Leo,https://5db313b643fd8.streamlock.net/TRL/TRL/playlist.m3u8
TSD Tv Arezzo(Tele San Domenico),https://stream.mariatvcdn.com/tsd/7c59373bfdb38201b9215ff86f0ce6af.sdp/playlist.m3u8
TVL (TV Libera Pistoia),https://oj7lnw79lg82-hls-live.mariatvcdn.it/mariatvcdn/70564e1c6884c007c76f0c128d679eed.sdp/playlist.m3u8
Tcf Tv,https://stream10.xdevel.com/video1s977294-1864/stream/playlist.m3u8
Tci,https://tbn-jw.cdn.vustreams.com/live/tci/live.isml/2b7d53c5-b504-4d26-b25f-a70deb8d0faf.m3u8
Teatro Tv,https://teatrotv.iostream.it/teatrotv.m3u8
Tele A,https://lostream.it/hls/telea/video.m3u8
Tele Abruzzo Tv,http://uk4.streamingpulse.com:1935/TeleabruzzoTV/TeleabruzzoTV/playlist.m3u8
Tele Acras,https://5db313b643fd8.streamlock.net/teleacras/teleacras/playlist.m3u8
Tele Arena,https://5e73cf528f404.streamlock.net/TeleArena/TeleArena.stream/playlist.m3u8
Tele Bari,https://w1.mediastreaming.it/telebari/livestream/playlist.m3u8
Tele Belluno,https://g2qd3exzy7an-hls-live.mariatvcdn.it/livetelebelluno/be0e3154b820953ce1a94a937bb2bb5d.sdp/playlist.m3u8
Tele Boario,https://stream7.xdevel.com/video0s976425-1244/stream/playlist_dvr.m3u8
Tele Bruzzano,https://playerssl.telemia.tv/fileadmin/hls/Telebruzzano/telebruzzano_mediachunks.m3u8
Tele Chiara,http://fms.tvavicenza.it:1935/telechiara/diretta/playlist.m3u8
Telecolor,https://1aadf145546f475282c5b4e658c0ac4b.msvdn.net/live/324149/hlbAWtl/playlist.m3u8
Telecolor Sicilia,https://antennasicilialive.cdn.netrw.it/antennasicilialive/hls/ccr/telecolor/master.m3u8
Tele Cupole,https://load-balancer.azotosolutions.com/cdnedge40/telecupole/playlist.m3u8
Tele Estense,https://5e73cf528f404.streamlock.net/TeleEstense/livestream/playlist.m3u8
Tele Foggia,https://59d7d6f47d7fc.streamlock.net/telefoggia/telefoggia/playlist.m3u8
Tele Friuli,https://5757bf2aa08e42248fb9b9d620f5d900.msvdn.net/live/S11646715/pE3ax0lT0rBd/playlist.m3u8
Tele Ischia,https://57068da1deb21.streamlock.net/livetv/livetv/playlist.m3u8
Tele Jonio,http://59d7d6f47d7fc.streamlock.net/telejonio/telejonio/playlist.m3u8
Tele Liberta' HD,https://streaming.liberta.it/hls/liberta.m3u8
Tele Liguria Sud,https://64b16f23efbee.streamlock.net/teleliguriasud/teleliguriasud/playlist.m3u8
Tele Mantova,https://5ce9406b73c33.streamlock.net/TeleMantova/livestream/playlist.m3u8
Tele Mia,https://playerssl.telemia.tv/fileadmin/hls/TelemiaHD/telemia85_mediachunks.m3u8
Tele Mia Extra,https://playerssl.telemia.tv/fileadmin/hls/TelemiaExtra/telemiaextra_mediachunks.m3u8
Tele Mistretta,https://live.mariatvcdn.com/telemistretta/8fbcd205ada81b295ee6c211c3a80dde.sdp/playlist.m3u8
Tele Molise,http://185.202.128.1:1935/Telemolise4K/Telemolise4K/playlist.m3u8
Tele Nord Genova,https://64b16f23efbee.streamlock.net/telenord/telenord/playlist.m3u8
TG Norba 24,https://live-telenorba.cdn.netrw.it/telenorba/hls/ccr/tgnorba/master.m3u8
Telenorba,https://live-telenorba.cdn.netrw.it/telenorba/hls/ccr/telenorba/master.m3u8
Tele Nostra,https://13574-8.b.cdn12.com/hls/f099fa8883.ulive/_c/master.m3u8
Tele Occidente,https://stream9.xdevel.com/video0s976532-1292/stream/playlist.m3u8
Tele Oltre,http://1se1.troydesign.eu/np_teleoltre/_definst_/channel1_np_teleoltre/playlist.m3u8?ext=.m3u8
Tele One,https://648026e87a75e.streamlock.net/teleone/teleone/playlist.m3u8
Tele Pace Trento,https://5a1178b42cc03.streamlock.net/telepacetrento/telepacetrento/playlist.m3u8
Tele Pavia,http://wms.shared.streamshow.it:1935/telepavia/telepavia/live.m3u8
Tele Pegaso,https://flash2.xdevel.com/telepegasocanale812/telepegasocanale812/playlist.m3u8
Tele Piadena,https://stream3.xdevel.com/video0s975441-151/stream/playlist_dvr.m3u8
Tele Pordenone,https://video.wifi4all.it/telepn/telepn.m3u8
Tele Quattro Trieste,http://wms.shared.streamshow.it/telequattro/telequattro/playlist.m3u8
Tele Radio Ercolano,https://rst2.saiuzwebnetwork.it:8081/teleradioercolano/index.m3u8
Tele Radio Pace 1,https://jk3lz2bwlw79-hls-live.mariatvcdn.it/teleradiopace1/efcc8fc46cab26315ce3f5845d76008f.sdp/playlist.m3u8
Tele Radio Pace 2,https://zkpywrbgdbeg-hls-live.mariatvcdn.it/teleradiopace2/254c9b5c52a73a94ef0f6169cbd05dc2.sdp/playlist.m3u8
Tele Radio Pace 3,https://932y4273djv8-hls-live.mariatvcdn.it/teleradiopace3/d2274c22e9ee09eb2eda01ed0496f8f5.sdp/playlist.m3u8
Tele Radio Pace 4,https://j78dpr7nyq5r-hls-live.mariatvcdn.it/teleradiopace4/13d74f2cfe921bfbc262697203d47d8f.sdp/playlist.m3u8
Tele Radio Orte,https://flash2.xdevel.com/ortetv/ortetv/index.m3u8
Tele Radio Sciacca,https://5db313b643fd8.streamlock.net/teleradiosciaccatv/teleradiosciaccatv/playlist.m3u8
Tele Sirio,https://www.telesirio.it/live/stream.m3u8
Tele Spazio Messina,https://rtm.cyberspazio.cloud:5443/LiveApp/streams/049229794390395765037801.m3u8
Tele Sud Puglia,https://64b16f23efbee.streamlock.net/telesud/telesud/playlist.m3u8
Tele Tricolore,https://59d7d6f47d7fc.streamlock.net/rs2/rs2/playlist.m3u8
Tele Tutto,https://600f07e114306.streamlock.net/TT_TELETUTTO/smil:TT.smil/playlist.m3u8
Tele Tutto 2,https://600f07e114306.streamlock.net/TT2_TELETUTTO/livestream/playlist.m3u8
Tele Tutto 24,https://600f07e114306.streamlock.net/TT24_TELETUTTO/livestream/playlist.m3u8
Tele Venezia,https://59d7d6f47d7fc.streamlock.net/televenezia/televenezia/playlist.m3u8
Tele Video Agrigento (T.V.A.),https://59d7d6f47d7fc.streamlock.net/tva/tva/playlist.m3u8
Tele8 Tv,https://57068da1deb21.streamlock.net/teletv8/teletv8/playlist.m3u8
TeleAmbiente,https://5f22d76e220e1.streamlock.net/teleambiente2024/teleambiente2024/playlist.m3u8
Telecampione,https://5f22d76e220e1.streamlock.net/telecampione/telecampione/playlist.m3u8
Telecittà Padova,https://tango.wifi4all.it/telecitta/telecitta.m3u8
Telecity Lombardia,https://64b16f23efbee.streamlock.net/telecitylombardia/telecitylombardia/playlist.m3u8
Telecity Piemonte,https://64b16f23efbee.streamlock.net/telecitypiemonte/telecitypiemonte/playlist.m3u8
Telecity Valle D'Aosta,https://64b16f23efbee.streamlock.net/telecityvda/telecityvda/playlist.m3u8
TeleCostaSmeralda,https://7e1cc2454f2242afabe05cc0a2f483cd.msvdn.net/tcs_live/tcs/tcs/playlist.m3u8
Telegenova,https://64b16f23efbee.streamlock.net/telegenova/telegenova/playlist.m3u8
Teleiblea,https://64b16f23efbee.streamlock.net/teleiblea/teleiblea/playlist.m3u8
Teleitalia 41,https://streaming.softwarecreation.it/teleitalia/teleitalia/playlist.m3u8
Telejato,https://telejato.liberotratto.com/hls/stream.m3u8
Teleleonessa,http://wms.shared.streamshow.it:1935/teleleonessa/teleleonessa/live.m3u8
TeleMajg,https://59d7d6f47d7fc.streamlock.net/telemajg/telemajg/playlist.m3u8
Telenova,https://64b16f23efbee.streamlock.net/telenova/telenova/playlist.m3u8
Telerama,https://58d921499d3d3.streamlock.net/TeleRama/livestream/playlist.m3u8
TeleRegione,https://streaming.softwarecreation.it/TR118/TR118/playlist.m3u8
TeleRegione Color,https://live.antennasudwebtv.it:9443/hls/vodtele.m3u8
TeleRegione Live,https://5f22d76e220e1.streamlock.net/galluralive/galluralive/playlist.m3u8
TeleRent 7Gold,https://router.xdevel.com/video0s86-21/stream/playlist.m3u8
Telereporter,https://5f22d76e220e1.streamlock.net/telereporter/telereporter/playlist.m3u8
Teleromagna,https://livetr.teleromagna.it/teleromagna/live/playlist.m3u8
Teleromagna 24,https://livetr.teleromagna.it/mia/live/playlist.m3u8
TeleRomaDue,https://57068da1deb21.streamlock.net/teletibur/teletibur/playlist.m3u8
Telesud Trapani,https://64b16f23efbee.streamlock.net/telesudtrapani/telesudtrapani/playlist.m3u8
Telesveva,https://dc3.telesveva.com:4433/cmaf/livetv/index.mpd
Teleuniverso,https://stream.ets-sistemi.it:19360/teleuniverso/teleuniverso.m3u8
Televallo Trapani,https://64b16f23efbee.streamlock.net/televallo/televallo/playlist.m3u8
TLT Molise,https://5f22d76e220e1.streamlock.net/tltmolise/tltmolise/playlist.m3u8
Top Calcio 24,https://sportitaliaamd.akamaized.net/live/Telelombardia/hls/1CCCD0BCA2F9C979BC0632230F8E31EAEA41562B/index.m3u8
Tremedia Tv,https://stream4.xdevel.com/video0s976062-1263/stream/playlist_dvr.m3u8
Trentino Tv,https://5e73cf528f404.streamlock.net/TrentinoTV/livestream/playlist.m3u8
Tuscia Sabina 2000Tv,http://ts2000tv.streaming.nextware.it:8081/ts2000tv/ts2000tv/chunks.m3u8
Tv 12,https://59d7d6f47d7fc.streamlock.net/tv12/tv12/playlist.m3u8
Tv Campi Flegrei,https://tv.radiosaiuz.com:3836/live/campiflegreilive.m3u8
Tv Luna Napoli,https://diretta.arcapuglia.it:8080/live/teleluna/index.m3u8
Tv Prato,https://live.mariatvcdn.com/tvprato/2db0dd5674586686a867ec52c3aa8e06.sdp/mono.m3u8
Tv Qui Modena,https://59d7d6f47d7fc.streamlock.net/tvqui/tvqui/playlist.m3u8
Tv Uno,http://ftp.tiscali.it/francescovernata/TVUNO/monoscopioTvUNOint-1.wmv
Tv Yes,https://stream1.aswifi.it/radioyes/live/index.m3u8
Tva Vicenza,http://fms.tvavicenza.it:1935/live/diretta_1/playlist.m3u8
Tvr Xenon,https://cdn107-ita.azotosolutions.com:8443/cdnedge4/smil:live4.smil/playlist.m3u8
Tvrs Tv,https://cdn8.streamshow.it/cloud-tvrs/tvrs/playlist.m3u8
Umbria+ TRT,https://diretta.teleterni.it:8080//show/show.m3u8
Umbria Tv,https://umbriatv.stream.rubidia.it:8083/live/umbriatv/playlist.m3u8
Uno Tv,https://stream1.aswifi.it/unotv/live/index.m3u8
Uno4 Tv,https://cdn.uno4.it/index.m3u8
Vera Tv,https://cdn9.streamshow.it/cloud-veratv/veratv/playlist.m3u8
VB33,https://live.ipstream.it/vb33/vb33.stream/playlist.m3u8
Video Calabria,https://a8a02dd9a49a4fc9810743615c65ab73.msvdn.net/live/S76734991/i6NeNqLYaspb/playlist.m3u8
Video Mediterraneo,https://bfbe5f347ac4424faf719dda285bc39e.msvdn.net/live/S54897858/4gWO7tTzpK3N/playlist.m3u8
Video Nola,https://videonola.aswifi.it/videonolaabr/live.m3u8
Video Regione Sicilia,https://57214cb172d84f8cb311b91513952b03.msvdn.net/live/S40896499/ZuaLjACsWIL4/playlist.m3u8
Video Star Tv Sicilia,https://stream9.xdevel.com/video0s976556-1321/stream/playlist.m3u8
Video Touring Tv,https://streamingvideo.auranex.cloud/memfs/70baacad-47c6-41a6-aee0-86530c31e080.m3u8
Videolina,http://livestreaming.videolina.it/live/Videolina/playlist.m3u8
Videonovara,https://ed04.top-ix.org/avtvlive/videonovara/streaming/playlist.m3u8
Videotelecarnia,https://rst2.saiuzwebnetwork.it:8081/vtccarnia/index.m3u8
Vintage Radio Tv,https://5f22d76e220e1.streamlock.net/vintageradiotv/vintageradiotv/playlist.m3u8
Vuemme Tv,https://5db313b643fd8.streamlock.net/Vuemme/Vuemme/playlist.m3u8
Webcom Tv,https://www.webcomiptv.it/mistserver/passionelotto/index.m3u8
WLTV,https://5db313b643fd8.streamlock.net/WLTV/WLTV/playlist.m3u8
Yvii Tv,https://stream.wired-shop.com/hls/yviitv.m3u8
Zerouno Tv Music,https://5f22d76e220e1.streamlock.net/zerounotvmusic/zerounotvmusic/playlist.m3u8
Zerouno Tv News,https://5f22d76e220e1.streamlock.net/01news/01news/playlist.m3u8
Radio Colonna Tv Ⓨ,https://www.youtube.com/radiocolonna/live
TRM h24 Ⓨ,https://www.youtube.com/user/trmh24/live
Euronews Italian Ⓨ,https://www.youtube.com/user/euronewsit/live
Teleroma 56 Ⓣ,https://www.twitch.tv/teleroma_56
TeleRadioStereo Ⓣ,https://www.twitch.tv/teleradiostereo
RAI Italia America,http://210.210.155.69/s/s63/S4/mnf.m3u8
Class CNBC Ⓖ,https://amg14891-amg14891c5-amgplt0020.playout.now3.amagi.tv/playlist.m3u8
Canale 58,https://dotfvxkfj90ca.cloudfront.net/live/canale58_aac/master.m3u8
Canale Uno Tivù Ⓣ,https://www.twitch.tv/canaleunotivu
Prima Tivvù Ⓨ,https://www.youtube.com/@PrimaTivvucanale17/live
Rete 7 Tv,https://stream.ets-sistemi.it:2020/hls/rete7-live/rete7-live.m3u8
Studio 100,https://cdn16.streamshow.it/cloud-studio100/studio100/playlist.m3u8
Tele Club Italia,https://www.theclubfactory.com/streaming/index.m3u8
Tele Gela,https://64b16f23efbee.streamlock.net/telegela/telegela/playlist.m3u8
Tv Campane 1,https://eu1.servers10.com:8081/8032/index.m3u8
Tv Campania Streaming,https://eu1.servers10.com:8081/8020/index.m3u8
NHK総合 (東京),https://naori-test.netgenx.site/pxx.php?shk_cid=hdgd01#.m3u8
NHK Eテレ（東京）,https://naori-test.netgenx.site/pxx.php?shk_cid=hdgd02#.m3u8
日本テレビ,https://naori-test.netgenx.site/pxx.php?shk_cid=hdgd03#.m3u8
テレビ朝日,https://naori-test.netgenx.site/pxx.php?shk_cid=hdgd06#.m3u8
TBSテレビ,https://naori-test.netgenx.site/pxx.php?shk_cid=hdgd04#.m3u8
テレビ東京,https://naori-test.netgenx.site/pxx.php?shk_cid=hdgd07#.m3u8
フジテレビ,https://naori-test.netgenx.site/pxx.php?shk_cid=hdgd05#.m3u8
NHK BS,https://naori-test.netgenx.site/pxx.php?shk_cid=bs02#.m3u8
NHK BSP4K,https://naori-test.netgenx.site/pxx.php?shk_cid=bs01#.m3u8
BS日テレ,https://naori-test.netgenx.site/pxx.php?shk_cid=bs03#.m3u8
BS朝日,https://naori-test.netgenx.site/pxx.php?shk_cid=bs04#.m3u8
BS-TBS,https://naori-test.netgenx.site/pxx.php?shk_cid=bs05#.m3u8
BSテレ東,https://naori-test.netgenx.site/pxx.php?shk_cid=bs06#.m3u8
BSフジ,https://naori-test.netgenx.site/pxx.php?shk_cid=bs11#.m3u8
WOWOWプライム,https://naori-test.netgenx.site/pxx.php?shk_cid=bs12#.m3u8
WOWOWライブ,[NO PUBLIC STREAM]
WOWOWシネマ,https://naori-test.netgenx.site/pxx.php?shk_cid=bs08#.m3u8
BS10,https://naori-test.netgenx.site/pxx.php?shk_cid=bs10#.m3u8
BS10スターチャンネル,https://naori-test.netgenx.site/pxx.php?shk_cid=bs07#.m3u8
アニマックス,[NO PUBLIC STREAM]
J SPORTS 1,[NO PUBLIC STREAM]
J SPORTS 2,[NO PUBLIC STREAM]
J SPORTS 3,[NO PUBLIC STREAM]
J SPORTS 4,[NO PUBLIC STREAM]
釣りビジョン,https://stream01.willfonk.com/live_playlist.m3u8?cid=BS251&r=FHD&ccode=JP&m=d0%3A20%3A20%3A04%3A35%3Acc&t=0d6938cb3dcf4b79848bc1753a59daf1
日本映画専門チャンネル,https://stream01.willfonk.com/live_playlist.m3u8?cid=BS255&r=FHD&ccode=JP&m=d0%3A20%3A20%3A04%3A35%3Acc&t=0d6938cb3dcf4b79848bc1753a59daf1
ショップチャンネル,https://stream3.shopch.jp/HLS/master.m3u8
QVC,https://cdn-live1.qvc.jp/iPhone/1501/1501.m3u8
東映チャンネル,https://stream01.willfonk.com/live_playlist.m3u8?cid=CS218&r=FHD&ccode=JP&m=d0%3A20%3A20%3A04%3A35%3Acc&t=0d6938cb3dcf4b79848bc1753a59daf1
チャンネルNECO,https://stream01.willfonk.com/live_playlist.m3u8?cid=CS223&r=FHD&ccode=JP&m=d0%3A20%3A20%3A04%3A35%3Acc&t=0d6938cb3dcf4b79848bc1753a59daf1
ムービープラス,https://stream01.willfonk.com/live_playlist.m3u8?cid=CS240&r=FHD&ccode=JP&m=d0%3A20%3A20%3A04%3A35%3Acc&t=0d6938cb3dcf4b79848bc1753a59daf1
GAORA,https://stream01.willfonk.com/live_playlist.m3u8?cid=CS254&r=FHD&ccode=JP&m=d0%3A20%3A20%3A04%3A35%3Acc&t=0d6938cb3dcf4b79848bc1753a59daf1
日テレジータス,https://stream01.willfonk.com/live_playlist.m3u8?cid=CS257&r=FHD&ccode=JP&m=d0%3A20%3A20%3A04%3A35%3Acc&t=0d6938cb3dcf4b79848bc1753a59daf1
ゴルフネットワーク,https://stream01.willfonk.com/live_playlist.m3u8?cid=CS262&r=FHD&ccode=JP&m=d0%3A20%3A20%3A04%3A35%3Acc&t=0d6938cb3dcf4b79848bc1753a59daf1
時代劇専門チャンネル,https://stream01.willfonk.com/live_playlist.m3u8?cid=CS292&r=FHD&ccode=JP&m=d0%3A20%3A20%3A04%3A35%3Acc&t=0d6938cb3dcf4b79848bc1753a59daf1
ファミリー劇場,https://stream01.willfonk.com/live_playlist.m3u8?cid=CS293&r=FHD&ccode=JP&m=d0%3A20%3A20%3A04%3A35%3Acc&t=0d6938cb3dcf4b79848bc1753a59daf1
ホームドラマチャンネル,https://stream01.willfonk.com/live_playlist.m3u8?cid=CS294&r=FHD&ccode=JP&m=d0%3A20%3A20%3A04%3A35%3Acc&t=0d6938cb3dcf4b79848bc1753a59daf1
チャンネル銀河,https://stream01.willfonk.com/live_playlist.m3u8?cid=CS305&r=FHD&ccode=JP&m=d0%3A20%3A20%3A04%3A35%3Acc&t=0d6938cb3dcf4b79848bc1753a59daf1
スーパー！ドラマTV,https://stream01.willfonk.com/live_playlist.m3u8?cid=CS310&r=FHD&ccode=JP&m=d0%3A20%3A20%3A04%3A35%3Acc&t=0d6938cb3dcf4b79848bc1753a59daf1
アクションチャンネル,https://stream01.willfonk.com/live_playlist.m3u8?cid=CS311&r=FHD&ccode=JP&m=d0%3A20%3A20%3A04%3A35%3Acc&t=0d6938cb3dcf4b79848bc1753a59daf1
Dlife,https://stream01.willfonk.com/live_playlist.m3u8?cid=CS312&r=FHD&ccode=JP&m=d0%3A20%3A20%3A04%3A35%3Acc&t=0d6938cb3dcf4b79848bc1753a59daf1
LaLa TV,https://stream01.willfonk.com/live_playlist.m3u8?cid=CS314&r=FHD&ccode=JP&m=d0%3A20%3A20%3A04%3A35%3Acc&t=0d6938cb3dcf4b79848bc1753a59daf1
Mnet,https://stream01.willfonk.com/live_playlist.m3u8?cid=BS241&r=FHD&ccode=JP&m=d0%3A20%3A20%3A04%3A35%3Acc&t=0d6938cb3dcf4b79848bc1753a59daf1
Music ON TV!（エムオン）,https://stream01.willfonk.com/live_playlist.m3u8?cid=CS325&r=FHD&ccode=JP&m=d0%3A20%3A20%3A04%3A35%3Acc&t=0d6938cb3dcf4b79848bc1753a59daf1
歌謡ポップスチャンネル,https://stream01.willfonk.com/live_playlist.m3u8?cid=CS329&r=FHD&ccode=JP&m=d0%3A20%3A20%3A04%3A35%3Acc&t=0d6938cb3dcf4b79848bc1753a59daf1
キッズステーション,https://stream01.willfonk.com/live_playlist.m3u8?cid=CS330&r=FHD&ccode=JP&m=d0%3A20%3A20%3A04%3A35%3Acc&t=0d6938cb3dcf4b79848bc1753a59daf1
日テレNEWS24,https://stream01.willfonk.com/live_playlist.m3u8?cid=CS349&r=FHD&ccode=JP&m=d0%3A20%3A20%3A04%3A35%3Acc&t=0d6938cb3dcf4b79848bc1753a59daf1
囲碁・将棋チャンネル,https://stream01.willfonk.com/live_playlist.m3u8?cid=CS363&r=FHD&ccode=JP&m=d0%3A20%3A20%3A04%3A35%3Acc&t=0d6938cb3dcf4b79848bc1753a59daf1
GSTV,https://gstv-tnz-gsmediastreaming.preview-jpea.channel.media.azure.net/dfd06b62-e9d1-4a7f-bcbb-89d2ecbc82ee/preview.ism/manifest(format=mpd-time-csf,audio-only=false)
NHK WORLD JAPAN,https://master.nhkworld.jp/nhkworld-tv/playlist/live.m3u8
ウェザーニュースLiVE,https://rch01e-alive-hls.akamaized.net/38fb45b25cdb05a1/out/v1/4e907bfabc684a1dae10df8431a84d21/index.m3u8
TOKYO MX チャンネル,https://cdn-uw2-prod.tsv2.amagi.tv/linear/amg01287-rakutentvjapan-tokyomx-cmaf-rakutenjp/playlist.m3u8
日テレNEWS,https://cdn-apne1.tsv2.amagi.tv/linear/amg01287-rakutentvjapan-news1hlscmaf-rakutenjp/playlist.m3u8
FNNプライムオンライン,https://cdn-uw2-prod.tsv2.amagi.tv/linear/amg01287-rakutentvjapan-news4-cmaf-rakutenjp/playlist.m3u8
MBSニュース,https://cdn-uw2-prod.tsv2.amagi.tv/linear/amg01287-rakutentvjapan-news5-cmaf-rakutenjp/playlist.m3u8
Balapan TV,https://balapantv-stream.qazcdn.com/balapantv/balapantv/playlist.m3u8
Qazaqstan,https://qazaqstantv-stream.qazcdn.com/international/international/playlist.m3u8
QazSport,http://stream.mcquack.net/72/index.m3u8
KTN NEWS TV,https://www.standardmedia.co.ke/ktnnews/live
Citizen TV,https://citizentv.co.ke/live
NTV Kenya,https://nation.africa/kenya/tv/live
KTN Home,https://www.standardmedia.co.ke/ktnhome/live
K24 TV,https://livecdn.premiumfree.tv/afxpstr/K24Backup/index.m3u8
KBS 1TV,http://mytv.dothome.co.kr/ch/public/1.php
EBS 1 Ⓢ,https://ebsonair.ebs.co.kr/ebs1familypc/familypc1m/playlist.m3u8
EBS 2 Ⓢ,https://ebsonair.ebs.co.kr/ebs2familypc/familypc1m/playlist.m3u8
MBC TV Ⓨ,https://www.youtube.com/c/mbctvlive/live
SBS TV,https://allanf181.github.io/adaptive-streams/streams/kr/SBSTV.m3u8
KNN TV,http://211.220.195.200:1935/live/mp4:KnnTV.sdp/playlist.m3u8
KBC TV,https://vod.ikbc.co.kr/KBCTV/tv/playlist.m3u8
TJB TV,http://1.245.74.5:1935/live/tv/.m3u8
UBC TV,https://stream.ubc.co.kr/hls/ubctvstream/index.m3u8
JTV TV,https://61ff3340258d2.streamlock.net/jtv_live/myStream/playlist.m3u8
CJB TV,http://1.222.207.80:1935/live/cjbtv/playlist.m3u8
G1 TV,http://61.82.49.4:1935/live/_definst_/tv.stream/playlist.m3u8
JIBS TV,http://123.140.197.22/stream/1/play.m3u8
OBS TV,https://allanf181.github.io/adaptive-streams/streams/kr/OBSGyeonginTV.m3u8
Arirang,http://amdlive.ctnd.com.edgesuite.net/arirang_1ch/smil:arirang_1ch.smil/playlist.m3u8
EBS Kids Ⓢ,https://ebsonair.ebs.co.kr/ebsufamilypc/familypc1m/playlist.m3u8
EBS Plus 1 Ⓢ,https://ebsonair.ebs.co.kr/plus1familypc/familypc1m/playlist.m3u8
EBS Plus 2 Ⓢ,https://ebsonair.ebs.co.kr/plus2familypc/familypc1m/playlist.m3u8
EBS English Ⓢ,https://ebsonair.ebs.co.kr/plus3familypc/familypc1m/playlist.m3u8
KBS World Ⓨ,https://www.youtube.com/@kbsworldtv/live
KBS Korea Ⓨ,https://www.youtube.com/c/kbsworldtv/live
All the K-Pop Ⓨ,https://www.youtube.com/c/ALLTHEKPOP/live
RTK 3,https://gjirafa-video-live.gjirafa.net/gjvideo-livestream/rtk3/index.m3u8
ReTV,https://retv2132.bstrm.net/slive/_definst_/retv_retv_channel_5k7_42787_default_891_hls.smil/playlist.m3u8
TV Jūrmala,https://air.star.lv/TV_Jurmala_multistream/index.m3u8
Vidusdaugavas Televīzija,https://straume.vdtv.lv/vdtv2/index.m3u8
LTV1,https://ltvlive3167.bstrm.net/ltvlive/_definst_/ltvlive_ltv06_ltv1_g_x44_43186_default_1326_hls.smil/chunklist.m3u8
LTV7 Ⓖ,https://ltvlive3167.bstrm.net/ltvlive/_definst_/ltvlive_ltv07_ltv7_g_eb0_43187_default_1327_hls.smil/chunklist.m3u8
MTV Lebanon,https://shd-gcp-live.edgenextcdn.net/live/bitmovin-mtv-lebanon/b8ebb2a5affb812f1541712adde10e26/index.m3u8
Tele Liban,https://cdn.catiacast.video/abr/ed8f807e2548db4507d2a6f4ba0c4a06/playlist.m3u8
Al Manar,https://edge.fastpublish.me/live/index.m3u8
Al Mayadeen,https://mdnlv.cdn.octivid.com/almdn/smil:mpegts.stream.smil/playlist.m3u8
Voice of Lebanon,https://svs.itworkscdn.net/vdltvlive/vdltv.smil/playlist.m3u8
NourSAT,https://svs.itworkscdn.net/nour4satlive/livestream/playlist.m3u8
Noursat English,https://svs.itworkscdn.net/noursatenglive/noursateng.smil/playlist.m3u8
Nour Al Koddas,https://svs.itworkscdn.net/nour1satlive/livestream/playlist.m3u8
Nour Al Sharq,https://svs.itworkscdn.net/nour8satlive/livestream/playlist.m3u8
Aliman TV,https://svs.itworkscdn.net/alimanlive/imantv.smil/playlist.m3u8
Al Ittihad,http://185.105.4.151:8080/_defapp_/ittihad/index.m3u8
CharityTV,http://185.105.4.236:1935/live/ngrp:livestream_all/live.m3u8
Falestinona Channel,https://ffs3.gulfsat.com/Falestinona-TV/index.fmp4.m3u8
LRT TV,http://stream.mcquack.net/31/index.m3u8
LRT Lituanica,https://stream-live.lrt.lt/lituanica/master.m3u8
Lietuvos Rytas TV,https://live.lietuvosryto.tv/live/hls/eteris.m3u8
Delfi TV,https://s1.dcdn.lt/live/televizija/playlist.m3u8
LRT Plius,http://stream.mcquack.net/353/index.m3u8
TV3 Ⓢ,http://stream.mcquack.net/29/index.m3u8
TV6 Ⓢ,http://stream.mcquack.net/375/index.m3u8
TV8 Ⓢ,http://stream.mcquack.net/374/index.m3u8
LNK,http://stream.mcquack.net/30/index.m3u8
BTV,http://stream.mcquack.net/35/index.m3u8
RTL Télé Lëtzebuerg,https://live-edge.rtl.lu/channel1/smil:channel1/playlist.m3u8
RTL Zwee,https://live-edge.rtl.lu/channel2/smil:channel2/playlist.m3u8
Chamber TV,https://media02.webtvlive.eu/chd-edge/_definst_/smil:chamber_tv_hd.smil/playlist.m3u8
TDM Ou Mun,http://61.244.22.4/ch1/ch1.live/playlist.m3u8
Canal Macau,https://live3.tdm.com.mo/ch2/ch2.live/playlist.m3u8
TDM Sport,https://live3.tdm.com.mo/ch4/sport_ch4.live/playlist.m3u8
TDM Information,https://live3.tdm.com.mo/ch5/info_ch5.live/playlist.m3u8
TDM Entertainment,https://live3.tdm.com.mo/ch6/hd_ch6.live/playlist.m3u8
One,https://2-fss-1.streamhoster.com/pl_148/201830-1293592-1/playlist.m3u8
Smash TV,http://a3.smashmalta.com/hls/smash/smash.m3u8
TVM Ⓢ Ⓨ,https://www.youtube.com/channel/UChlf9r1rzhJ_SVM_WCKFL1g/live
Alcarria TV,http://cls.alcarria.tv/live/alcarriatv-livestream.m3u8
Hipodromo de las Americas,http://wms30.tecnoxia.com/soelvi/abr_soelvi/playlist.m3u8
MVM NoticiasⓈ,http://dcunilive21-lh.akamaihd.net/i/dclive_1@59479/index_1_av-p.m3u8
RCG 3 Saltillo,http://wowzacontrol.com:1936/stream56/stream56/playlist.m3u8
TeleFormula,https://mdstrm.com/live-stream-playlist/62f2c855f7981b5a5a2d8763.m3u8
NRT 4 Monclova,https://59e88b197fb16.streamlock.net:4443/live/canal4/playlist.m3u8
Las Estrellas,https://channel01-onlymex.akamaized.net/hls/live/2022749/event01/index.m3u8
ADN Noticias,https://mdstrm.com/live-stream-playlist/60b578b060947317de7b57ac.m3u8
Canal 6 Multimedios,https://mdstrm.com/live-stream-playlist/5d56ed29c92dd106ff01543b.m3u8
Canal Once,https://vivo.canaloncelive.tv/secureoncedos/oncedigital/playlist.m3u8
Quiero TV,https://stream.ontvmx.com/ontv/ghxTYEQmKkB2UJyVuW/playlist.m3u8
México Travel TV,https://5ca9af4645e15.streamlock.net/mexicotravel/videomexicotravel/playlist.m3u8
Estrella TV,https://cdn-uw2-prod.tsv2.amagi.tv/linear/amg00567-estrellamedia-estrellatv-estrellamedia/playlist.m3u8
TELE 10 Nayarit,https://live.iplanay.gob.mx/hls/nayarittv.m3u8
Moldova 1,https://v0.trm.md/static/streaming-playlists/hls/9b79338b-1870-4cd7-91d4-0f6ce5cac7ca/master.m3u8
Moldova 2,https://v0.trm.md/static/streaming-playlists/hls/d5fafab0-9c37-4746-9e7a-b2d6c0427015/master.m3u8
TVR Moldova Ⓖ,https://tvr-moldova.lg.mncdn.com/tvrmoldova/smil:tvrmoldova.smil/chunklist.m3u8
Sor TV,http://188.237.212.16:8888/live/cameraFeed.m3u8
Vocea Basarabiei,https://media.voceabasarabiei.md/vocea/bitrate_1080p.m3u8
Balti TV,http://77.89.199.174:8000/play/1024/index.m3u8
TV Monaco,https://production-fast-mcrtv.content.okast.tv/channels/2116dc08-1959-465d-857f-3619daefb66b/b702b2b9-aebd-436c-be69-2118f56f3d86/master.m3u8
MonacoInfo,https://webtv.monacoinfo.com/live/prod/index.m3u8
MNB HD,https://cdn4.skygo.mn/live/disk1/MNB/HLSv3-FTA/MNB.m3u8
MNB Монголын Мэдээ,https://cdn4.skygo.mn/live/disk1/MNB2/HLSv3-FTA/MNB2.m3u8
MNB Sport,https://live.mnb.mn/hls/mnb_sport.stream.m3u8
MNB International,https://cdn4.skygo.mn/live/disk1/MNB_World/HLSv3-FTA/MNB_World.m3u8
MNB Гэр бүл,https://cdn4.skygo.mn/live/disk1/MNB_Family/HLSv3-FTA/MNB_Family.m3u8
MN25,https://cdn4.skygo.mn/live/disk1/MN25/HLSv3-FTA/MN25.m3u8
TV5,https://cdn4.skygo.mn/live/disk1/TV5HD/HLSv3-FTA/TV5HD.m3u8
TV8 HD,https://cdn4.skygo.mn/live/disk1/TV8HD/HLSv3-FTA/TV8HD.m3u8
TV9,https://cdn4.skygo.mn/live/disk1/TV9HD/HLSv3-FTA/TV9HD.m3u8
NTV,https://cdn4.skygo.mn/live/disk1/NTVHD/HLSv3-FTA/NTVHD.m3u8
Eagle News HD,https://cdn4.skygo.mn/live/disk1/Eagle/HLSv3-FTA/Eagle.m3u8
UBS (720p),https://cdn4.skygo.mn/live/disk1/UBSHD/HLSv3-FTA/UBSHD.m3u8
SBN,https://cdn4.skygo.mn/live/disk1/SBN/HLSv3-FTA/SBN.m3u8
C1,https://cdn4.skygo.mn/live/disk1/C1/HLSv3-FTA/C1.m3u8
Central HD,https://cdn4.skygo.mn/live/disk1/Ekh_Oron/HLSv3-FTA/Ekh_Oron.m3u8
MovieBox,https://cdn4.skygo.mn/live/disk1/Moviebox/HLSv3-FTA/Moviebox.m3u8
CNBC MGL,https://cdn4.skygo.mn/live/disk1/CNBC/HLSv3-FTA/CNBC.m3u8
AsianBox,https://cdn4.skygo.mn/live/disk1/AsianBOX/HLSv3-FTA/AsianBOX.m3u8
Education TV,https://cdn4.skygo.mn/live/disk1/Education/HLSv3-FTA/Education.m3u8
ETV,https://cdn4.skygo.mn/live/disk1/ETV/HLSv3-FTA/ETV.m3u8
N Sports,https://cdn4.skygo.mn/live/disk1/ONTV/HLSv3-FTA/ONTV.m3u8
Channel 11,https://cdn4.skygo.mn/live/disk1/Channel11/HLSv3-FTA/Channel11.m3u8
Gandan TV,https://cdn4.skygo.mn/live/disk1/GTV/HLSv3-FTA/GTV.m3u8
Soyon Geegerulch,https://cdn4.skygo.mn/live/disk1/SoyonGegeeruulegch/HLSv3-FTA/SoyonGegeeruulegch.m3u8
Tanin Mehehgui TV,https://cdn4.skygo.mn/live/disk1/TM/HLSv3-FTA/TM.m3u8
TenGer TV (720p),https://cdn4.skygo.mn/live/disk1/VTV/HLSv3-FTA/VTV.m3u8
UlZii,https://cdn4.skygo.mn/live/disk1/UlziiTV/HLSv3-FTA/UlziiTV.m3u8
Malchin TV,https://cdn4.skygo.mn/live/disk1/Malchin/HLSv3-FTA/Malchin.m3u8
Parliament TV,https://cdn4.skygo.mn/live/disk1/Parlament/HLSv3-FTA/Parlament.m3u8
Star TV,https://cdn4.skygo.mn/live/disk1/Star/HLSv3-FTA/Star.m3u8
Suld TV,https://cdn4.skygo.mn/live/disk1/SuldTV/HLSv3-FTA/SuldTV.m3u8
Seven Channel,https://cdn4.skygo.mn/live/disk1/TV7/HLS-FTA/TV7.m3u8
Aist Global,https://cdn4.skygo.mn/live/disk1/GlobalTV/HLSv3-FTA/GlobalTV.m3u8
MNC,https://cdn4.skygo.mn/live/disk1/MNCTV/HLSv3-FTA/MNCTV.m3u8
Bantan,https://cdn4.skygo.mn/live/disk1/Popcorn/HLSv3-FTA/Popcorn.m3u8
Auto TV (720p),https://cdn4.skygo.mn/live/disk1/AutoTV/HLSv3-FTA/AutoTV.m3u8
Bloomberg TV Mongolia HD (720p),https://cdn4.skygo.mn/live/disk1/BloombergMon/HLSv3-FTA/BloombergMon.m3u8
Cinema,https://cdn4.skygo.mn/live/disk1/CinemaTV/HLSv3-FTA/CinemaTV.m3u8
Mongolian Plus1,https://cdn4.skygo.mn/live/disk1/VolumePlus/HLSv3-FTA/VolumePlus.m3u8
Mongolia Music,https://cdn4.skygo.mn/live/disk1/Khugjim/HLSv3-FTA/Khugjim.m3u8
Mongol TV Ⓨ,https://www.youtube.com/c/MONGOLTVnow/live
TVCG 1 Ⓖ,https://rtcg-live-open-geo.morescreens.com/RTCG_1_001/playlist.m3u8
TVCG 2 Ⓖ,https://rtcg-live-open-geo.morescreens.com/RTCG_1_002/playlist.m3u8
TVCG 3 Ⓖ,https://rtcg-live-open-geo.morescreens.com/RTCG_1_003/playlist.m3u8
TVCG MNE,https://rtcg-live-open.morescreens.com/RTCG_1_004/playlist.m3u8
Omrop Fryslân,https://d3pvma9xb2775h.cloudfront.net/live/omropfryslan/f8f68bd5/playlist.m3u8
RTV Noord,https://media.rtvnoord.nl/live/rtvnoord/tv/playlist.m3u8
RTV Drenthe,https://cdn.rtvdrenthe.nl/live/rtvdrenthe/tv/index.m3u8
RTV Oost,https://d34cg2bnc08ruf.cloudfront.net/live/rtvoost/tv/index.m3u8
Omroep Gelderland,https://d2od87akyl46nm.cloudfront.net/live/omroepgelderland/tvgelderland-hls/index.m3u8
RTV Utrecht,http://media.rtvutrecht.nl/live/rtvutrecht/rtvutrecht/index.m3u8
Omroep Flevoland Ⓢ,https://d5ms27yy6exnf.cloudfront.net/live/omroepflevoland/tv/index.m3u8
NH Nieuws,https://rrr.sz.xlcdn.com/?account=nhnieuws&file=live&type=live&service=wowza&protocol=https&output=playlist.m3u8
RTV Rijnmond,https://dcur8bjarl5c2.cloudfront.net/live/rijnmond/tv/index.m3u8
Omroep West,https://d1axml5ozykh3g.cloudfront.net/live/omroepwest/tv/index.m3u8
Omroep Zeeland,http://d3isaxd2t6q8zm.cloudfront.net/live/omroepzeeland/tv/index.m3u8
Omroep Brabant,http://d3slqp9xhts6qb.cloudfront.net/live/omroepbrabant/tv/index.m3u8
L1 Ⓢ,http://d34pj260kw1xmk.cloudfront.net/live/l1/tv/index.m3u8
Advocate Broadcasting Network,https://viewmedia7219.bozztv.com/wmedia/viewmedia100/web_045/Stream/playlist.m3u8
Channels TV Ⓨ,https://www.youtube.com/@ChannelsTelevision/live
Itage TV,https://viewmedia7219.bozztv.com/wmedia/viewmedia100/web_011/Stream/playlist.m3u8
News Central,https://wf.newscentral.ng:8443/hls/stream.m3u8
Rave TV,https://viewmedia7219.bozztv.com/wmedia/viewmedia100/web_039/Stream/playlist.m3u8
Silverbird News 24,https://viewmedia7219.bozztv.com/wmedia/viewmedia100/web_029/Stream/playlist.m3u8
Soundcity TV Ⓨ,https://www.youtube.com/channel/UCGuIbAVY4_O-KOQmLkU0IKQ/live
Superscreen TV,https://video1.getstreamhosting.com:1936/8398/8398/playlist.m3u8
TVC News Ⓨ,https://www.youtube.com/tvcnewsnigeria/live
Waffi TV,https://oqgdro3xd4rm-hls-live.5centscdn.com/waffiitvstreaminglivetfmediacast/e0885d428bea69e372309657f3bd895f.sdp/playlist.m3u8
Wazobia Max TV Nigeria,https://wazobia.live:8333/channel/wmax.m3u8
Wazobia Max TV Port Harcourt,https://wazobia.live:8333/channel/wmaxph.m3u8
KCTV,https://kctv.koryofront.org/stream/index.m3u8
MRT1 Ⓖ,https://vod-c57.interspace.com:443/channel_abr/42/playlist.m3u8?wmsAuthSign=%2A%2A%2A
MRT2 Ⓖ,https://vod-c57.interspace.com:443/channel_abr/43/playlist.m3u8?wmsAuthSign=%2A%2A%2A
MRT Sobraniski kanal Ⓖ,https://vod-c57.interspace.com:443/channel_abr/44/playlist.m3u8?wmsAuthSign=%2A%2A%2A
MRT3 Ⓖ,https://vod-c57.interspace.com:443/channel_abr/658323455489957/playlist.m3u8?wmsAuthSign=%2A%2A%2A
MRT4 Ⓖ,https://vod-c57.interspace.com:443/channel_abr/712108910819540/playlist.m3u8?wmsAuthSign=%2A%2A%2A
MRT5 Ⓖ,https://vod-c57.interspace.com:443/channel_abr/553171400681132/playlist.m3u8?wmsAuthSign=%2A%2A%2A
Kanal 5 Ⓢ Ⓖ,https://teve.mk/tvstanici/2/playlist.m3u8
Alsat M Ⓢ Ⓖ,https://vipottbpkstream.vip.hr/Content/onevip-hls/Live/Channel(Alsat_M)/index.m3u8
Sitel Ⓢ Ⓖ,https://teve.mk/tvstanici/s1/playlist.m3u8
MRT Sat,https://vod-c57.interspace.com:443/channel_abr/45/playlist.m3u8?wmsAuthSign=%2A%2A%2A
MRT 2 Sat,https://vod-c57.interspace.com:443/channel_abr/46/playlist.m3u8?wmsAuthSign=%2A%2A%2A
TV 21 Ⓢ Ⓖ,https://t2.tvmak.com/tv/TV21MK.m3u8?QScgsh2FfM=
Телевизија Здравкин,http://zdravkin.hugo.mk:1935/live/zdravkin/playlist.m3u8
Орбис,http://tvorbis.hugo.mk:1935/live/orbis/index.m3u8
M»Net,http://ares.mnet.mk/hls/mnet.m3u8
M»Net Sport,http://ares.mnet.mk/hls/mnet-sport.m3u8
M»Net Info,http://ares.mnet.mk/hls/mnet-info.m3u8
MTM 1 Скопска Ⓖ,https://vipottbpkstream.vip.hr/Content/onevip-hls/Live/Channel(MTM)/index.m3u8
ТВ НОВА 12,http://151.236.247.171:8080/nova/index.m3u8
ЗОНА М1 ТВ,https://zonam1.ddns.net/hls/stream1.m3u8
Наша ТВ,https://stream.nasatv.com.mk/hls/nasatv_live.m3u8
Cool TV,https://stream.nasatv.com.mk/cooltv/hls/cooltv_live.m3u8
Folk TV,https://stream.nasatv.com.mk/folktv/hls/folktv_live.m3u8
Jazz TV,https://stream.nasatv.com.mk/jazztv/hls/jazztv_live.m3u8
Love TV,https://stream.nasatv.com.mk/lovetv/hls/lovetv_live.m3u8
Rock TV,https://stream.nasatv.com.mk/rocktv/hls/rocktv_live.m3u8
Sky Folk,https://skyfolk.mk/live.m3u8
Хуго 2,http://fta.hugo.mk:1935/live/tvhugo/stream/2.m3u8
Folk Club TV,http://tv1.intv.mk:1935/live2/folkklub/index.m3u8
INTV,http://tv1.intv.mk:1935/live/intv/index.m3u8
Вистел,https://live.vtv.mk/live/vtv/chunks.m3u8
NRK1 Ⓖ,https://nrk-live-no.akamaized.net/nrk1/muxed.m3u8
NRK2 Ⓖ,https://nrk-live-no.akamaized.net/nrk2/muxed.m3u8
NRK3 Ⓖ,https://nrk-live-no.akamaized.net/nrk3/muxed.m3u8
NRK Super Ⓖ,https://nrk-live-no.akamaized.net/nrksuper/muxed.m3u8
Frikanalen,https://frikanalen.no/stream/index.m3u8
Kanal 10 Norge Ⓨ,https://www.youtube.com/c/Kanal10Norge/live
Unicanal Ⓨ,https://www.youtube.com/@unicanalpy/live
ABC TV Ⓨ,https://www.youtube.com/user/canalabctv/live
Panamericana TV,http://45.171.108.253:8888/PANAMERICANA/index.m3u8
ATV+ Noticias,http://45.171.108.253:8888/ATV/index.m3u8
ATV+ Noticias Ⓨ,https://www.youtube.com/c/ATVNoticiasOficial/live
Exitosa (ex-Karibeña),http://187.102.210.46/KARIBENA/index.m3u8
Exitosa (ex-Karibeña),http://190.93.224.42/EXITOSA/index.m3u8
Latina,https://redirector.rudo.video/hls-video/567ffde3fa319fadf3419efda25619456231dfea/latina/latina.smil/playlist.m3u8
Cosmos TV,https://videoserver.tmcreativos.com:19360/tvcosmos/tvcosmos.m3u8
TVP1,https://lowa8026-cmyk.github.io/PL/TVP1.php.m3u8
TVP2,https://lowa8026-cmyk.github.io/PL/TVP2.php.m3u8
TVP Polonia,https://lowa8026-cmyk.github.io/tvpvod/399723.m3u8
TVP Info,https://lowa8026-cmyk.github.io/tvpvod/399699.m3u8
Belsat,https://iptv.prosto.tv/ch171/index.m3u8
TVP World,https://lowa8026-cmyk.github.io/tvpvod/399731.m3u8
TVP Kultura 2,https://www.tvkaista.net/stream-forwarder/get.php?x=TVPKultura2
4fun Kids,https://stream.4fun.tv:8889/hls/4fk_high/index.m3u8
4fun.tv Ⓢ,https://stream.4fun.tv:8888/hls/4f_high/index.m3u8
TV Republika,https://redir.cache.orange.pl/jupiter/o1-cl7/ssl/live/tvrepublika/live.m3u8
RTP1,https://streaming-live.rtp.pt/liverepeater/smil:rtp1HD.smil/playlist.m3u8
RTP2 Ⓖ,https://streaming-live.rtp.pt/liverepeater/rtp2HD.smil/playlist.m3u8
RTP3,https://streaming-live.rtp.pt/livetvhlsDVR/rtpnHDdvr.smil/playlist.m3u8?DVR=
SIC,https://production-fast-sic.content.okast.tv/fa2e8c4385712f9aa54bbe52b1bd9b6b/channels/d9070446-8448-455e-8075-773b1ba12562/fc831b20-f252-4e7d-8cc5-2d05f4d43c1c/media_.m3u8
TVI,https://raw.githubusercontent.com/thomraider12/canaistvpt/main/m3u8s/tvi.m3u8
RTP Açores,https://streaming-live.rtp.pt/liverepeater/smil:rtpacoresHD.smil/playlist.m3u8
RTP Madeira Ⓢ,https://streaming-live.rtp.pt/liverepeater/smil:rtpmadeira.smil/playlist.m3u8
RTP notícias,https://streaming-live.rtp.pt/liverepeater/smil:rtpnHD.smil/playlist.m3u8
RTP Memória,https://streaming-live.rtp.pt/liverepeater/smil:rtpmem.smil/playlist.m3u8
RTP Mundo,https://streaming-live.rtp.pt/liverepeater/smil:rtpi.smil/playlist.m3u8
Porto Canal Ⓢ,https://pull-live-156-1.global.ssl.fastly.net/pc5865dc25400thmb-ea6bf03b14fa318f7133/smil:pc1-jhrgyuoqe5865db-68tkgb14fa318f7133f03.smil/playlist.m3u8
ADtv Ⓢ,https://playout172.livextend.cloud/liveiframe/_definst_/ngrp:liveartvabr_abr/playlist.m3u8
CNN Portugal,https://github.com/LITUATUI/M3UPT/raw/main/M3U/CNN_Portugal.m3u8
RTP África,https://streaming-live.rtp.pt/liverepeater/smil:rtpafrica.smil/playlist.m3u8
Euronews em Português Ⓨ,https://www.youtube.com/euronewspt/live
Qatar Television,https://qatartv.akamaized.net/hls/live/20000609/qtv1/master.m3u8
Qatar Television 2,https://qatartv.akamaized.net/hls/live/20000611/qtv2/master.m3u8
Qatar Television The Holy Quran,https://qatartv.akamaized.net/hls/live/20000612/qtvquran/master1080p.m3u8
Al Rayyan,https://alrayyancdn.vidgyor.com/pub-noalrayy3pwz0l/liveabr/playlist_dvr.m3u8
Al Rayyan Old TV,https://alrayyancdn.vidgyor.com/pub-nooldraybinbdh/liveabr/playlist_dvr.m3u8
Al Jazeera Mubasher,https://live-hls-web-ajm.getaj.net/AJM/index.m3u8
Al Jazeera 2,https://live-hls-web-aja2-gcp.thehlive.com/AJA2/index.m3u8
Alkass One,https://liveeu-gcp.alkassdigital.net/alkass1-p/main.m3u8
Alkass Two,https://liveeu-gcp.alkassdigital.net/alkass2-p/main.m3u8
Alkass Three,https://liveeu-gcp.alkassdigital.net/alkass3-p/main.m3u8
Alkass Four,https://liveeu-gcp.alkassdigital.net/alkass4-p/main.m3u8
Al Araby TV,https://live.kwikmotion.com/alaraby1live/alaraby_abr/playlist.m3u8
TVR 1 Ⓖ,https://tvr-1.lg.mncdn.com/tvr1/smil:tvr1.smil/playlist.m3u8
TVR 2 Ⓖ,https://tvr-2.lg.mncdn.com/tvr2/smil:tvr2.smil/playlist.m3u8
TVR 3 Ⓖ,https://tvr-3.lg.mncdn.com/tvr3/smil:tvr3.smil/playlist.m3u8
TVR Info Ⓖ,https://tvr-info.lg.mncdn.com/tvrinfo/smil:tvrinfo.smil/playlist.m3u8
TVR International Ⓖ,https://tvr-international.lg.mncdn.com/tvrinternational/smil:tvrinternational.smil/playlist.m3u8
Pro TV,https://cmero-ott-live.ssl.cdn.cra.cz/channels/cme-ro-voyo-news/playlist.m3u8?offsetSeconds=0&url=0
România TV Ⓖ,https://livestream.romaniatv.net/clients/romaniatv/playlist.m3u8
Telestar1,https://dvb.tennet.ro/mobile_tv/telestar.m3u8
Euronews România Ⓨ,https://www.youtube.com/euronewsro/live
TVR Cluj Ⓖ,https://tvr-cluj.lg.mncdn.com/tvrcluj/smil:tvrcluj.smil/playlist.m3u8
TVR Craiova Ⓖ,https://tvr-craiova.lg.mncdn.com/tvrcraiova/smil:tvrcraiova.smil/playlist.m3u8
TVR Iași Ⓖ,http://82.208.141.70:8778/1.m3u8
TVR Timișoara Ⓖ,https://tvr-timisoara.lg.mncdn.com/tvrtimisoara/smil:tvrtimisoara.smil/playlist.m3u8
TVR Tîrgu-Mureș Ⓖ,https://tvr-tgmures.lg.mncdn.com/tvrtgmures/smil:tvrtgmures.smil/playlist.m3u8
Первый канал,https://edge1.1internet.tv/dash-live2/streams/1tv-dvr/1tvdash.mpd
Россия 1,https://live.smotrim.ru/vgtrk/0/russia1-hd/index.m3u8
Матч ТВ Ⓢ,https://streaming.televizor-24-tochka.ru/live/6.m3u8
НТВ Ⓢ,http://ott-cdn.ucom.am/s17/index.m3u8
Пятый канал Ⓢ,https://streaming.televizor-24-tochka.ru/live/8.m3u8
Россия-Культура Ⓢ,https://live.smotrim.ru/vgtrk/0/kultura-hd/index.m3u8
Россия-24 (1080p),https://vgtrkregion-reg.cdnvideo.ru/vgtrk/0/russia24-hd/1080p.m3u8
Россия-24 (720p),https://vgtrkregion-reg.cdnvideo.ru/vgtrk/0/russia24-hd/720p.m3u8
Карусель Ⓢ,https://streaming102.interskytech.com/live/232.m3u8
ОТР Ⓢ,https://streaming.televizor-24-tochka.ru/live/12.m3u8
ТВ Центр Ⓢ,http://ott-cdn.ucom.am/s54/index.m3u8
Рен ТВ Ⓢ,https://streaming.televizor-24-tochka.ru/live/14.m3u8
Спас Ⓢ,https://spas.mediacdn.ru/cdn/spas/playlist.m3u8
СТС Ⓢ,http://ott-cdn.ucom.am/s52/04.m3u8
Домашний Ⓢ,http://ott-cdn.ucom.am/s88/index.m3u8
ТВ-3 Ⓢ,https://streaming.televizor-24-tochka.ru/live/18.m3u8
Пятница! Ⓢ,https://streaming.televizor-24-tochka.ru/live/19.m3u8
Звезда,https://tvchannelstream1.tvzvezda.ru/cdn/tvzvezda/playlist.m3u8
Мир,http://hls.mirtv.cdnvideo.ru/mirtv-parampublish/mirtv_2500/playlist.m3u8
ТНТ Ⓢ,http://ott-cdn.ucom.am/s19/index.m3u8
Муз-ТВ Ⓢ,https://streaming102.interskytech.com/live/618.m3u8
РБК,http://92.50.128.180/utv/1358/index.m3u8
RT Д Русский Ⓖ,https://hls.rt.com/hls/rtdru.m3u8
CGTN Pусский,https://news.cgtn.com/resource/live/russian/cgtn-r.m3u8
Euronews по-русски Ⓨ,https://www.youtube.com/euronewsru/live
РТР-Планета Ⓢ,https://player.smotrim.ru/iframe/stream/live_id/63251
Че,https://cdn4.skygo.mn/live/disk1/Che/HLSv3-FTA/Che.m3u8
Арктика 24 Ⓥ,https://vk.com/video-213370539_456239018
Архыз 24,https://live.mediacdn.ru/sr1/arhis24/playlist_hdhigh.m3u8
Астрахан 24,https://streaming.astrakhan.ru/astrakhan24/playlist.m3u8
Башкортостан 24,https://vgtrkregion-reg.cdnvideo.ru/vgtrk/ufa/bashkortostan24-hd/index.m3u8
Белгород 24,http://belnovosti.cdn.easyhoster.ru:8080/stream.m3u8
Ветта 24,http://serv24.vintera.tv:8081/vetta/vetta_office/playlist.m3u8
Волгоград 24 Ⓢ,https://vgtrkregion-reg.cdnvideo.ru/vgtrk/volgograd/russia1-hd/index.m3u8
Запад 24,https://vgtrkregion-reg.cdnvideo.ru/vgtrk/kaliningrad/russia1-hd/index.m3u8
Катунь 24 Ⓞ,https://ok.ru/video/1166706155179
Крым 24,https://cdn.1tvcrimea.ru/24tvcrimea.m3u8
Кубань 24 Ⓞ,https://ok.ru/video/4157442498242
Луганск 24,https://tv.gtrklnr.ru/hls/Lugansk24.m3u8
Мир Белогорья,http://mirbelogorya.ru:8080/mirbelogorya/index.m3u8
Москва 24,https://stream.smotrim.ru/hls/moscow_24/playlist.m3u8?entity=channel&id=76&sign=e8e1bc15ce94ee7718ef8948500e5d21
Нижний Новгород 24,https://live-vestinn.cdnvideo.ru/vestinn/nn24-khl/playlist.m3u8
Самара 24,https://vgtrkregion-reg.cdnvideo.ru/vgtrk/samara/samara24-hd/index.m3u8
Саратов 24,https://saratov24.tv/online/playlist.php
Сибирь 24,https://vgtrkregion-reg.cdnvideo.ru/vgtrk/novosibirsk/russia1-hd/index.m3u8
Тольятти 24,https://tvtogliatti24.ru/hls/live1080/index.m3u8
Урал 24,https://vgtrkregion-reg.cdnvideo.ru/vgtrk/chelyabinsk/ural24-hd/index.m3u8
Якутия 24,https://live-saha.cdnvideo.ru/saha2/yak24rtmp_live.smil/playlist.m3u8
360 Новости,https://live-vgtrksmotrim.cdnvideo.ru/vgtrksmotrim/smotrim-live-03-srt.smil/playlist.m3u8
Вести ФМ,https://stream.smotrim.ru/hls/vesti_fm/playlist.m3u8?entity=channel&id=199&sign=7a04ce47ac48dd9b7ee0a99025656417
Небеса ТВ7 Ⓢ,https://vod.tv7.fi/tv7-ru/tv7-ru.smil/playlist.m3u8
Север,https://live.mediacdn.ru/sr1/sever/playlist.m3u8
Смотрим: Мелодрамы,https://live-vgtrksmotrim.cdnvideo.ru/vgtrksmotrim/smotrim-live-02.smil/playlist.m3u8
Смотрим: Тайны,https://live-vgtrksmotrim.cdnvideo.ru/vgtrksmotrim/smotrim-live-07.smil/playlist.m3u8
Смотрим: Честный Детектив,https://live-vgtrksmotrim.cdnvideo.ru/vgtrksmotrim/smotrim-live-01.smil/playlist.m3u8
Соловьёв Live,https://stream.smotrim.ru/hls/solovievlive/playlist.m3u8?entity=channel&id=292&sign=83652f1317ad220efe74a7606d9a7f37
Ю Ⓢ,https://strm.yandex.ru/kal/utv/utv0.m3u8
Матч! Планета Ⓢ,http://212.0.211.102:9999/play/a00b/index.m3u8
San Marino Rtv,https://d2hrvno5bw6tg2.cloudfront.net/smrtv-ch01/smil:ch-01.smil/chunklist.m3u8
San Marino Rtv Sport,https://d2hrvno5bw6tg2.cloudfront.net/smrtv-ch02/smil:ch-02.smil/master.m3u8
Al Saudiya,https://shd-gcp-live.edgenextcdn.net/live/bitmovin-saudi-tv/2ad66056b51fd8c1b624854623112e43/index.m3u8
SBC Saudi Arabia,https://shd-gcp-live.edgenextcdn.net/live/bitmovin-sbc/90e09c0c28db26435799b4a14892a167/index.m3u8
Thikrayat,https://shd-gcp-live.edgenextcdn.net/live/bitmovin-thikrayat/8cfa8fe0c96275735745b89c683b27e3/index.m3u8
Al Ekhbariya,https://shd-gcp-live.edgenextcdn.net/live/bitmovin-al-ekhbaria/297b3ef1cd0633ad9cfba7473a686a06/index.m3u8
Al Saudiya Alaan,https://shd-gcp-live.edgenextcdn.net/live/bitmovin-ksa-now/71ed3aa814c643306c0a8bc4fcc7d17f/index.m3u8
Al Quran Al Kareem TV,https://al-ekhbaria-prod-dub.shahid.net/out/v1/9885cab0a3ec4008b53bae57a27ca76b/index.m3u8
Al Sunnah Al Nabawiyah TV,http://m.live.net.sa:1935/live/sunnah/gmswf.m3u8
Rotana Cinema KSA,https://rotana.hibridcdn.net/rotananet/cinema_net-7Y83PP5adWixDF93/playlist.m3u8
Rotana Comedy,https://rotana.hibridcdn.net/rotananet/comedy_net-7Y83PP5adWixDF93/playlist.m3u8
Rotana Khalijia,https://rotana.hibridcdn.net/rotananet/khaleejiya_net-7Y83PP5adWixDF93/playlist.m3u8
Rotana Drama,https://rotana.hibridcdn.net/rotananet/drama_net-7Y83PP5adWixDF93/playlist.m3u8
Rotana Classic,https://bcovlive-a.akamaihd.net/0debf5648e584e5fb795c3611c5c0252/eu-central-1/6057955906001/playlist.m3u8
Rotana Ciip,https://rotana.hibridcdn.net/rotananet/clip_net-7Y83PP5adWixDF93/playlist.m3u8
Rotana Music,https://rotana.hibridcdn.net/rotananet/music_net-7Y83PP5adWixDF93/playlist.m3u8
RTS 1,https://webtvstream.bhtelecom.ba/rts1.m3u8
RTS 2,https://webtvstream.bhtelecom.ba/rts2.m3u8
RTS 3,http://185.81.240.65:15000/udp/233.233.233.36:12000
Red TV,https://edge8.pink.rs/redtv/index.m3u8
Kurir TV,https://static.am.mediaoutcast.com/storage/nQJnjJkO/nQJnjJkO/stream/O68x4o8g/720p/720p.m3u8
Informer TV,https://edge-rs-03.maksnet.tv/informertv-secure/web/playlist.m3u8
RTS Svet,https://webtvstream.bhtelecom.ba/rts_svet.m3u8
RTV 1,rtmp://212.200.230.50:1935/RTV/rtv1
RTV 2,rtmp://212.200.230.50:1935/RTV/rtv2
Markíza,https://sktv.mxnticek.eu/new/stream.php?ch=Markiza
Doma,https://sktv.mxnticek.eu/new/stream.php?ch=Doma
Dajto,https://sktv.mxnticek.eu/new/stream.php?ch=Dajto
Krimi,https://sktv.mxnticek.eu/new/stream.php?ch=Krimi
Klasik,https://sktv.mxnticek.eu/new/stream.php?ch=Klasik
Markíza TN Live,https://sktv.mxnticek.eu/new/stream.php?ch=Mark%C3%ADza+TN+Live
JOJ,https://sktv.mxnticek.eu/new/stream.php?ch=JOJ
JOJ Plus,https://sktv.mxnticek.eu/new/stream.php?ch=JOJ+Plus
Wau,https://sktv.mxnticek.eu/new/stream.php?ch=Wau
JOJ 24,https://sktv.mxnticek.eu/new/stream.php?ch=JOJ+24
JOJ Šport,https://sktv.mxnticek.eu/new/stream.php?ch=JOJ+%C5%A0port
Jojko,https://sktv.mxnticek.eu/new/stream.php?ch=Jojko
Jednotka,https://sktv.mxnticek.eu/new/stream.php?ch=Jednotka
Dvojka,https://sktv.mxnticek.eu/new/stream.php?ch=Dvojka
STVR :24,https://sktv.mxnticek.eu/new/stream.php?ch=STVR+%3A24
Šport,https://sktv.mxnticek.eu/new/stream.php?ch=%C5%A0port
STVR :O,https://sktv.mxnticek.eu/new/stream.php?ch=STVR+%3AO
NR SR,https://sktv.mxnticek.eu/new/stream.php?ch=NR+SR
STVR Live,https://sktv.mxnticek.eu/new/stream.php?ch=STVR+Live
TA3,https://sktv.mxnticek.eu/new/stream.php?ch=TA3
Folx Slovenija,https://folxsloapp.b-cdn.net/1080p/index.m3u8
Banaadir TV Ⓨ,https://www.youtube.com/channel/UC_IzgGt0bVMXBR_Eu6AcqRw/live
Bulsho TV Ⓨ,https://www.youtube.com/@Bulshotv/live
Dacwa TV Ⓢ,https://ap02.iqplay.tv:8082/iqb8002/d13w1/playlist.m3u8
Galmudug TV Ⓨ,https://www.youtube.com/channel/UCaEZkCJVKUoQNK42y-bC2Uw/live
Hirshabelle TV,https://cd198.anystream.uk:9092/iqapp/h1rshbe1iptv/playlist.m3u8
Horn Cable TV Ⓨ,https://www.youtube.com/@HornCableTV1/live
Jubbaland TV Ⓨ,https://www.youtube.com/@JLTVOfficial1/live
KGS TV Ⓨ,https://www.youtube.com/channel/UCiaAZAG_vm6cx3znkIqYErQ/live
MM Somali TV Ⓨ,https://www.youtube.com/@mmsomalitv/live
Puntland TV Ⓢ,http://cdn.mediavisionuae.com:1935/live/putlandtv2.stream/playlist.m3u8
Rejo TV Ⓨ,https://www.youtube.com/channel/UCf_ntY4qKz0jFV2dRTWselQ/live
Saab TV Ⓢ,https://cd198.anystream.uk:9092/iqapp/s03btv/playlist.m3u8
Sahan TV Ⓨ,https://www.youtube.com/channel/UCGn3y_geehf1ZgAlwtbNt2w/live
SBC Somalia Ⓢ,http://cdn.mediavisionuae.com:1935/live/sbctv.stream/playlist.m3u8
Shabelle TV Ⓨ,https://www.youtube.com/channel/UCXSorfoPFZbMraJP4XCtDQw/live
SNTV Daljir Ⓢ,https://cd198.anystream.uk:9092/iqapp/s2tve/playlist.m3u8
Somali Cable TV Ⓢ,https://ap02.iqplay.tv:8082/iqb8002/somc131/playlist.m3u8
Somali National TV Ⓢ,https://cd198.anystream.uk:9092/iqapp/s4ne/playlist.m3u8
Somaliland National TV Ⓨ,https://www.youtube.com/c/SLNTVLIVESTREAM/live
La 1,https://rtvelivestream.rtve.es/rtvesec/la1/la1_main_dvr.m3u8
La 2,https://rtvelivestream.rtve.es/rtvesec/la2/la2_main_dvr.m3u8
24h,https://rtvelivestream.rtve.es/rtvesec/24h/24h_main_dvr.m3u8
tdp,https://rtvelivestream.rtve.es/rtvesec/tdp/tdp_main.m3u8
clan,https://rtvelivestream.rtve.es/rtvesec/clan/clan_main_dvr.m3u8
TVE Internacional Europe-Asia,https://rtvelivestream-rtveplayplus.rtve.es/rtvesec/int/tvei_eu_main_dvr_1080.m3u8
Atreseries Ⓢ,http://181.78.109.48:8000/play/a00l/index.m3u8
Divinity Ⓖ,https://directos.divinity.es/orilinear04/live/linear04/main/main.isml/main-audio_spa=128000-video=1500000.m3u8
Energy Ⓖ,https://directos.energytv.es/orilinear03/live/linear03/main/main.isml/main-audio_spa=128000-video=1500000.m3u8
Be Mad Ⓖ,https://directos.bemad.es/orilinear02/live/linear02/main/main.isml/main-audio_spa=128000-video=1500000.m3u8
Paramount Network,https://jmp2.uk/plu-68d566603d3a9580eb461251.m3u8
RNE para todos,https://rtvelivestream.rtve.es/rtvesec/rne/rne_para_todos_main.m3u8
euronews,https://euronews-live-spa-es.fast.rakuten.tv/v1/master/0547f18649bd788bec7b67b746e47670f558b6b2/production-LiveChannel-6571/bitok/eyJzdGlkIjoiMDA0YjY0NTMtYjY2MC00ZTZkLTlkNzEtMTk3YTM3ZDZhZWIxIiwibWt0IjoiZXMiLCJjaCI6NjU3MSwicHRmIjoxfQ==/26034/euronews-es.m3u8
El País,https://d2epgk1fomaa1g.cloudfront.net/v1/master/3722c60a815c199d9c0ef36c5b73da68a62b09d1/cc-9n8y4tw0bk3an/live/fast-channel-el-pais/fast-channel-el-pais.m3u8
Negocios,https://streaming013.gestec-video.com/hls/negociostv.m3u8
Squirrel,https://tsw.streamingwebtv24.it:1936/inteccdn1/inteccdn1/playlist.m3u8
BOM Cine,https://tsw.streamingwebtv24.it:1936/inteccdn3/inteccdn3/playlist.m3u8
Antena 3,http://177.10.184.193:8000/play/a06a/index.m3u8
Cuatro,https://livehlsdai-i.akamaihd.net/hls/live/571643/cuatro/bitrate_1.m3u8
Telecinco,https://livehlsdai-i.akamaihd.net/hls/live/571640/telecinco/bitrate_1.m3u8
La Sexta,http://a3live-lh.akamaihd.net/i/lasexta_1@35272/master.m3u8
Neox Ⓢ,http://a3live-lh.akamaihd.net/i/nxhds/geoneox_1@35261/master.m3u8
Nova Ⓢ,http://40.160.24.55/Nova/index.m3u8
Mega Ⓢ,http://a3live-lh.akamaihd.net/i/mghds/geomega_1@328914/master.m3u8
FDF,https://mdslivehls-i.akamaihd.net/hls/live/571650/fdf/bitrate_1.m3u8
Boing,https://mdslivehls-i.akamaihd.net/hls/live/571647/boing/bitrate_1.m3u8
Telemadrid,https://telemadrid-23-secure2.akamaized.net/master.m3u8
La Otra,https://laotra-1-23-secure2.akamaized.net/master.m3u8
Canal Sur Andalucía,https://d4oe4cnrgi9c9.cloudfront.net/master.m3u8
La 7 CYLTV,http://nws.nice264.com/ilive/cyl/cyl_cyltvlivem_MB_348/playlist.m3u8
La 8 Mediterráneo,https://newscript.gestec-video.com/hls/8TVEVENTOS.m3u8
Televisión Canaria Ⓨ,https://rtvclive.flumotion.cloud/rtvc1live/smil:channel1PRG.smil/playlist.m3u8
IB3 Global Ⓨ,https://www.youtube.com/c/ib3/live
Canal Extremadura,https://d2ymuyhevki1a1.cloudfront.net/wct-ddd2992e-86fc-4611-a491-7f392259e9ba/continuous/9be76611-d2cd-474d-bf19-ef702ba31b02/index.m3u8
Aragón TV Ⓢ,https://cartv.streaming.aranova.es/hls/live/aragontv_canal1.m3u8
ETB1,https://multimedia.eitb.eus/live-content/etb1hd-hls/master.m3u8
ETB2,https://multimedia.eitb.eus/live-content/etb2hd-hls/master.m3u8
TV3Cat Ⓖ,https://directes3-tv-int.3catdirectes.cat/live-content/tvi-hls/master.m3u8
3/24,https://directes-tv-int.3catdirectes.cat/live-origin/canal324-hls/master.m3u8
Bon Dia,https://directes-tv-int.3catdirectes.cat/live-content/bondia-hls/master.m3u8
SX3 Ⓖ,https://directes-tv-cat.3catdirectes.cat/live-content/super3-hls/master.m3u8
El 33 Ⓖ,https://directes-tv-cat.3catdirectes.cat/live-origin/c33-super3-hls/master.m3u8
Esport3 Ⓖ,https://directes-tv-es.3catdirectes.cat/live-origin/esport3-hls/master.m3u8
Canal TE24,https://ingest1-video.streaming-pro.com/esportsteABR/etestream/playlist.m3u8
À Punt TV,https://bcovlive-a.akamaihd.net/8499d938ef904e39b58a4adec2ddeada/eu-west-1/6057955885001/playlist_dvr.m3u8
7 Región de Murcia Ⓢ,https://rtv-murcia-live.globalmest.com/principal/smil:principal.smil/playlist.m3u8
Canal 4 Tenerife,https://videoserver.tmcreativos.com:19360/hkbpjryheu/hkbpjryheu.m3u8
La 1 (Catalunya),https://rtvelivestream.rtve.es/rtvesec/cat/la1_cat_main_dvr.m3u8
La 1 (Canarias),https://rtvelivestream.rtve.es/rtvesec/can/la1_can_main_dvr.m3u8
La 2 (Catalunya),https://rtvelivestream.rtve.es/rtvesec/cat/la2_cat_main_dvr.m3u8
La 2 (Canarias),https://ztnr.rtve.es/ztnr/5468585.m3u8
SVT 1 Ⓖ,https://svt-live-channel.akamaized.net/l4/se/svt1/manifest.mpd?format=dash&defaultSubLang=1
SVT 2 Ⓖ,https://svt-live-channel.akamaized.net/l6/se/svt2/manifest.mpd?format=dash&defaultSubLang=1
ATG Live Ⓢ,https://kanal75xto-llhls.akamaized.net/live/Data/atg-kanal-15-02a-rr/HLS-Legacy-HL/atg-kanal-15-02a-rr.m3u8
Expressen TV,https://cdn0-03837-liveedge0.dna.ip-only.net/03837-liveedge0/smil:03837-tx2/playlist.m3u8
Kanal 10 Sverige,https://rrr.sz.xlcdn.com/?account=cn_kanal10media&file=live_transcoded&type=live&service=wowza&protocol=https&output=playlist.m3u8
SVT 24 Ⓖ,https://svt-live-channel.akamaized.net/l6/se/svtb/manifest.mpd?format=dash&defaultSubLang=1
Kunskapskanalen Ⓖ,https://svt-live-channel.akamaized.net/l6/se/svtk/manifest.mpd?format=dash&defaultSubLang=1
Di TV,https://cdn0-03837-liveedge0.dna.ip-only.net/03837-liveedge0/smil:03837-tx4/playlist.m3u8
Västmanlands TV,https://edg01-prd-se-dcs.solidtango.com/edge/lo9yf4l5/playlist.m3u8
Sundskanalen,https://stream.sundskanalen.se/live/view/index.m3u8
Öppna Kanalen Skövde,https://edg01-prd-de-ixn.solidtango.com/edge/_c6697zkv_/c6697zkv/manifest.m3u8
Lokal-TV Uddevalla / Fyrbodal-TV Ⓨ,https://www.youtube.com/@LtvuSeTube/live
Aryen TV,https://aryen.tv/live/tv/playlist.m3u8
Suryoyo Sat,https://player-api.new.livestream.com/accounts/10187302/events/6785118/broadcasts/237816618.secure.m3u8
SRF 1,http://51.91.73.99:25461/sweden/PM66f7Y43H/25849
RTS Un,http://hotiptv.site:8080/zkby2013/1d469e6d9e42/67585
TVM 3,http://livevideo.infomaniak.com/streaming/livecast/tvm3/playlist.m3u8
RSI La 1,http://190.2.155.162/RSI1/index.m3u8
RSI La 2,http://190.2.155.162/RSI2/index.m3u8
Teleticino,https://vstream-cdn.ch/hls/teleticino_720p/index.m3u8
CTV (中視) Ⓨ,https://www.youtube.com/c/twctvnews/live
CTV News Channel (中視新聞台) Ⓨ,https://www.youtube.com/watch?v=TCnaIE_SAtM
PTS (公視主頻) Ⓨ,https://www.youtube.com/channel/UCXgIO9jJVsX5_2ideiSkfvA/live
PTS Taigi (公視台語台) Ⓨ Ⓖ,https://www.youtube.com/watch?v=6KlRR_DGhmI
TaiwanPlus Ⓨ,https://www.youtube.com/watch?v=dZp87qnWelE
民視無線台,http://seb.sason.top/ptv/ftv.php?id=ms
FTV One (民視第一台),http://seb.sason.top/ptv/ftv.php?id=dy
FTV News (民視新聞台) Ⓨ,https://www.youtube.com/watch?v=ylYJSBUgaMA
FTV Taiwan (民視台灣台),http://seb.sason.top/ptv/ftv.php?id=tw
TTV Main Channel (臺灣電視台) Ⓨ Ⓖ,https://www.youtube.com/watch?v=uDqQo8a7Xmk
TTV News (台視新聞台) Ⓨ,https://www.youtube.com/@TTV_NEWS/live
Congress Channel 1 Ⓨ,https://www.youtube.com/watch?v=x6XVbD7Ln78
Congress Channel 2 Ⓨ,https://www.youtube.com/watch?v=Lj8OWF6nzcg
CNC3,https://sktv-forwarders.7m.pl/get.php?x=CNC3
gayelle,https://sktv-forwarders.7m.pl/get.php?x=gayelle
Synergy TV,https://sktv-forwarders.7m.pl/get.php?x=Synergy_TV
TTT,https://sktv-forwarders.7m.pl/get.php?x=TTT
IBN,https://sktv-forwarders.7m.pl/get.php?x=IBN
Trinity TV,https://sktv-forwarders.7m.pl/get.php?x=Trinity_TV
TRT 1,https://tv-trt1.medya.trt.com.tr/master.m3u8
TRT 2 Ⓖ,https://tv-trt2.medya.trt.com.tr/master.m3u8
TRT Haber,https://tv-trthaber.medya.trt.com.tr/master.m3u8
TRT Spor Ⓖ,https://tv-trtspor1.medya.trt.com.tr/master.m3u8
TRT Spor 2 Ⓖ,https://tv-trtspor2.medya.trt.com.tr/master.m3u8
TRT Çocuk,https://tv-trtcocuk.medya.trt.com.tr/master.m3u8
TRT Müzik,https://tv-trtmuzik.medya.trt.com.tr/master.m3u8
TRT Belgesel,https://tv-trtbelgesel-dai.medya.trt.com.tr/master.m3u8
TRT Avaz,https://tv-trtavaz.medya.trt.com.tr/master.m3u8
TRT Kurdî,https://tv-trtkurdi.medya.trt.com.tr/master.m3u8
TRT Arabi,https://tv-trtarabi.medya.trt.com.tr/master.m3u8
TRT World,https://tv-trtworld.medya.trt.com.tr/master.m3u8
TRT Türk,https://tv-trtturk.medya.trt.com.tr/master.m3u8
TRT EBA Ilkokul,https://tv-e-okul00.medya.trt.com.tr/master.m3u8
TRT EBA Ortaokul,https://tv-e-okul01.medya.trt.com.tr/master.m3u8
TRT EBA Lise,https://tv-e-okul02.medya.trt.com.tr/master.m3u8
Altyn Asyr,https://alpha.tv.online.tm/hls/ch001.m3u8
Yaslyk,https://alpha.tv.online.tm/hls/ch002.m3u8
Miras,https://alpha.tv.online.tm/hls/ch003.m3u8
Türkmen Sporty,https://alpha.tv.online.tm/hls/ch004.m3u8
Türkmen Owazy,https://alpha.tv.online.tm/hls/ch005.m3u8
Ashgabat,https://alpha.tv.online.tm/hls/ch006.m3u8
Türkmenistan,https://alpha.tv.online.tm/hls/ch007.m3u8
ARKADAG,https://alpha.tv.online.tm/hls/ch000.m3u8
BBC One Ⓖ,https://vs-hls-pushb-uk-live.akamaized.net/x=4/i=urn:bbc:pips:service:bbc_one_yorks/iptv_hd_abr_v1.m3u8
BBC Two Ⓖ,https://vs-hls-push-uk-live.akamaized.net/x=4/i=urn:bbc:pips:service:bbc_two_hd/iptv_hd_abr_v1.m3u8
ITV 1,http://45.14.84.37/itv1/index.m3u8
STV Ⓖ,https://csm-e-stv-eb.tls1.yospace.com/csm/live/139900483.m3u8
S4C Ⓖ,https://live-uk.s4c-cdn.co.uk/out/v1/a0134f1fd5a2461b9422b574566d4442/live_uk.m3u8
Channel 5 Ⓢ,http://193.46.58.239:8080/Channel5/index.m3u8
ITV 2,http://45.14.84.37/itv2/index.m3u8
BBC Alba Ⓖ,https://vs-hls-pushb-uk-live.akamaized.net/x=4/i=urn:bbc:pips:service:bbc_alba/iptv_hd_abr_v1.m3u8
BBC Four Ⓖ,https://vs-hls-pushb-uk-live.akamaized.net/x=4/i=urn:bbc:pips:service:bbc_four_hd/iptv_hd_abr_v1.m3u8
BBC Scotland Ⓢ Ⓖ,https://vs-hls-pushb-uk-live.akamaized.net/x=4/i=urn:bbc:pips:service:bbc_scotland_hd/pc_hd_abr_v2.m3u8
ITV 3,http://45.14.84.37/itv3/index.m3u8
QVC UK Ⓢ,https://qvcuk-live.akamaized.net/hls/live/2097112/qvc/3/3.m3u8
TJC,https://cdn-shop-lc-01.akamaized.net/Content/HLS_HLS/Live/channel(TJCOTT)/index.m3u8
BBC Three Ⓖ,https://vs-hls-pushb-uk-live.akamaized.net/x=4/i=urn:bbc:pips:service:bbc_three_hd/iptv_hd_abr_v1.m3u8
ITV 4,http://45.14.84.37/itv4/index.m3u8
Great! Movies Ⓢ,https://amg01753-narrativeuk-amg01753c3-lg-gb-1833.playouts.now.amagi.tv/playlist/amg01753-narrativeuk-greatmovies-lggb/playlist.m3u8
GemsTV Ⓢ,https://lo3.gemporia.com/abrgemporiaukgfx/smil:livestream.smil/playlist.m3u8
Great! Romance Ⓢ,https://amg01753-narrativeuk-amg01753c2-lg-gb-1832.playouts.now.amagi.tv/playlist/amg01753-narrativeuk-greatchristmas-lggb/playlist.m3u8
Blaze Ⓖ,https://live.blaze.tv/live7/blaze/bitrate1.isml/live.m3u8
TBN UK Ⓢ,https://live-tbn-ssai.simplestreamcdn.com/v1/master/774d979dd66704abea7c5b62cb34c6815fda0d35/tbn-live/manifest.m3u8
True Crime Ⓢ,https://b6cca454.wurl.com/master/f36d25e7e52f1ba8d7e56eb859c636563214f541/U2Ftc3VuZy1nYl9UcnVlQ3JpbWVVS2Zyb21DQlNSZWFsaXR5X0hMUw/playlist.m3u8
Jewellery Maker,https://lo3.gemporia.com/abrjewellerymaker/smil:livestreamFullHD.smil/playlist.m3u8
Hobby Maker,https://lo3.gemporia.com/abrhobbymakerukgfx/smil:livestreamFullHD.smil/playlist.m3u8
Talking Pictures TV Ⓢ,http://92.114.85.72:8000/play/a0la
Together TV Ⓢ,http://92.114.85.72:8000/play/a0j8
CBBC Ⓖ,https://vs-hls-pushb-uk-live.akamaized.net/x=4/i=urn:bbc:pips:service:cbbc_hd/t=3840/v=pv14/b=5070016/main.m3u8
CBeebies Ⓖ,https://vs-hls-pushb-uk-live.akamaized.net/x=4/i=urn:bbc:pips:service:cbeebies_hd/t=3840/v=pv14/b=5070016/main.m3u8
Pop Ⓢ,https://amg01753-narrativeentert-popkids-lggb-xyy5k.amagi.tv/ts-eu-w1-n2/playlist/amg01753-narrativeentert-popkids-lggb/playlist.m3u8
BBC News,https://vs-hls-push-ww-live.akamaized.net/x=4/i=urn:bbc:pips:service:bbc_news_channel_hd/t=3840/v=pv14/b=5070016/main.m3u8
BBC Parliament Ⓢ Ⓖ,https://vs-hls-pushb-uk-live.akamaized.net/x=4/i=urn:bbc:pips:service:bbc_parliament/pc_hd_abr_v2.m3u8
Sky News Ⓖ,https://linear021-gb-hls1-prd-ak.cdn.skycdp.com/Content/HLS_001_hd/Live/channel(skynews)/index_mob.m3u8
GB News,https://live-gbnews.simplestreamcdn.com/live5/gbnews/bitrate1.isml/manifest.m3u8
TalkTV,https://488f4ce4.wurl.com/master/f36d25e7e52f1ba8d7e56eb859c636563214f541/TEctZ2JfVGFsa19ITFM/playlist.m3u8
France 24 Ⓨ,https://www.youtube.com/c/france24english/live
Bloomberg TV,https://bloomberg.com/media-manifest/streams/eu.m3u8
NHK World Japan,https://master.nhkworld.jp/nhkworld-tv/playlist/live.m3u8
Arirang World,http://amdlive.ctnd.com.edgesuite.net/arirang_1ch/smil:arirang_1ch.smil/chunklist_b2256000_sleng.m3u8
TRT World,https://dash2.antik.sk/live/test_trt_world_atktv/playlist.m3u8
QVC Beauty Ⓢ,https://qvcuk-live.akamaized.net/hls/live/2097112/qby/3/3.m3u8
QVC Extra Ⓢ,https://qvcuk-live.akamaized.net/hls/live/2097112/qex/3/3.m3u8
QVC Style Ⓢ,https://qvcuk-live.akamaized.net/hls/live/2097112/qst/3/3.m3u8
Now 70s,https://lightning-now70s-samsungnz.amagi.tv/playlist.m3u8
Now 80s,https://lightning-now80s-samsunguk.amagi.tv/playlist.m3u8
Now Rock,https://lightning-now90s-samsungnz.amagi.tv/playlist.m3u8
BBC Radio 1,https://lsn.lv/bbcradio.m3u8?station=bbc_radio_one&bitrate=320000
BBC Radio 2,https://lsn.lv/bbcradio.m3u8?station=bbc_radio_two&bitrate=320000
BBC Radio 3,https://lsn.lv/bbcradio.m3u8?station=bbc_radio_three&bitrate=320000
BBC Radio 4,https://lsn.lv/bbcradio.m3u8?station=bbc_radio_fourfm&bitrate=320000
BBC Radio 5 Live,https://lsn.lv/bbcradio.m3u8?station=bbc_radio_five_live&bitrate=320000
BBC Radio 6 Music,https://lsn.lv/bbcradio.m3u8?station=bbc_6music&bitrate=320000
BBC Radio 1Xtra,https://lsn.lv/bbcradio.m3u8?station=bbc_1xtra&bitrate=320000
BBC Radio 4 Extra,https://lsn.lv/bbcradio.m3u8?station=bbc_radio_four_extra&bitrate=320000
BBC Radio 5 Sports Extra,https://lsn.lv/bbcradio.m3u8?station=bbc_radio_five_live_sports_extra&bitrate=320000
BBC Asian Network,https://lsn.lv/bbcradio.m3u8?station=bbc_asian_network&bitrate=320000
BBC World Service,http://a.files.bbci.co.uk/media/live/manifesto/audio/simulcast/hls/nonuk/sbr_low/ak/bbc_world_service.m3u8
Pershyi,https://api-tv.ipnet.ua/api/v1/manifest/2118742505.m3u8
1+1 Ukraina Ⓢ,http://stream.mcquack.net/219/index.m3u8
Suspilne Kultura,http://stream.mcquack.net/435/index.m3u8
Suspilne Sport,http://cdnua05.hls.tv/934/hls/8743361621b245838bee193c9ec28322/4856/stream.m3u8
ICTV2,http://cdnua05.hls.tv/919/hls/8743361621b245838bee193c9ec28322/4835/stream.m3u8
ICTV Serialy,http://cdnua05.hls.tv/624/hls/f62d71219200da4130d13b21d23fb23c/4896/stream.m3u8
Inter,http://stream.mcquack.net/174/index.m3u8
Армія ТБ,https://api-tv.ipnet.ua/api/v1/manifest/2118742632.m3u8
Novyi Kanal,http://stream.mcquack.net/157/index.m3u8
TET Ⓢ,http://stream.mcquack.net/338/index.m3u8
2+2 Ⓢ,http://stream.mcquack.net/173/index.m3u8
M1,http://stream.mcquack.net/218/index.m3u8
M2,http://stream.mcquack.net/330/index.m3u8
NTN,https://cdn15.live-tv.cloud/ua_infinitas_tv/ntn-abr/playlist.m3u8
Mega,https://cdn15.live-tv.cloud/ua_infinitas_tv/mega-abr/playlist.m3u8
ПлюсПлюс Ⓢ,http://stream.mcquack.net/339/index.m3u8
K1,http://stream.mcquack.net/270/index.m3u8
XSport Ⓢ,http://cdnua05.hls.tv/946/hls/8743361621b245838bee193c9ec28322/3999/stream.m3u8
Enter-Film,http://stream.mcquack.net/322/index.m3u8
Піксель TV,https://cdn15.live-tv.cloud/ua_infinitas_tv/pixel-abr/playlist.m3u8
5 Kanal,http://stream.mcquack.net/291/index.m3u8
Суспільне Київ,https://live-nstu.cdn-03.cosmonova.net.ua/mobile-app/main/nstu-kyiv/master.m3u8
Суспільне Дніпро,http://cdnua05.hls.tv/648/hls/f62d71219200da4130d13b21d23fb23c/4786/stream.m3u8
Суспільне Житомир Ⓢ,http://cdnua05.hls.tv/647/hls/f62d71219200da4130d13b21d23fb23c/4787/stream.m3u8
Суспільне Одеса Ⓢ,http://cdnua05.hls.tv/653/hls/f62d71219200da4130d13b21d23fb23c/4833/stream.m3u8
Суспільне Суми Ⓢ,http://cdnua05.hls.tv/630/hls/f62d71219200da4130d13b21d23fb23c/4798/stream.m3u8
Суспільне Хмельницький Ⓢ,http://cdnua05.hls.tv/632/hls/f62d71219200da4130d13b21d23fb23c/4800/stream.m3u8
Суспільне Чернівці Ⓢ,http://cdnua05.hls.tv/643/hls/f62d71219200da4130d13b21d23fb23c/4790/stream.m3u8
Суспільне Kropyvnytskyi,http://cdnua05.hls.tv/650/hls/f62d71219200da4130d13b21d23fb23c/4788/stream.m3u8
Суспільне Луцьк,http://193.107.168.98:7006/play/508/index.m3u8
Суспільне Крим,https://ext.cdn.nashnet.tv/228.0.0.71/index.m3u8
Суспільне Тернопіль,http://cdnua05.hls.tv/647/hls/f62d71219200da4130d13b21d23fb23c/4789/stream.m3u8
Суспільне Чернігів,http://cdnua05.hls.tv/645/hls/f62d71219200da4130d13b21d23fb23c/4791/stream.m3u8
FREEДOM,http://95.67.106.242/mobile-app/main/freedom/master.m3u8
24 Kanal,http://streamvideol1.luxnet.ua/news24/smil:news24.stream.smil/playlist.m3u8
ДІМ,https://dash2.antik.sk/live/telekanal_dim/playlist.m3u8
Дніпро TV,http://vcdn1.produck.company:1935/out/dtv/playlist.m3u8
ГІТ,https://stream.uagit.tv/gittv.m3u8
Telekanal RAI,https://stream.rai.ua/rai/stream.m3u8
Тернопіль 1,https://ott.columbus.te.ua/ternopil1/index.m3u8
CK 1,http://cdn10.live-tv.od.ua:8081/sk1zt/sk1zt-abr/playlist.m3u8
Pervyy gorodskoy Odessa,https://live.1tv.od.ua/stream1/channel1/playlist.m3u8
Київ 24,https://ext.cdn.nashnet.tv/228.0.0.15/index.m3u8
ITV,http://cdn10.live-tv.od.ua:8081/itvrv/abr/playlist.m3u8
NTK TV,http://stream.ntktv.ua/s/ntk/ntk.m3u8
TVA,https://hls.cdn.ua/tva.ua_live/livestream/chunklist_.m3u8
TV7+,https://tv7plus.com/hls/tv7_site.m3u8
Cartoon Network Arabic,https://shls-cartoon-net-prod-dub.shahid.net/out/v1/dc4aa87372374325a66be458f29eab0f/index.m3u8
Al Arabiya Business,https://live.alarabiya.net/alarabiapublish/aswaaq.smil/playlist.m3u8
MBC 1,https://shd-gcp-live.edgenextcdn.net/live/bitmovin-mbc-1/15cf99af5de54063fdabfefe66adc075/index.m3u8
MBC 2 Ⓢ,http://37.122.156.107:4000/play/a07g/index.m3u8
MBC 3,https://shd-gcp-live.edgenextcdn.net/live/bitmovin-mbc-3-usa/5d58265a862a476dc7f97694addb5ded/index.m3u8
MBC 4,https://shd-gcp-live.edgenextcdn.net/live/bitmovin-mbc-4/24f134f1cd63db9346439e96b86ca6ed/index.m3u8
MBC 5,https://shd-gcp-live.edgenextcdn.net/live/bitmovin-mbc-5/ee6b000cee0629411b666ab26cb13e9b/index.m3u8
MBC Action Ⓢ,http://37.122.156.107:4000/play/a07h/index.m3u8
MBC Bollywood,https://shd-gcp-live.edgenextcdn.net/live/bitmovin-mbc-bollywood/546eb40d7dcf9a209255dd2496903764/index.m3u8
MBC Drama,https://shd-gcp-live.edgenextcdn.net/live/bitmovin-mbc-drama/2c28a458e2f3253e678b07ac7d13fe71/index.m3u8
MBC Max Ⓢ,http://37.122.156.107:4000/play/a07i/index.m3u8
MBC Persia,https://shd-gcp-live.edgenextcdn.net/live/bitmovin-mbc-persia/818ee8e4b592dc497608f066d825bfb4/index.m3u8
Wanasah,https://shd-gcp-live.edgenextcdn.net/live/bitmovin-wanasah/13e82ea6232fa647c43b26e8a41f173d/index.m3u8
Sky News Arabia,https://stream.skynewsarabia.com/hls/sna.m3u8
Baynounah TV,https://vo-live.cdb.cdn.orange.com/Content/Channel/Baynounah/HLS/index.m3u8
Ajman TV,https://cdn1.logichost.in/ajmantv/live/playlist.m3u8
Al Aan TV,https://shls-live-ak.akamaized.net/out/v1/dfbdea4c1bf149629764e58c6ff314c8/index.m3u8
Abu Dhabi TV,http://admdn2.cdn.mangomolo.com/adtv/smil:adtv.stream.smil/chunklist.m3u8
Abu Dhabi Sports 1,https://vo-live.cdb.cdn.orange.com/Content/Channel/AbuDhabiSportsChannel1/HLS/index.m3u8
Abu Dhabi Sports 2,https://vo-live.cdb.cdn.orange.com/Content/Channel/AbuDhabiSportsChannel2/HLS/index.m3u8
National Geographic Abu Dhabi,https://admdn2.cdn.mangomolo.com/nagtv/smil:nagtv.stream.smil/playlist.m3u8
Ajman TV,https://cdn1.logichost.in/ajmantv/live/playlist.m3u8
Dubai TV,https://dmisxthvll.cdn.mgmlcdn.com/dubaitvht/smil:dubaitv.stream.smil/playlist.m3u8
Dubai One,https://dminnvll.cdn.mangomolo.com/dubaione/smil:dubaione.stream.smil/playlist.m3u8
Dubai Sports 1,https://dmitnthfr.cdn.mgmlcdn.com/dubaisports/smil:dubaisports.stream.smil/chunklist.m3u8
Dubai Sports 2,https://dmitwlvvll.cdn.mangomolo.com/dubaisportshd/smil:dubaisportshd.smil/index.m3u8
Dubai Sports 3,https://dmitwlvvll.cdn.mangomolo.com/dubaisportshd5/smil:dubaisportshd5.smil/index.m3u8
Dubai Racing 1,https://dmisvthvll.cdn.mgmlcdn.com/events/smil:events.stream.smil/playlist.m3u8
Dubai Racing 2,https://dmithrvll.cdn.mangomolo.com/dubairacing/smil:dubairacing.smil/playlist.m3u8
Dubai Racing 3,https://dmithrvll.cdn.mangomolo.com/dubaimubasher/smil:dubaimubasher.smil/playlist.m3u8
Dubai Zaman,https://dmiffthvll.cdn.mangomolo.com/dubaizaman/smil:dubaizaman.stream.smil/playlist.m3u8
Sama Dubai,https://dmieigthvll.cdn.mgmlcdn.com/samadubaiht/smil:samadubai.stream.smil/playlist.m3u8
Noor Dubai,https://dmiffthvll.cdn.mangomolo.com/noordubaitv/smil:noordubaitv.smil/playlist.m3u8
Sharjah TV,https://live.kwikmotion.com/smc1live/smc1tv.smil/playlist.m3u8
Sharjah Sports,https://svs.itworkscdn.net/smc4sportslive/smc4.smil/playlist.m3u8
Al Wousta,https://svs.itworkscdn.net/alwoustalive/alwoustatv.smil/playlist.m3u8
Buzzr Ⓖ,http://23.237.104.106:8080/USA_BUZZR/index.m3u8
Retro TV,https://lukentvlive.vgcdn.net/v1/master/cef183924f24adfa3d5d7601c3a17769082c0c2b/retro/index.m3u8
Stadium,https://bcovlive-a.akamaihd.net/e64d564b9275484f85981d8c146fb915/us-east-1/5994000126001/profile_1/976f34cf5a614518b7b539cbf9812080/chunklist_ssaiV.m3u8
Biz TV,https://2-fss-1.streamhoster.com/pl_154/205722-2251224-1/playlist.m3u8
Heartland,https://lukentvlive.vgcdn.net/v1/master/cef183924f24adfa3d5d7601c3a17769082c0c2b/heartland/index.m3u8
Rev'n,https://lukentvlive.vgcdn.net/v1/master/cef183924f24adfa3d5d7601c3a17769082c0c2b/Revn/index.m3u8
CNN,https://turnerlive.warnermediacdn.com/hls/live/586495/cnngo/cnn_slate/VIDEO_0_3564000.m3u8
CNBC Ⓨ,https://www.youtube.com/c/CNBC/live
Bloomberg,https://bloomberg.com/media-manifest/streams/us.m3u8
ABC News,https://abcnews-streams.akamaized.net/hls/live/2023560/abcnewshudson1/master.m3u8
CBS News,https://cbsnews.akamaized.net/hls/live/2020607/cbsnlineup_8/master.m3u8
NBC News,https://d1bl6tskrpq9ze.cloudfront.net/hls/master.m3u8?ads.xumo_channelId=99984003
Reuters TV,https://reuters-reutersnow-1-eu.rakuten.wurl.tv/playlist.m3u8
NASA TV Public,https://ntv1.akamaized.net/hls/live/2014075/NASA-NTV1-HLS/master_2000.m3u8
NASA TV Media,https://ntv2.akamaized.net/hls/live/2013923/NASA-NTV2-HLS/master.m3u8
BBC Food,https://service-stitcher.clusters.pluto.tv/v1/stitch/embed/hls/channel/5fb5844bf5514d0007945bda/master.m3u8?deviceId=channel&deviceModel=web&deviceVersion=1.0&appVersion=1.0&deviceType=rokuChannel&deviceMake=rokuChannel&deviceDNT=1&advertisingId=channel&embedPartner=rokuChannel&appName=rokuchannel&is_lat=1&bmodel=bm1&content=channel&platform=web&tags=ROKU_CONTENT_TAGS&coppa=false&content_type=livefeed&rdid=channel&genre=ROKU_ADS_CONTENT_GENRE&content_rating=ROKU_ADS_CONTENT_RATING&studio_id=viacom&channel_id=channel
BBC Home,https://service-stitcher.clusters.pluto.tv/v1/stitch/embed/hls/channel/5fb5836fe745b600070fc743/master.m3u8?deviceId=channel&deviceModel=web&deviceVersion=1.0&appVersion=1.0&deviceType=rokuChannel&deviceMake=rokuChannel&deviceDNT=1&advertisingId=channel&embedPartner=rokuChannel&appName=rokuchannel&is_lat=1&bmodel=bm1&content=channel&platform=web&tags=ROKU_CONTENT_TAGS&coppa=false&content_type=livefeed&rdid=channel&genre=ROKU_ADS_CONTENT_GENRE&content_rating=ROKU_ADS_CONTENT_RATING&studio_id=viacom&channel_id=channel
Docurama,https://cinedigm.vo.llnwd.net/conssui/amagi_hls_data_xumo1234A-docuramaA/CDN/master.m3u8
Drybar Comedy,https://drybar-drybarcomedy-1-us.samsung.wurl.tv/playlist.m3u8
Music Channel,http://media.boni-records.com/index.m3u8
Stryk TV,https://fffffff110156200.tvustream.com/ryfy.m3u8
FOX Live Now,https://fox-foxnewsnow-vizio.amagi.tv/playlist.m3u8
Cheddar,https://hls.livecdn.io/cheddar.com/cheddar/playlist.m3u8
Court TV,https://content.uplynk.com/channel/6c0bd0f94b1d4526a98676e9699a10ef.m3u8
WeatherNation,https://d2ferbiwcx1539.cloudfront.net/v1/master/3722c60a815c199d9c0ef36c5b73da68a62b09d1/cc-8zd06wicndthf-ssai-prd/WNNationalSamsung/WNNationalSamsung.m3u8
America's Voice,https://d2jiqiw4g5lj5k.cloudfront.net/v1/master/3722c60a815c199d9c0ef36c5b73da68a62b09d1/AmericasVoiceChannel-prod/AVSamsung/AVSamsung.m3u8
Newsmax TV,https://nmxlive.akamaized.net/hls/live/529965/Live_1/index.m3u8
America TeVe,https://live.gideo.video/americateve2/master.m3u8
Venevisión,http://177.234.249.178:8888/VENEVISION/index.m3u8
Televen,http://181.78.8.199:8000/play/a09j/index.m3u8
Globovisión,http://181.78.8.199:8000/play/a09k/index.m3u8
Vale TV Ⓢ,https://59d39900ebfb8.streamlock.net/valetv_480/valetv_480/playlist.m3u8
Telesur,https://raw.githubusercontent.com/BellezaEmporium/IPTV_Exception/master/channels/ve/telesur.m3u8
Latina TV,https://streamtv.latinamedios.com:3413/live/latinatvlive.m3u8
inter TV,https://streamtv.intervenhosting.net:3439/hybrid/play.m3u8
Aguacate TV,https://streamtv.intervenhosting.net:3040/hybrid/play.m3u8
AS3 Sport TV,https://streamtv.as3sport.online:3394/hybrid/play.m3u8
Al Jazeera Documentary Ⓖ,https://live-hls-web-ajd.getaj.net/AJD/index.m3u8
CGTN Documentary English Ⓢ,https://news.cgtn.com/resource/live/document/cgtn-doc.m3u8
RT Documentary English Ⓖ,https://rt-rtd.rttv.com/dvr/rtdoc/playlist.m3u8
Peer TV South Tyrol,https://iptv.peer.biz/live/peertv-en.m3u8
FilmRise Movies,http://dai2.xumo.com/xumocdn/p=roku/amagi_hls_data_xumo1212A-filmrisefreemovies/CDN/playlist.m3u8
FilmRise Sci-Fi,http://dai2.xumo.com/xumocdn/p=roku/amagi_hls_data_xumo1212A-rokufilmrisesci-fi/CDN/master.m3u8
Pluto TV Spotlight,http://service-stitcher.clusters.pluto.tv/stitch/hls/channel/5ba3fb9c4b078e0f37ad34e8/master.m3u8?terminate=false&deviceType=web&deviceMake=web&deviceModel=web&sid=51&deviceId=5ba3fb9c4b078e0f37ad34e8&deviceVersion=DNT&appVersion=DNT&deviceDNT=0&userId=&advertisingId=&deviceLat=&deviceLon=&app_name=&appName=web&buildVersion=&appStoreUrl=&architecture=&includeExtendedEvents=false&marketingRegion=US&serverSideAds=false
Pluto TV Action,http://service-stitcher.clusters.pluto.tv/stitch/hls/channel/561d7d484dc7c8770484914a/master.m3u8?terminate=false&deviceType=web&deviceMake=web&deviceModel=web&sid=54&deviceId=561d7d484dc7c8770484914a&deviceVersion=DNT&appVersion=DNT&deviceDNT=0&userId=&advertisingId=&deviceLat=&deviceLon=&app_name=&appName=web&buildVersion=&appStoreUrl=&architecture=&includeExtendedEvents=false&marketingRegion=US&serverSideAds=false
Pluto TV Comedy,http://service-stitcher.clusters.pluto.tv/stitch/hls/channel/5a4d3a00ad95e4718ae8d8db/master.m3u8?terminate=false&deviceType=web&deviceMake=web&deviceModel=web&sid=57&deviceId=5a4d3a00ad95e4718ae8d8db&deviceVersion=DNT&appVersion=DNT&deviceDNT=0&userId=&advertisingId=&deviceLat=&deviceLon=&app_name=&appName=web&buildVersion=&appStoreUrl=&architecture=&includeExtendedEvents=false&marketingRegion=US&serverSideAds=false
Pluto TV Drama,http://service-stitcher.clusters.pluto.tv/stitch/hls/channel/5b4e92e4694c027be6ecece1/master.m3u8?terminate=false&deviceType=web&deviceMake=web&deviceModel=web&sid=60&deviceId=5b4e92e4694c027be6ecece1&deviceVersion=DNT&appVersion=DNT&deviceDNT=0&userId=&advertisingId=&deviceLat=&deviceLon=&app_name=&appName=web&buildVersion=&appStoreUrl=&architecture=&includeExtendedEvents=false&marketingRegion=US&serverSideAds=false
Pluto TV Fantastic,http://service-stitcher.clusters.pluto.tv/stitch/hls/channel/5b64a245a202b3337f09e51d/master.m3u8?terminate=false&deviceType=web&deviceMake=web&deviceModel=web&sid=66&deviceId=5b64a245a202b3337f09e51d&deviceVersion=DNT&appVersion=DNT&deviceDNT=0&userId=&advertisingId=&deviceLat=&deviceLon=&app_name=&appName=web&buildVersion=&appStoreUrl=&architecture=&includeExtendedEvents=false&marketingRegion=US&serverSideAds=false
Pluto TV Romance,http://service-stitcher.clusters.pluto.tv/stitch/hls/channel/5a66795ef91fef2c7031c599/master.m3u8?terminate=false&deviceType=web&deviceMake=web&deviceModel=web&sid=70&deviceId=5a66795ef91fef2c7031c599&deviceVersion=DNT&appVersion=DNT&deviceDNT=0&userId=&advertisingId=&deviceLat=&deviceLon=&app_name=&appName=web&buildVersion=&appStoreUrl=&architecture=&includeExtendedEvents=false&marketingRegion=US&serverSideAds=false
Pluto TV Crime Movies,http://service-stitcher.clusters.pluto.tv/stitch/hls/channel/5f4d8594eb979c0007706de7/master.m3u8?terminate=false&deviceType=web&deviceMake=web&deviceModel=web&sid=73&deviceId=5f4d8594eb979c0007706de7&deviceVersion=DNT&appVersion=DNT&deviceDNT=0&userId=&advertisingId=&deviceLat=&deviceLon=&app_name=&appName=web&buildVersion=&appStoreUrl=&architecture=&includeExtendedEvents=false&marketingRegion=US&serverSideAds=false
Pluto TV Thrillers,http://service-stitcher.clusters.pluto.tv/stitch/hls/channel/5b4e69e08291147bd04a9fd7/master.m3u8?terminate=false&deviceType=web&deviceMake=web&deviceModel=web&sid=74&deviceId=5b4e69e08291147bd04a9fd7&deviceVersion=DNT&appVersion=DNT&deviceDNT=0&userId=&advertisingId=&deviceLat=&deviceLon=&app_name=&appName=web&buildVersion=&appStoreUrl=&architecture=&includeExtendedEvents=false&marketingRegion=US&serverSideAds=false
Pluto TV Horror,http://service-stitcher.clusters.pluto.tv/stitch/hls/channel/569546031a619b8f07ce6e25/master.m3u8?terminate=false&deviceType=web&deviceMake=web&deviceModel=web&sid=75&deviceId=569546031a619b8f07ce6e25&deviceVersion=DNT&appVersion=DNT&deviceDNT=0&userId=&advertisingId=&deviceLat=&deviceLon=&app_name=&appName=web&buildVersion=&appStoreUrl=&architecture=&includeExtendedEvents=false&marketingRegion=US&serverSideAds=false
Pluto TV Terror,http://service-stitcher.clusters.pluto.tv/stitch/hls/channel/5c6dc88fcd232425a6e0f06e/master.m3u8?terminate=false&deviceType=web&deviceMake=web&deviceModel=web&sid=76&deviceId=5c6dc88fcd232425a6e0f06e&deviceVersion=DNT&appVersion=DNT&deviceDNT=0&userId=&advertisingId=&deviceLat=&deviceLon=&app_name=&appName=web&buildVersion=&appStoreUrl=&architecture=&includeExtendedEvents=false&marketingRegion=US&serverSideAds=false
Black Cinema,http://service-stitcher.clusters.pluto.tv/stitch/hls/channel/58af4c093a41ca9d4ecabe96/master.m3u8?terminate=false&deviceType=web&deviceMake=web&deviceModel=web&sid=80&deviceId=58af4c093a41ca9d4ecabe96&deviceVersion=DNT&appVersion=DNT&deviceDNT=0&userId=&advertisingId=&deviceLat=&deviceLon=&app_name=&appName=web&buildVersion=&appStoreUrl=&architecture=&includeExtendedEvents=false&marketingRegion=US&serverSideAds=false
Pluto TV Staff Picks,http://service-stitcher.clusters.pluto.tv/stitch/hls/channel/5f4d863b98b41000076cd061/master.m3u8?terminate=false&deviceType=web&deviceMake=web&deviceModel=web&sid=90&deviceId=5f4d863b98b41000076cd061&deviceVersion=DNT&appVersion=DNT&deviceDNT=0&userId=&advertisingId=&deviceLat=&deviceLon=&app_name=&appName=web&buildVersion=&appStoreUrl=&architecture=&includeExtendedEvents=false&marketingRegion=US&serverSideAds=false
Pluto TV Documentaries,http://service-stitcher.clusters.pluto.tv/stitch/hls/channel/5b85a7582921777994caea63/master.m3u8?terminate=false&deviceType=web&deviceMake=web&deviceModel=web&sid=91&deviceId=5b85a7582921777994caea63&deviceVersion=DNT&appVersion=DNT&deviceDNT=0&userId=&advertisingId=&deviceLat=&deviceLon=&app_name=&appName=web&buildVersion=&appStoreUrl=&architecture=&includeExtendedEvents=false&marketingRegion=US&serverSideAds=false
90s Throwback,http://service-stitcher.clusters.pluto.tv/stitch/hls/channel/5f4d86f519358a00072b978e/master.m3u8?terminate=false&deviceType=web&deviceMake=web&deviceModel=web&sid=94&deviceId=5f4d86f519358a00072b978e&deviceVersion=DNT&appVersion=DNT&deviceDNT=0&userId=&advertisingId=&deviceLat=&deviceLon=&app_name=&appName=web&buildVersion=&appStoreUrl=&architecture=&includeExtendedEvents=false&marketingRegion=US&serverSideAds=false
80s Rewind,http://service-stitcher.clusters.pluto.tv/stitch/hls/channel/5ca525b650be2571e3943c63/master.m3u8?terminate=false&deviceType=web&deviceMake=web&deviceModel=web&sid=95&deviceId=5ca525b650be2571e3943c63&deviceVersion=DNT&appVersion=DNT&deviceDNT=0&userId=&advertisingId=&deviceLat=&deviceLon=&app_name=&appName=web&buildVersion=&appStoreUrl=&architecture=&includeExtendedEvents=false&marketingRegion=US&serverSideAds=false
70s Cinema,http://service-stitcher.clusters.pluto.tv/stitch/hls/channel/5f4d878d3d19b30007d2e782/master.m3u8?terminate=false&deviceType=web&deviceMake=web&deviceModel=web&sid=96&deviceId=5f4d878d3d19b30007d2e782&deviceVersion=DNT&appVersion=DNT&deviceDNT=0&userId=&advertisingId=&deviceLat=&deviceLon=&app_name=&appName=web&buildVersion=&appStoreUrl=&architecture=&includeExtendedEvents=false&marketingRegion=US&serverSideAds=false
Paramount Movie Channel,http://service-stitcher.clusters.pluto.tv/stitch/hls/channel/5cb0cae7a461406ffe3f5213/master.m3u8?terminate=false&deviceType=web&deviceMake=web&deviceModel=web&sid=100&deviceId=5cb0cae7a461406ffe3f5213&deviceVersion=DNT&appVersion=DNT&deviceDNT=0&userId=&advertisingId=&deviceLat=&deviceLon=&app_name=&appName=web&buildVersion=&appStoreUrl=&architecture=&includeExtendedEvents=false&marketingRegion=US&serverSideAds=false
Pluto TV Westerns,http://service-stitcher.clusters.pluto.tv/stitch/hls/channel/5b4e94282d4ec87bdcbb87cd/master.m3u8?terminate=false&deviceType=web&deviceMake=web&deviceModel=web&sid=103&deviceId=5b4e94282d4ec87bdcbb87cd&deviceVersion=DNT&appVersion=DNT&deviceDNT=0&userId=&advertisingId=&deviceLat=&deviceLon=&app_name=&appName=web&buildVersion=&appStoreUrl=&architecture=&includeExtendedEvents=false&marketingRegion=US&serverSideAds=false
Classic Movies,http://service-stitcher.clusters.pluto.tv/stitch/hls/channel/561c5b0dada51f8004c4d855/master.m3u8?terminate=false&deviceType=web&deviceMake=web&deviceModel=web&sid=106&deviceId=561c5b0dada51f8004c4d855&deviceVersion=DNT&appVersion=DNT&deviceDNT=0&userId=&advertisingId=&deviceLat=&deviceLon=&app_name=&appName=web&buildVersion=&appStoreUrl=&architecture=&includeExtendedEvents=false&marketingRegion=US&serverSideAds=false
Pluto TV Cult Films,http://service-stitcher.clusters.pluto.tv/stitch/hls/channel/5c665db3e6c01b72c4977bc2/master.m3u8?terminate=false&deviceType=web&deviceMake=web&deviceModel=web&sid=109&deviceId=5c665db3e6c01b72c4977bc2&deviceVersion=DNT&appVersion=DNT&deviceDNT=0&userId=&advertisingId=&deviceLat=&deviceLon=&app_name=&appName=web&buildVersion=&appStoreUrl=&architecture=&includeExtendedEvents=false&marketingRegion=US&serverSideAds=false
Flicks of Fury,http://service-stitcher.clusters.pluto.tv/stitch/hls/channel/58e55b14ad8e9c364d55f717/master.m3u8?terminate=false&deviceType=web&deviceMake=web&deviceModel=web&sid=112&deviceId=58e55b14ad8e9c364d55f717&deviceVersion=DNT&appVersion=DNT&deviceDNT=0&userId=&advertisingId=&deviceLat=&deviceLon=&app_name=&appName=web&buildVersion=&appStoreUrl=&architecture=&includeExtendedEvents=false&marketingRegion=US&serverSideAds=false
The Asylum,http://service-stitcher.clusters.pluto.tv/stitch/hls/channel/591105034c1806b47438342c/master.m3u8?terminate=false&deviceType=web&deviceMake=web&deviceModel=web&sid=115&deviceId=591105034c1806b47438342c&deviceVersion=DNT&appVersion=DNT&deviceDNT=0&userId=&advertisingId=&deviceLat=&deviceLon=&app_name=&appName=web&buildVersion=&appStoreUrl=&architecture=&includeExtendedEvents=false&marketingRegion=US&serverSideAds=false
Film Detective,https://dai.google.com/linear/hls/event/OYH9J7rZSK2fabKXWAYcfA/master.m3u8
Action Hollywood Movies,https://cdn-apse1-prod.tsv2.amagi.tv/linear/amg01076-lightningintern-actionhollywood-samsungnz/playlist.m3u8
Now 70's,https://lightning-now70s-samsungnz.amagi.tv/playlist.m3u8
Now 80's,https://lightning-now80s-samsungnz.amagi.tv/playlist.m3u8
NOW Rock,https://lightning-now90s-samsungnz.amagi.tv/playlist.m3u8
Al Jazeera العربية,https://live-hls-web-aja.getaj.net/AJA/index.m3u8
Al Arabiya العربية,https://live.alarabiya.net/alarabiapublish/alarabiya.smil/playlist.m3u8
Al Hadath العربية,https://live.alarabiya.net/alarabiapublish/alhadath.smil/alarabiapublish/alhadath_1080p/chunks.m3u8
France 24 العربية Ⓨ,https://www.youtube.com/c/FRANCE24Arabic/live
DW العربية,https://dwamdstream103.akamaized.net/hls/live/2015526/dwstream103/index.m3u8
CGTN العربية,https://arabic-livews.cgtn.com/hls/LSveq57bErWLinBnxosqjisZ220802LSTefTAS9zc9mpU08y3np9TH220802cd/playlist.m3u8
Sky News العربية,https://stream.skynewsarabia.com/hls/sna.m3u8
RT العربية,https://rt-arb.rttv.com/dvr/rtarab/playlist.m3u8
Sahara 24 صحراء,https://65.108.206.29/sahara24-live/video.m3u8
Sky News (UK) Ⓨ,https://www.youtube.com/channel/UCoMdktPbSTixAyNGwb-UYkQ/live
Euronews Ⓨ,https://www.youtube.com/euronews/live
Africanews Ⓨ,https://www.youtube.com/africanews/live
France 24 Ⓨ,https://www.youtube.com/france24english/live
DW,https://dwamdstream102.akamaized.net/hls/live/2015525/dwstream102/index.m3u8
Al Jazeera,https://live-hls-apps-aje-fa.getaj.net/AJE/index.m3u8
CGTN,https://news.cgtn.com/resource/live/english/cgtn-news.m3u8
BBC News Ⓖ,https://vs-hls-push-uk.live.fastly.md.bbci.co.uk/x=4/i=urn:bbc:pips:service:bbc_news_channel_hd/iptv_hd_abr_v1.m3u8
NBC News NOW,https://d1si3n1st4nkgb.cloudfront.net/10502/88896001/hls/master.m3u8?ads.xumo_channelId=88896001
Reuters,https://amg00453-reuters-amg00453c1-rakuten-uk-2110.playouts.now.amagi.tv/playlist/amg00453-reuters-reuters-rakutenuk/playlist.m3u8
The Guardian,https://rakuten-guardian-1-ie.samsung.wurl.tv/playlist.m3u8
CBS News,https://dai.google.com/linear/hls/event/Sid4xiTQTkCT1SLu6rjUSQ/master.m3u8
ABC News Live,https://abcnews-streams.akamaized.net/hls/live/2023560/abcnewshudson1/master.m3u8
LiveNOW from FOX,https://lnc-fox-live-now.tubi.video/index.m3u8
CBC News Network,https://dai2.xumo.com/amagi_hls_data_xumo1212A-redboxcbcnews/CDN/playlist.m3u8
Ticker News,https://cdn-uw2-prod.tsv2.amagi.tv/linear/amg01486-tickernews-tickernewsweb-ono/playlist.m3u8
India Today,https://indiatodaylive.akamaized.net/hls/live/2014320/indiatoday/indiatodaylive/playlist.m3u8
Channel News Asia Ⓨ,https://www.youtube.com/channel/UC83jt4dlz1Gjl58fzQrrKZg/live
ABC News (AU) Ⓨ,https://www.youtube.com/@abcnewsaustralia/live
NDTV 24x7 Ⓨ,https://www.youtube.com/channel/UCZFMm1mMw0F81Z37aaEzTUA/live
TRT World Ⓨ,https://www.youtube.com/channel/UC7fWeaHhqgM4Ry-RMpM2YYw/live
NHK World Japan Ⓨ,https://www.youtube.com/channel/UCSPEjw8F2nQDtmUKPFNF7_A/live
DD India Ⓨ,https://www.youtube.com/channel/UCGDQNvybfDDeGTf4GtigXaw/live
WION Ⓨ,https://www.youtube.com/channel/UC_gUM8rL-Lrg6O3adPW9K1g/live
Taiwan+,https://ythls.armelin.one/channel/UC7c6rvyAZLpKGk8ttVnpnLA.m3u8
Metro Globe Network,https://edge.medcom.id/live-edge/smil:mgnch.smil/playlist.m3u8
i24 News,https://bcovlive-a.akamaihd.net/6e3dd61ac4c34d6f8fb9698b565b9f50/eu-central-1/5377161796001/playlist-all_dvr.m3u8
Scripps News,https://content.uplynk.com/channel/4bb4901b934c4e029fd4c1abfc766c37.m3u8
USA Today,https://cdn-ue1-prod.tsv2.amagi.tv/linear/amg00731-gannettcoinc-usatodaynews-plex/playlist.m3u8
TVC News Ⓨ,https://www.youtube.com/tvcnewsnigeria/live
Channels 24 Ⓨ,https://www.youtube.com/channelstelevision/live
Sky News Now (AU),https://i.mjh.nz/sky-news-now.m3u8
Global News,https://live.corusdigitaldev.com/groupd/live/49a91e7f-1023-430f-8d66-561055f3d0f7/live.isml/.m3u8
Russia Today Ⓖ,https://rt-glb.rttv.com/live/rtnews/playlist.m3u8
CNN,https://raw.githubusercontent.com/Alstruit/adaptive-streams/alstruit-10_23_us/streams/us/CNNUSA.us.m3u8
CNN International,https://turnerlive.warnermediacdn.com/hls/live/586495/cnngo/cnn_slate/VIDEO_0_3564000.m3u8
GB News Ⓨ,https://www.youtube.com/channel/UC0vn8ISa4LKMunLbzaXLnOQ/live
TalkTV,https://488f4ce4.wurl.com/master/f36d25e7e52f1ba8d7e56eb859c636563214f541/TEctZ2JfVGFsa19ITFM/playlist.m3u8
Joy News Ⓨ,https://www.youtube.com/channel/UChd1DEecCRlxaa0-hvPACCw/live
SABC News,https://sabconetanw.cdn.mangomolo.com/news/smil:news.stream.smil/chunklist_b250000_t64MjQwcA==.m3u8
Cheddar News,https://hls.livecdn.io/cheddar.com/cheddar/playlist.m3u8
Bloomberg TV+,https://bloomberg.com/media-manifest/streams/phoenix-us.m3u8
Bloomberg Television (US),https://bloomberg.com/media-manifest/streams/us.m3u8
Bloomberg Television (Europe),https://bloomberg.com/media-manifest/streams/eu.m3u8
Yahoo! Finance,https://d1ewctnvcwvvvu.cloudfront.net/playlist.m3u8
CNBC Europe,https://amg01079-nbcuuk-amg01079c1-samsung-es-1261.playouts.now.amagi.tv/playlist/amg01079-nbcuukfast-cnbcpe-samsunges/playlist.m3u8
CNBC Indonesia,https://live.cnbcindonesia.com/livecnbc/smil:cnbctv.smil/playlist.m3u8
Ausbiz,https://d9quh89lh7dtw.cloudfront.net/public-output/index.m3u8
Moconomy,https://amogonetworx-moconomy-2-us.tcl.wurl.tv/playlist.m3u8
AccuWeather NOW,https://cdn-ue1-prod.tsv2.amagi.tv/linear/amg00684-accuweather-accuweather-plex/playlist.m3u8
Fox Weather,https://247wlive.foxweather.com/stream/index.m3u8
KTCA-DT5,https://api.new.livestream.com/accounts/12638076/events/8488790/live.m3u8
WeatherNation,http://cfd-v4-service-channel-stitcher-use1-1.prd.pluto.tv/stitch/hls/channel/5d2cb7ac552e3773bc48982e/master.m3u8?appName=web&appVersion=unknown&clientTime=0&deviceDNT=0&deviceId=6c2d1028-30d3-11ef-9cf5-e9ddff8ff496&deviceMake=Chrome&deviceModel=web&deviceType=web&deviceVersion=unknown&includeExtendedEvents=false&serverSideAds=false&sid=dcca8395-396e-4be0-9049-564f29c5ac9b
The Weather Network,https://jmp2.uk/plu-63da370e2e477400081cf8b6.m3u8
Sky News Weather Ⓖ,https://distro001-gb-hls1-prd.delivery.skycdp.com/easel_cdn/ngrp:weather_loop.stream_all/playlist.m3u8
Euronews Español Ⓨ,https://www.youtube.com/euronewses/live
France 24 Español,https://live.france24.com/hls/live/2037220-b/F24_ES_HI_HLS/master_5000.m3u8
DW Español Ⓢ,https://dwamdstream104.akamaized.net/hls/live/2015530/dwstream104/stream04/streamPlaylist.m3u8
CGTN Español,https://news.cgtn.com/resource/live/espanol/cgtn-e.m3u8
RT Español Ⓖ,https://rt-esp.rttv.com/dvr/rtesp/playlist.m3u8
RTVE 24H,https://ztnr.rtve.es/ztnr/1694255.m3u8
Sportitalia LIVE24,https://di-g7ij0rwh.vo.lswcdn.net/sportitalia/silive24.smil/playlist.m3u8
Sport2U,https://stream9.xdevel.com/video0s976916-1685/stream/playlist_dvr.m3u8
Grande Fratello Vip Regia 1 Ⓢ Ⓖ,https://live3.msf.cdn.mediaset.net/content/dash_d0_clr_vos/live/channel(b7)/manifest.mpd
Grande Fratello Vip Regia 2 Ⓢ Ⓖ,https://live3.msf.cdn.mediaset.net/content/dash_d0_clr_vos/live/channel(b8)/manifest.mpd
Grande Fratello Vip Regia un'ora fa Ⓢ Ⓖ,https://live3.msf.cdn.mediaset.net/content/dash_d0_clr_vos/live/channel(b9)/manifest.mpd
Stories – Rakuten TV,https://rakuten-spotlight-6-eu.rakuten.wurl.tv/playlist.m3u8
Classico – Rakuten TV,https://rakuten-classico-1-eu.rakuten.wurl.tv/playlist.m3u8
Thriller – Rakuten TV,https://rakuten-thriller-6-eu.rakuten.wurl.tv/playlist.m3u8
Commedia – Rakuten TV,https://b8bc6c4b9be64bd6aeb3b92aa8521ed4.mediatailor.eu-west-1.amazonaws.com/v1/master/0547f18649bd788bec7b67b746e47670f558b6b2/production-LiveChannel-6184/master.m3u8
Documentari – Rakuten TV,https://rakuten-documentaries-6-eu.rakuten.wurl.tv/playlist.m3u8
Family – Rakuten TV,https://3315fc3e7276420f895e19cf807dbee1.mediatailor.eu-west-1.amazonaws.com/v1/master/0547f18649bd788bec7b67b746e47670f558b6b2/production-LiveChannel-6215/master.m3u8
Romance – Rakuten TV,https://3e0f2491d8634a58967529df3f424c0d.mediatailor.eu-west-1.amazonaws.com/v1/master/0547f18649bd788bec7b67b746e47670f558b6b2/production-LiveChannel-6193/master.m3u8
Film Top – Rakuten TV,https://d4a4999341764c67a67e9ec9eb3790ab.mediatailor.eu-west-1.amazonaws.com/v1/master/0547f18649bd788bec7b67b746e47670f558b6b2/production-LiveChannel-5984/master.m3u8
Drammatico – Rakuten TV,https://f84e0b1628464fab846160df957f269e.mediatailor.eu-west-1.amazonaws.com/v1/master/0547f18649bd788bec7b67b746e47670f558b6b2/production-LiveChannel-6094/master.m3u8
Film d'azione – Rakuten TV,https://87f2e2e5e7624e3bad85da1ca2ed31a7.mediatailor.eu-west-1.amazonaws.com/v1/master/0547f18649bd788bec7b67b746e47670f558b6b2/production-LiveChannel-6067/master.m3u8
Euronews in diretta,https://service-stitcher.clusters.pluto.tv/v1/stitch/embed/hls/channel/61b86ea479a4390007c6d5fc/master.m3u8?deviceId=channel&deviceModel=web&deviceVersion=1.0&appVersion=1.0&deviceType=rokuChannel&deviceMake=rokuChannel&deviceDNT=1&advertisingId=channel&embedPartner=rokuChannel&appName=rokuchannel&is_lat=1&bmodel=bm1&content=channel&platform=web&tags=ROKU_CONTENT_TAGS&coppa=false&content_type=livefeed&rdid=channel&genre=ROKU_ADS_CONTENT_GENRE&content_rating=ROKU_ADS_CONTENT_RATING&studio_id=viacom&channel_id=channel
FailArmy,https://failarmy-international-it.samsung.wurl.tv/playlist.m3u8
The Pet Collective,https://the-pet-collective-international-it.samsung.wurl.tv/playlist.m3u8
Canale Europa,https://canaleeuropa-canaleeuropa-1-it.samsung.wurl.tv/playlist.m3u8
People Are Awesome,https://jukin-peopleareawesome-2-it.samsung.wurl.tv/playlist.m3u8
Yamato Animation,https://yamatovideo-yamatoanimation-1-it.samsung.wurl.tv/playlist.m3u8
BBC Doctor Who,https://bbceu-doctorwho-1-it.samsung.wurl.tv/playlist.m3u8
BBC Drama,https://amg00793-amg00793c41-rakuten-it-5445.playouts.now.amagi.tv/playlist.m3u8
Televisa Telenovelas,https://televisa-televisa-1-it.samsung.wurl.tv/playlist.m3u8
Humanity Documentari,https://cdn-ue1-prod.tsv2.amagi.tv/linear/amg00712-alchimie-humanitydocit-samsungit/playlist.m3u8
The Boat Show,https://d46c0ebf9ef94053848fdd7b1f2f6b90.mediatailor.eu-central-1.amazonaws.com/v1/master/81bfcafb76f9c947b24574657a9ce7fe14ad75c0/live-prod/4bdea6cd-80c1-11eb-908d-533d39655269/0/master.m3u8
Fashion TV,https://fashiontv-fashiontv-3-it.samsung.wurl.com/manifest/playlist.m3u8
Motor1TV,https://motorsportnetwork-motor1tv-1-it.samsung.wurl.tv/playlist.m3u8
SportOutdoor.tv,https://gto2000-sportoutdoortv-1-it.samsung.wurl.tv/playlist.m3u8
Italian Fishing TV,https://itftv-italianfishingtv-1-it.samsung.wurl.tv/playlist.m3u8
FUEL TV,https://fueltv-fueltv-6-it.samsung.wurl.com/manifest/playlist.m3u8
Teletubbies,https://dhx-teletubbies-2-it.samsung.wurl.tv/playlist.m3u8
duckTV,https://d6lk10bkdgfae.cloudfront.net/playlist.m3u8
SuperToons TV,https://kedoo-supertoonstv-4-it.samsung.wurl.tv/playlist.m3u8
Planeta Junior,https://deaplaneta-planetakidz-2-it.samsung.wurl.tv/playlist.m3u8
MONDO TV KIDS,https://mondotv-mondotvkids-1-it.samsung.wurl.tv/playlist.m3u8
Vevo Pop,https://amg00056-amg00056c8-rakuten-it-3239.playouts.now.amagi.tv/playlist.m3u8
Radio Italia Trend,https://radioitalia-samsungitaly.amagi.tv/playlist.m3u8
Clubbing TV,https://clubbingtv-samsunguk.amagi.tv/playlist.m3u8
Deluxe Lounge HD,https://d46c0ebf9ef94053848fdd7b1f2f6b90.mediatailor.eu-central-1.amazonaws.com/v1/master/81bfcafb76f9c947b24574657a9ce7fe14ad75c0/live-prod/9f58b8c3-80c1-11eb-908d-533d39655269/0/master.m3u8
Trace Latina Ⓖ,https://cdn-ue1-prod.tsv2.amagi.tv/linear/amg01131-tracetv-tracelatinait-samsungit/playlist.m3u8
Trace Urban Ⓖ,https://cdn-ue1-prod.tsv2.amagi.tv/linear/amg01131-tracetv-traceurbanit-samsungit/playlist.m3u8
Full Moon,https://minerva-fullmoon-1-it.samsung.wurl.tv/playlist.m3u8
Cinema Segreto,https://minerva-cinemasegreto-1-it.samsung.wurl.tv/playlist.m3u8
Bizzarro Movies,https://minerva-bizzarromovies-1-it.samsung.wurl.tv/playlist.m3u8
CGtv,https://cgentertainment-cgtv-1-it.samsung.wurl.tv/playlist.m3u8
WP,https://minerva-wp-1-it.samsung.wurl.tv/playlist.m3u8
Risate all'italiana,https://minerva-risateallitaliana-1-it.samsung.wurl.tv/playlist.m3u8
Shorts Ⓖ,https://cdn-ue1-prod.tsv2.amagi.tv/linear/amg00784-shortsinternati-shortstv-fast-italy-samsungit/playlist.m3u8
Sofy.tv,https://sofytv-samsungit.amagi.tv/playlist.m3u8
VH1+ Girl Power! – Pluto TV,https://service-stitcher.clusters.pluto.tv/v1/stitch/embed/hls/channel/655208ff53fc9700084a834e/master.m3u8?deviceId=channel&deviceModel=web&deviceVersion=1.0&appVersion=1.0&deviceType=rokuChannel&deviceMake=rokuChannel&deviceDNT=1&advertisingId=channel&embedPartner=rokuChannel&appName=rokuchannel&is_lat=1&bmodel=bm1&content=channel&platform=web&tags=ROKU_CONTENT_TAGS&coppa=false&content_type=livefeed&rdid=channel&genre=ROKU_ADS_CONTENT_GENRE&content_rating=ROKU_ADS_CONTENT_RATING&studio_id=viacom&channel_id=channel
Car Chase – Pluto TV,https://service-stitcher.clusters.pluto.tv/v1/stitch/embed/hls/channel/65a939fad77d450008863835/master.m3u8?deviceId=channel&deviceModel=web&deviceVersion=1.0&appVersion=1.0&deviceType=rokuChannel&deviceMake=rokuChannel&deviceDNT=1&advertisingId=channel&embedPartner=rokuChannel&appName=rokuchannel&is_lat=1&bmodel=bm1&content=channel&platform=web&tags=ROKU_CONTENT_TAGS&coppa=false&content_type=livefeed&rdid=channel&genre=ROKU_ADS_CONTENT_GENRE&content_rating=ROKU_ADS_CONTENT_RATING&studio_id=viacom&channel_id=channel
Monster Jam – Pluto TV,https://service-stitcher.clusters.pluto.tv/v1/stitch/embed/hls/channel/65bce7f1d77d450008b3a430/master.m3u8?deviceId=channel&deviceModel=web&deviceVersion=1.0&appVersion=1.0&deviceType=rokuChannel&deviceMake=rokuChannel&deviceDNT=1&advertisingId=channel&embedPartner=rokuChannel&appName=rokuchannel&is_lat=1&bmodel=bm1&content=channel&platform=web&tags=ROKU_CONTENT_TAGS&coppa=false&content_type=livefeed&rdid=channel&genre=ROKU_ADS_CONTENT_GENRE&content_rating=ROKU_ADS_CONTENT_RATING&studio_id=viacom&channel_id=channel
MacGyver – Pluto TV,https://service-stitcher.clusters.pluto.tv/v1/stitch/embed/hls/channel/6245d4511358320007029cdf/master.m3u8?deviceId=channel&deviceModel=web&deviceVersion=1.0&appVersion=1.0&deviceType=rokuChannel&deviceMake=rokuChannel&deviceDNT=1&advertisingId=channel&embedPartner=rokuChannel&appName=rokuchannel&is_lat=1&bmodel=bm1&content=channel&platform=web&tags=ROKU_CONTENT_TAGS&coppa=false&content_type=livefeed&rdid=channel&genre=ROKU_ADS_CONTENT_GENRE&content_rating=ROKU_ADS_CONTENT_RATING&studio_id=viacom&channel_id=channel
Settimo Cielo – Pluto TV,https://service-stitcher.clusters.pluto.tv/v1/stitch/embed/hls/channel/6245d3792792150007e20634/master.m3u8?deviceId=channel&deviceModel=web&deviceVersion=1.0&appVersion=1.0&deviceType=rokuChannel&deviceMake=rokuChannel&deviceDNT=1&advertisingId=channel&embedPartner=rokuChannel&appName=rokuchannel&is_lat=1&bmodel=bm1&content=channel&platform=web&tags=ROKU_CONTENT_TAGS&coppa=false&content_type=livefeed&rdid=channel&genre=ROKU_ADS_CONTENT_GENRE&content_rating=ROKU_ADS_CONTENT_RATING&studio_id=viacom&channel_id=channel
BBC Drama – Pluto TV,https://service-stitcher.clusters.pluto.tv/v1/stitch/embed/hls/channel/62e7fa5ab5062e0007dcf97d/master.m3u8?deviceId=channel&deviceModel=web&deviceVersion=1.0&appVersion=1.0&deviceType=rokuChannel&deviceMake=rokuChannel&deviceDNT=1&advertisingId=channel&embedPartner=rokuChannel&appName=rokuchannel&is_lat=1&bmodel=bm1&content=channel&platform=web&tags=ROKU_CONTENT_TAGS&coppa=false&content_type=livefeed&rdid=channel&genre=ROKU_ADS_CONTENT_GENRE&content_rating=ROKU_ADS_CONTENT_RATING&studio_id=viacom&channel_id=channel
Le sorelle mcleod – Pluto TV,https://service-stitcher.clusters.pluto.tv/v1/stitch/embed/hls/channel/60a2837f8154ab0007c4dcdf/master.m3u8?deviceId=channel&deviceModel=web&deviceVersion=1.0&appVersion=1.0&deviceType=rokuChannel&deviceMake=rokuChannel&deviceDNT=1&advertisingId=channel&embedPartner=rokuChannel&appName=rokuchannel&is_lat=1&bmodel=bm1&content=channel&platform=web&tags=ROKU_CONTENT_TAGS&coppa=false&content_type=livefeed&rdid=channel&genre=ROKU_ADS_CONTENT_GENRE&content_rating=ROKU_ADS_CONTENT_RATING&studio_id=viacom&channel_id=channel
Autostop per il cielo – Pluto TV,https://service-stitcher.clusters.pluto.tv/v1/stitch/embed/hls/channel/638f286445264d00084ec6dc/master.m3u8?deviceId=channel&deviceModel=web&deviceVersion=1.0&appVersion=1.0&deviceType=rokuChannel&deviceMake=rokuChannel&deviceDNT=1&advertisingId=channel&embedPartner=rokuChannel&appName=rokuchannel&is_lat=1&bmodel=bm1&content=channel&platform=web&tags=ROKU_CONTENT_TAGS&coppa=false&content_type=livefeed&rdid=channel&genre=ROKU_ADS_CONTENT_GENRE&content_rating=ROKU_ADS_CONTENT_RATING&studio_id=viacom&channel_id=channel
Renegade – Pluto TV,https://service-stitcher.clusters.pluto.tv/v1/stitch/embed/hls/channel/634926e4b51d2d00077819a2/master.m3u8?deviceId=channel&deviceModel=web&deviceVersion=1.0&appVersion=1.0&deviceType=rokuChannel&deviceMake=rokuChannel&deviceDNT=1&advertisingId=channel&embedPartner=rokuChannel&appName=rokuchannel&is_lat=1&bmodel=bm1&content=channel&platform=web&tags=ROKU_CONTENT_TAGS&coppa=false&content_type=livefeed&rdid=channel&genre=ROKU_ADS_CONTENT_GENRE&content_rating=ROKU_ADS_CONTENT_RATING&studio_id=viacom&channel_id=channel
Serie – Pluto TV,https://service-stitcher.clusters.pluto.tv/v1/stitch/embed/hls/channel/60b9ff2722bfa400072676ef/master.m3u8?deviceId=channel&deviceModel=web&deviceVersion=1.0&appVersion=1.0&deviceType=rokuChannel&deviceMake=rokuChannel&deviceDNT=1&advertisingId=channel&embedPartner=rokuChannel&appName=rokuchannel&is_lat=1&bmodel=bm1&content=channel&platform=web&tags=ROKU_CONTENT_TAGS&coppa=false&content_type=livefeed&rdid=channel&genre=ROKU_ADS_CONTENT_GENRE&content_rating=ROKU_ADS_CONTENT_RATING&studio_id=viacom&channel_id=channel
Film – Pluto TV,https://service-stitcher.clusters.pluto.tv/v1/stitch/embed/hls/channel/608aa17fb9f4490007e6419a/master.m3u8?deviceId=channel&deviceModel=web&deviceVersion=1.0&appVersion=1.0&deviceType=rokuChannel&deviceMake=rokuChannel&deviceDNT=1&advertisingId=channel&embedPartner=rokuChannel&appName=rokuchannel&is_lat=1&bmodel=bm1&content=channel&platform=web&tags=ROKU_CONTENT_TAGS&coppa=false&content_type=livefeed&rdid=channel&genre=ROKU_ADS_CONTENT_GENRE&content_rating=ROKU_ADS_CONTENT_RATING&studio_id=viacom&channel_id=channel
Film Azione – Pluto TV,https://service-stitcher.clusters.pluto.tv/v1/stitch/embed/hls/channel/608aa20a2e7f270007c4878d/master.m3u8?deviceId=channel&deviceModel=web&deviceVersion=1.0&appVersion=1.0&deviceType=rokuChannel&deviceMake=rokuChannel&deviceDNT=1&advertisingId=channel&embedPartner=rokuChannel&appName=rokuchannel&is_lat=1&bmodel=bm1&content=channel&platform=web&tags=ROKU_CONTENT_TAGS&coppa=false&content_type=livefeed&rdid=channel&genre=ROKU_ADS_CONTENT_GENRE&content_rating=ROKU_ADS_CONTENT_RATING&studio_id=viacom&channel_id=channel
Film Thriller – Pluto TV,https://service-stitcher.clusters.pluto.tv/v1/stitch/embed/hls/channel/608aa5e995132a00075f7005/master.m3u8?deviceId=channel&deviceModel=web&deviceVersion=1.0&appVersion=1.0&deviceType=rokuChannel&deviceMake=rokuChannel&deviceDNT=1&advertisingId=channel&embedPartner=rokuChannel&appName=rokuchannel&is_lat=1&bmodel=bm1&content=channel&platform=web&tags=ROKU_CONTENT_TAGS&coppa=false&content_type=livefeed&rdid=channel&genre=ROKU_ADS_CONTENT_GENRE&content_rating=ROKU_ADS_CONTENT_RATING&studio_id=viacom&channel_id=channel
Horror – Pluto TV,https://service-stitcher.clusters.pluto.tv/v1/stitch/embed/hls/channel/61c09e3ac210ed0007606620/master.m3u8?deviceId=channel&deviceModel=web&deviceVersion=1.0&appVersion=1.0&deviceType=rokuChannel&deviceMake=rokuChannel&deviceDNT=1&advertisingId=channel&embedPartner=rokuChannel&appName=rokuchannel&is_lat=1&bmodel=bm1&content=channel&platform=web&tags=ROKU_CONTENT_TAGS&coppa=false&content_type=livefeed&rdid=channel&genre=ROKU_ADS_CONTENT_GENRE&content_rating=ROKU_ADS_CONTENT_RATING&studio_id=viacom&channel_id=channel
Western – Pluto TV,https://service-stitcher.clusters.pluto.tv/v1/stitch/embed/hls/channel/62e7fb67478a5b0007e6c50c/master.m3u8?deviceId=channel&deviceModel=web&deviceVersion=1.0&appVersion=1.0&deviceType=rokuChannel&deviceMake=rokuChannel&deviceDNT=1&advertisingId=channel&embedPartner=rokuChannel&appName=rokuchannel&is_lat=1&bmodel=bm1&content=channel&platform=web&tags=ROKU_CONTENT_TAGS&coppa=false&content_type=livefeed&rdid=channel&genre=ROKU_ADS_CONTENT_GENRE&content_rating=ROKU_ADS_CONTENT_RATING&studio_id=viacom&channel_id=channel
Film Classici – Pluto TV,https://service-stitcher.clusters.pluto.tv/v1/stitch/embed/hls/channel/608aa3c446d73500075f0e24/master.m3u8?deviceId=channel&deviceModel=web&deviceVersion=1.0&appVersion=1.0&deviceType=rokuChannel&deviceMake=rokuChannel&deviceDNT=1&advertisingId=channel&embedPartner=rokuChannel&appName=rokuchannel&is_lat=1&bmodel=bm1&content=channel&platform=web&tags=ROKU_CONTENT_TAGS&coppa=false&content_type=livefeed&rdid=channel&genre=ROKU_ADS_CONTENT_GENRE&content_rating=ROKU_ADS_CONTENT_RATING&studio_id=viacom&channel_id=channel
Cinema Italiano – Pluto TV,https://service-stitcher.clusters.pluto.tv/v1/stitch/embed/hls/channel/608aa7d8359b270007861489/master.m3u8?deviceId=channel&deviceModel=web&deviceVersion=1.0&appVersion=1.0&deviceType=rokuChannel&deviceMake=rokuChannel&deviceDNT=1&advertisingId=channel&embedPartner=rokuChannel&appName=rokuchannel&is_lat=1&bmodel=bm1&content=channel&platform=web&tags=ROKU_CONTENT_TAGS&coppa=false&content_type=livefeed&rdid=channel&genre=ROKU_ADS_CONTENT_GENRE&content_rating=ROKU_ADS_CONTENT_RATING&studio_id=viacom&channel_id=channel
Totò – Pluto TV,https://service-stitcher.clusters.pluto.tv/v1/stitch/embed/hls/channel/65253f9881f942000833ccd5/master.m3u8?deviceId=channel&deviceModel=web&deviceVersion=1.0&appVersion=1.0&deviceType=rokuChannel&deviceMake=rokuChannel&deviceDNT=1&advertisingId=channel&embedPartner=rokuChannel&appName=rokuchannel&is_lat=1&bmodel=bm1&content=channel&platform=web&tags=ROKU_CONTENT_TAGS&coppa=false&content_type=livefeed&rdid=channel&genre=ROKU_ADS_CONTENT_GENRE&content_rating=ROKU_ADS_CONTENT_RATING&studio_id=viacom&channel_id=channel
Film Romantici – Pluto TV,https://service-stitcher.clusters.pluto.tv/v1/stitch/embed/hls/channel/608aa4a4cc92820007b663af/master.m3u8?deviceId=channel&deviceModel=web&deviceVersion=1.0&appVersion=1.0&deviceType=rokuChannel&deviceMake=rokuChannel&deviceDNT=1&advertisingId=channel&embedPartner=rokuChannel&appName=rokuchannel&is_lat=1&bmodel=bm1&content=channel&platform=web&tags=ROKU_CONTENT_TAGS&coppa=false&content_type=livefeed&rdid=channel&genre=ROKU_ADS_CONTENT_GENRE&content_rating=ROKU_ADS_CONTENT_RATING&studio_id=viacom&channel_id=channel
Christmas – Pluto TV,https://service-stitcher.clusters.pluto.tv/v1/stitch/embed/hls/channel/612e05b885183d0007958101/master.m3u8?deviceId=channel&deviceModel=web&deviceVersion=1.0&appVersion=1.0&deviceType=rokuChannel&deviceMake=rokuChannel&deviceDNT=1&advertisingId=channel&embedPartner=rokuChannel&appName=rokuchannel&is_lat=1&bmodel=bm1&content=channel&platform=web&tags=ROKU_CONTENT_TAGS&coppa=false&content_type=livefeed&rdid=channel&genre=ROKU_ADS_CONTENT_GENRE&content_rating=ROKU_ADS_CONTENT_RATING&studio_id=viacom&channel_id=channel
Film Drama – Pluto TV,https://service-stitcher.clusters.pluto.tv/v1/stitch/embed/hls/channel/608aa42b5c2b8f0007197529/master.m3u8?deviceId=channel&deviceModel=web&deviceVersion=1.0&appVersion=1.0&deviceType=rokuChannel&deviceMake=rokuChannel&deviceDNT=1&advertisingId=channel&embedPartner=rokuChannel&appName=rokuchannel&is_lat=1&bmodel=bm1&content=channel&platform=web&tags=ROKU_CONTENT_TAGS&coppa=false&content_type=livefeed&rdid=channel&genre=ROKU_ADS_CONTENT_GENRE&content_rating=ROKU_ADS_CONTENT_RATING&studio_id=viacom&channel_id=channel
Film Commedia – Pluto TV,https://service-stitcher.clusters.pluto.tv/v1/stitch/embed/hls/channel/608aa512d67fd900072323db/master.m3u8?deviceId=channel&deviceModel=web&deviceVersion=1.0&appVersion=1.0&deviceType=rokuChannel&deviceMake=rokuChannel&deviceDNT=1&advertisingId=channel&embedPartner=rokuChannel&appName=rokuchannel&is_lat=1&bmodel=bm1&content=channel&platform=web&tags=ROKU_CONTENT_TAGS&coppa=false&content_type=livefeed&rdid=channel&genre=ROKU_ADS_CONTENT_GENRE&content_rating=ROKU_ADS_CONTENT_RATING&studio_id=viacom&channel_id=channel
East is East – Pluto TV,https://service-stitcher.clusters.pluto.tv/v1/stitch/embed/hls/channel/654c955683595c00081d9d87/master.m3u8?deviceId=channel&deviceModel=web&deviceVersion=1.0&appVersion=1.0&deviceType=rokuChannel&deviceMake=rokuChannel&deviceDNT=1&advertisingId=channel&embedPartner=rokuChannel&appName=rokuchannel&is_lat=1&bmodel=bm1&content=channel&platform=web&tags=ROKU_CONTENT_TAGS&coppa=false&content_type=livefeed&rdid=channel&genre=ROKU_ADS_CONTENT_GENRE&content_rating=ROKU_ADS_CONTENT_RATING&studio_id=viacom&channel_id=channel
The Asylum – Pluto TV,https://service-stitcher.clusters.pluto.tv/v1/stitch/embed/hls/channel/62e8d5369e48940007fc1dc1/master.m3u8?deviceId=channel&deviceModel=web&deviceVersion=1.0&appVersion=1.0&deviceType=rokuChannel&deviceMake=rokuChannel&deviceDNT=1&advertisingId=channel&embedPartner=rokuChannel&appName=rokuchannel&is_lat=1&bmodel=bm1&content=channel&platform=web&tags=ROKU_CONTENT_TAGS&coppa=false&content_type=livefeed&rdid=channel&genre=ROKU_ADS_CONTENT_GENRE&content_rating=ROKU_ADS_CONTENT_RATING&studio_id=viacom&channel_id=channel
Star Trek: The Original Series – Pluto TV,https://service-stitcher.clusters.pluto.tv/v1/stitch/embed/hls/channel/6581a09edfed030008e12b39/master.m3u8?deviceId=channel&deviceModel=web&deviceVersion=1.0&appVersion=1.0&deviceType=rokuChannel&deviceMake=rokuChannel&deviceDNT=1&advertisingId=channel&embedPartner=rokuChannel&appName=rokuchannel&is_lat=1&bmodel=bm1&content=channel&platform=web&tags=ROKU_CONTENT_TAGS&coppa=false&content_type=livefeed&rdid=channel&genre=ROKU_ADS_CONTENT_GENRE&content_rating=ROKU_ADS_CONTENT_RATING&studio_id=viacom&channel_id=channel
Doctor Who – Pluto TV,https://service-stitcher.clusters.pluto.tv/v1/stitch/embed/hls/channel/62e7f8db27ce19000732d1aa/master.m3u8?deviceId=channel&deviceModel=web&deviceVersion=1.0&appVersion=1.0&deviceType=rokuChannel&deviceMake=rokuChannel&deviceDNT=1&advertisingId=channel&embedPartner=rokuChannel&appName=rokuchannel&is_lat=1&bmodel=bm1&content=channel&platform=web&tags=ROKU_CONTENT_TAGS&coppa=false&content_type=livefeed&rdid=channel&genre=ROKU_ADS_CONTENT_GENRE&content_rating=ROKU_ADS_CONTENT_RATING&studio_id=viacom&channel_id=channel
Sci-Fi – Pluto TV,https://service-stitcher.clusters.pluto.tv/v1/stitch/embed/hls/channel/61728bb9ee3773000840c1fa/master.m3u8?deviceId=channel&deviceModel=web&deviceVersion=1.0&appVersion=1.0&deviceType=rokuChannel&deviceMake=rokuChannel&deviceDNT=1&advertisingId=channel&embedPartner=rokuChannel&appName=rokuchannel&is_lat=1&bmodel=bm1&content=channel&platform=web&tags=ROKU_CONTENT_TAGS&coppa=false&content_type=livefeed&rdid=channel&genre=ROKU_ADS_CONTENT_GENRE&content_rating=ROKU_ADS_CONTENT_RATING&studio_id=viacom&channel_id=channel
Mutant X – Pluto TV,https://service-stitcher.clusters.pluto.tv/v1/stitch/embed/hls/channel/60802c209a26320007c92ad5/master.m3u8?deviceId=channel&deviceModel=web&deviceVersion=1.0&appVersion=1.0&deviceType=rokuChannel&deviceMake=rokuChannel&deviceDNT=1&advertisingId=channel&embedPartner=rokuChannel&appName=rokuchannel&is_lat=1&bmodel=bm1&content=channel&platform=web&tags=ROKU_CONTENT_TAGS&coppa=false&content_type=livefeed&rdid=channel&genre=ROKU_ADS_CONTENT_GENRE&content_rating=ROKU_ADS_CONTENT_RATING&studio_id=viacom&channel_id=channel
Andromeda – Pluto TV,https://service-stitcher.clusters.pluto.tv/v1/stitch/embed/hls/channel/60802d37ee238e0007c94e64/master.m3u8?deviceId=channel&deviceModel=web&deviceVersion=1.0&appVersion=1.0&deviceType=rokuChannel&deviceMake=rokuChannel&deviceDNT=1&advertisingId=channel&embedPartner=rokuChannel&appName=rokuchannel&is_lat=1&bmodel=bm1&content=channel&platform=web&tags=ROKU_CONTENT_TAGS&coppa=false&content_type=livefeed&rdid=channel&genre=ROKU_ADS_CONTENT_GENRE&content_rating=ROKU_ADS_CONTENT_RATING&studio_id=viacom&channel_id=channel
Sanctuary – Pluto TV,https://service-stitcher.clusters.pluto.tv/v1/stitch/embed/hls/channel/63eb57d6c111bc0008fe2658/master.m3u8?deviceId=channel&deviceModel=web&deviceVersion=1.0&appVersion=1.0&deviceType=rokuChannel&deviceMake=rokuChannel&deviceDNT=1&advertisingId=channel&embedPartner=rokuChannel&appName=rokuchannel&is_lat=1&bmodel=bm1&content=channel&platform=web&tags=ROKU_CONTENT_TAGS&coppa=false&content_type=livefeed&rdid=channel&genre=ROKU_ADS_CONTENT_GENRE&content_rating=ROKU_ADS_CONTENT_RATING&studio_id=viacom&channel_id=channel
Forensic Files – Pluto TV,https://service-stitcher.clusters.pluto.tv/v1/stitch/embed/hls/channel/64ec5cf50f73a800081310a5/master.m3u8?deviceId=channel&deviceModel=web&deviceVersion=1.0&appVersion=1.0&deviceType=rokuChannel&deviceMake=rokuChannel&deviceDNT=1&advertisingId=channel&embedPartner=rokuChannel&appName=rokuchannel&is_lat=1&bmodel=bm1&content=channel&platform=web&tags=ROKU_CONTENT_TAGS&coppa=false&content_type=livefeed&rdid=channel&genre=ROKU_ADS_CONTENT_GENRE&content_rating=ROKU_ADS_CONTENT_RATING&studio_id=viacom&channel_id=channel
Squadra Speciale Cobra 11 – Pluto TV,https://service-stitcher.clusters.pluto.tv/v1/stitch/embed/hls/channel/625e6cc905e09f00073addee/master.m3u8?deviceId=channel&deviceModel=web&deviceVersion=1.0&appVersion=1.0&deviceType=rokuChannel&deviceMake=rokuChannel&deviceDNT=1&advertisingId=channel&embedPartner=rokuChannel&appName=rokuchannel&is_lat=1&bmodel=bm1&content=channel&platform=web&tags=ROKU_CONTENT_TAGS&coppa=false&content_type=livefeed&rdid=channel&genre=ROKU_ADS_CONTENT_GENRE&content_rating=ROKU_ADS_CONTENT_RATING&studio_id=viacom&channel_id=channel
Crime – Pluto TV,https://service-stitcher.clusters.pluto.tv/v1/stitch/embed/hls/channel/608aa777b907770007e5d05d/master.m3u8?deviceId=channel&deviceModel=web&deviceVersion=1.0&appVersion=1.0&deviceType=rokuChannel&deviceMake=rokuChannel&deviceDNT=1&advertisingId=channel&embedPartner=rokuChannel&appName=rokuchannel&is_lat=1&bmodel=bm1&content=channel&platform=web&tags=ROKU_CONTENT_TAGS&coppa=false&content_type=livefeed&rdid=channel&genre=ROKU_ADS_CONTENT_GENRE&content_rating=ROKU_ADS_CONTENT_RATING&studio_id=viacom&channel_id=channel
Mai dire sì – Pluto TV,https://service-stitcher.clusters.pluto.tv/v1/stitch/embed/hls/channel/6349279ed5023700078f2bc2/master.m3u8?deviceId=channel&deviceModel=web&deviceVersion=1.0&appVersion=1.0&deviceType=rokuChannel&deviceMake=rokuChannel&deviceDNT=1&advertisingId=channel&embedPartner=rokuChannel&appName=rokuchannel&is_lat=1&bmodel=bm1&content=channel&platform=web&tags=ROKU_CONTENT_TAGS&coppa=false&content_type=livefeed&rdid=channel&genre=ROKU_ADS_CONTENT_GENRE&content_rating=ROKU_ADS_CONTENT_RATING&studio_id=viacom&channel_id=channel
Consulenze illegali – Pluto TV,https://service-stitcher.clusters.pluto.tv/v1/stitch/embed/hls/channel/60b9dc99521a1400079bdfba/master.m3u8?deviceId=channel&deviceModel=web&deviceVersion=1.0&appVersion=1.0&deviceType=rokuChannel&deviceMake=rokuChannel&deviceDNT=1&advertisingId=channel&embedPartner=rokuChannel&appName=rokuchannel&is_lat=1&bmodel=bm1&content=channel&platform=web&tags=ROKU_CONTENT_TAGS&coppa=false&content_type=livefeed&rdid=channel&genre=ROKU_ADS_CONTENT_GENRE&content_rating=ROKU_ADS_CONTENT_RATING&studio_id=viacom&channel_id=channel
Il banco dei pugni – Pluto TV,https://service-stitcher.clusters.pluto.tv/v1/stitch/embed/hls/channel/60e4507a06171800072339a3/master.m3u8?deviceId=channel&deviceModel=web&deviceVersion=1.0&appVersion=1.0&deviceType=rokuChannel&deviceMake=rokuChannel&deviceDNT=1&advertisingId=channel&embedPartner=rokuChannel&appName=rokuchannel&is_lat=1&bmodel=bm1&content=channel&platform=web&tags=ROKU_CONTENT_TAGS&coppa=false&content_type=livefeed&rdid=channel&genre=ROKU_ADS_CONTENT_GENRE&content_rating=ROKU_ADS_CONTENT_RATING&studio_id=viacom&channel_id=channel
Affare Fatto – Pluto TV,https://service-stitcher.clusters.pluto.tv/v1/stitch/embed/hls/channel/64ec5c6644fe100009d114ae/master.m3u8?deviceId=channel&deviceModel=web&deviceVersion=1.0&appVersion=1.0&deviceType=rokuChannel&deviceMake=rokuChannel&deviceDNT=1&advertisingId=channel&embedPartner=rokuChannel&appName=rokuchannel&is_lat=1&bmodel=bm1&content=channel&platform=web&tags=ROKU_CONTENT_TAGS&coppa=false&content_type=livefeed&rdid=channel&genre=ROKU_ADS_CONTENT_GENRE&content_rating=ROKU_ADS_CONTENT_RATING&studio_id=viacom&channel_id=channel
Catfish – Pluto TV,https://service-stitcher.clusters.pluto.tv/v1/stitch/embed/hls/channel/6093f9ed2c75660007322bb7/master.m3u8?deviceId=channel&deviceModel=web&deviceVersion=1.0&appVersion=1.0&deviceType=rokuChannel&deviceMake=rokuChannel&deviceDNT=1&advertisingId=channel&embedPartner=rokuChannel&appName=rokuchannel&is_lat=1&bmodel=bm1&content=channel&platform=web&tags=ROKU_CONTENT_TAGS&coppa=false&content_type=livefeed&rdid=channel&genre=ROKU_ADS_CONTENT_GENRE&content_rating=ROKU_ADS_CONTENT_RATING&studio_id=viacom&channel_id=channel
Il Testimone – Pluto TV,https://service-stitcher.clusters.pluto.tv/v1/stitch/embed/hls/channel/61fbd3f0733df400076c9a2d/master.m3u8?deviceId=channel&deviceModel=web&deviceVersion=1.0&appVersion=1.0&deviceType=rokuChannel&deviceMake=rokuChannel&deviceDNT=1&advertisingId=channel&embedPartner=rokuChannel&appName=rokuchannel&is_lat=1&bmodel=bm1&content=channel&platform=web&tags=ROKU_CONTENT_TAGS&coppa=false&content_type=livefeed&rdid=channel&genre=ROKU_ADS_CONTENT_GENRE&content_rating=ROKU_ADS_CONTENT_RATING&studio_id=viacom&channel_id=channel
Case Pazzesche – Pluto TV,https://service-stitcher.clusters.pluto.tv/v1/stitch/embed/hls/channel/626bb07a58b8dd0007e9f36e/master.m3u8?deviceId=channel&deviceModel=web&deviceVersion=1.0&appVersion=1.0&deviceType=rokuChannel&deviceMake=rokuChannel&deviceDNT=1&advertisingId=channel&embedPartner=rokuChannel&appName=rokuchannel&is_lat=1&bmodel=bm1&content=channel&platform=web&tags=ROKU_CONTENT_TAGS&coppa=false&content_type=livefeed&rdid=channel&genre=ROKU_ADS_CONTENT_GENRE&content_rating=ROKU_ADS_CONTENT_RATING&studio_id=viacom&channel_id=channel
Geordie Shore – Pluto TV,https://service-stitcher.clusters.pluto.tv/v1/stitch/embed/hls/channel/619263ee9541940007d20d60/master.m3u8?deviceId=channel&deviceModel=web&deviceVersion=1.0&appVersion=1.0&deviceType=rokuChannel&deviceMake=rokuChannel&deviceDNT=1&advertisingId=channel&embedPartner=rokuChannel&appName=rokuchannel&is_lat=1&bmodel=bm1&content=channel&platform=web&tags=ROKU_CONTENT_TAGS&coppa=false&content_type=livefeed&rdid=channel&genre=ROKU_ADS_CONTENT_GENRE&content_rating=ROKU_ADS_CONTENT_RATING&studio_id=viacom&channel_id=channel
Ex on the beach – Pluto TV,https://service-stitcher.clusters.pluto.tv/v1/stitch/embed/hls/channel/60940ebad67fd900072382db/master.m3u8?deviceId=channel&deviceModel=web&deviceVersion=1.0&appVersion=1.0&deviceType=rokuChannel&deviceMake=rokuChannel&deviceDNT=1&advertisingId=channel&embedPartner=rokuChannel&appName=rokuchannel&is_lat=1&bmodel=bm1&content=channel&platform=web&tags=ROKU_CONTENT_TAGS&coppa=false&content_type=livefeed&rdid=channel&genre=ROKU_ADS_CONTENT_GENRE&content_rating=ROKU_ADS_CONTENT_RATING&studio_id=viacom&channel_id=channel
#Riccanza – Pluto TV,https://service-stitcher.clusters.pluto.tv/v1/stitch/embed/hls/channel/626baa721c279b00072cbedd/master.m3u8?deviceId=channel&deviceModel=web&deviceVersion=1.0&appVersion=1.0&deviceType=rokuChannel&deviceMake=rokuChannel&deviceDNT=1&advertisingId=channel&embedPartner=rokuChannel&appName=rokuchannel&is_lat=1&bmodel=bm1&content=channel&platform=web&tags=ROKU_CONTENT_TAGS&coppa=false&content_type=livefeed&rdid=channel&genre=ROKU_ADS_CONTENT_GENRE&content_rating=ROKU_ADS_CONTENT_RATING&studio_id=viacom&channel_id=channel
The Hills – Pluto TV,https://service-stitcher.clusters.pluto.tv/v1/stitch/embed/hls/channel/6466007181844c000967f80a/master.m3u8?deviceId=channel&deviceModel=web&deviceVersion=1.0&appVersion=1.0&deviceType=rokuChannel&deviceMake=rokuChannel&deviceDNT=1&advertisingId=channel&embedPartner=rokuChannel&appName=rokuchannel&is_lat=1&bmodel=bm1&content=channel&platform=web&tags=ROKU_CONTENT_TAGS&coppa=false&content_type=livefeed&rdid=channel&genre=ROKU_ADS_CONTENT_GENRE&content_rating=ROKU_ADS_CONTENT_RATING&studio_id=viacom&channel_id=channel
Reality – Pluto TV,https://service-stitcher.clusters.pluto.tv/v1/stitch/embed/hls/channel/61925f874b1ec000075e700a/master.m3u8?deviceId=channel&deviceModel=web&deviceVersion=1.0&appVersion=1.0&deviceType=rokuChannel&deviceMake=rokuChannel&deviceDNT=1&advertisingId=channel&embedPartner=rokuChannel&appName=rokuchannel&is_lat=1&bmodel=bm1&content=channel&platform=web&tags=ROKU_CONTENT_TAGS&coppa=false&content_type=livefeed&rdid=channel&genre=ROKU_ADS_CONTENT_GENRE&content_rating=ROKU_ADS_CONTENT_RATING&studio_id=viacom&channel_id=channel
Made – Pluto TV,https://service-stitcher.clusters.pluto.tv/v1/stitch/embed/hls/channel/6304ee20112ca70007d8accc/master.m3u8?deviceId=channel&deviceModel=web&deviceVersion=1.0&appVersion=1.0&deviceType=rokuChannel&deviceMake=rokuChannel&deviceDNT=1&advertisingId=channel&embedPartner=rokuChannel&appName=rokuchannel&is_lat=1&bmodel=bm1&content=channel&platform=web&tags=ROKU_CONTENT_TAGS&coppa=false&content_type=livefeed&rdid=channel&genre=ROKU_ADS_CONTENT_GENRE&content_rating=ROKU_ADS_CONTENT_RATING&studio_id=viacom&channel_id=channel
16 anni e incinta – Pluto TV,https://service-stitcher.clusters.pluto.tv/v1/stitch/embed/hls/channel/60940a07d88ba90007b9cb71/master.m3u8?deviceId=channel&deviceModel=web&deviceVersion=1.0&appVersion=1.0&deviceType=rokuChannel&deviceMake=rokuChannel&deviceDNT=1&advertisingId=channel&embedPartner=rokuChannel&appName=rokuchannel&is_lat=1&bmodel=bm1&content=channel&platform=web&tags=ROKU_CONTENT_TAGS&coppa=false&content_type=livefeed&rdid=channel&genre=ROKU_ADS_CONTENT_GENRE&content_rating=ROKU_ADS_CONTENT_RATING&studio_id=viacom&channel_id=channel
Teen Mom – Pluto TV,https://service-stitcher.clusters.pluto.tv/v1/stitch/embed/hls/channel/62e7fc8c0d061100083946a9/master.m3u8?deviceId=channel&deviceModel=web&deviceVersion=1.0&appVersion=1.0&deviceType=rokuChannel&deviceMake=rokuChannel&deviceDNT=1&advertisingId=channel&embedPartner=rokuChannel&appName=rokuchannel&is_lat=1&bmodel=bm1&content=channel&platform=web&tags=ROKU_CONTENT_TAGS&coppa=false&content_type=livefeed&rdid=channel&genre=ROKU_ADS_CONTENT_GENRE&content_rating=ROKU_ADS_CONTENT_RATING&studio_id=viacom&channel_id=channel
Jersey Shore – Pluto TV,https://service-stitcher.clusters.pluto.tv/v1/stitch/embed/hls/channel/63eb5767da71180008ace8fc/master.m3u8?deviceId=channel&deviceModel=web&deviceVersion=1.0&appVersion=1.0&deviceType=rokuChannel&deviceMake=rokuChannel&deviceDNT=1&advertisingId=channel&embedPartner=rokuChannel&appName=rokuchannel&is_lat=1&bmodel=bm1&content=channel&platform=web&tags=ROKU_CONTENT_TAGS&coppa=false&content_type=livefeed&rdid=channel&genre=ROKU_ADS_CONTENT_GENRE&content_rating=ROKU_ADS_CONTENT_RATING&studio_id=viacom&channel_id=channel
Top Gear – Pluto TV,https://service-stitcher.clusters.pluto.tv/v1/stitch/embed/hls/channel/64c109a4798def0008a6e03e/master.m3u8?deviceId=channel&deviceModel=web&deviceVersion=1.0&appVersion=1.0&deviceType=rokuChannel&deviceMake=rokuChannel&deviceDNT=1&advertisingId=channel&embedPartner=rokuChannel&appName=rokuchannel&is_lat=1&bmodel=bm1&content=channel&platform=web&tags=ROKU_CONTENT_TAGS&coppa=false&content_type=livefeed&rdid=channel&genre=ROKU_ADS_CONTENT_GENRE&content_rating=ROKU_ADS_CONTENT_RATING&studio_id=viacom&channel_id=channel
Pimp My Ride – Pluto TV,https://service-stitcher.clusters.pluto.tv/v1/stitch/embed/hls/channel/636a4eaf77279a0007f14861/master.m3u8?deviceId=channel&deviceModel=web&deviceVersion=1.0&appVersion=1.0&deviceType=rokuChannel&deviceMake=rokuChannel&deviceDNT=1&advertisingId=channel&embedPartner=rokuChannel&appName=rokuchannel&is_lat=1&bmodel=bm1&content=channel&platform=web&tags=ROKU_CONTENT_TAGS&coppa=false&content_type=livefeed&rdid=channel&genre=ROKU_ADS_CONTENT_GENRE&content_rating=ROKU_ADS_CONTENT_RATING&studio_id=viacom&channel_id=channel
World poker tour – Pluto TV,https://service-stitcher.clusters.pluto.tv/v1/stitch/embed/hls/channel/608016e446d73500075ea7e0/master.m3u8?deviceId=channel&deviceModel=web&deviceVersion=1.0&appVersion=1.0&deviceType=rokuChannel&deviceMake=rokuChannel&deviceDNT=1&advertisingId=channel&embedPartner=rokuChannel&appName=rokuchannel&is_lat=1&bmodel=bm1&content=channel&platform=web&tags=ROKU_CONTENT_TAGS&coppa=false&content_type=livefeed&rdid=channel&genre=ROKU_ADS_CONTENT_GENRE&content_rating=ROKU_ADS_CONTENT_RATING&studio_id=viacom&channel_id=channel
PFL MMA – Pluto TV,https://service-stitcher.clusters.pluto.tv/v1/stitch/embed/hls/channel/654a299cab05240008a12639/master.m3u8?deviceId=channel&deviceModel=web&deviceVersion=1.0&appVersion=1.0&deviceType=rokuChannel&deviceMake=rokuChannel&deviceDNT=1&advertisingId=channel&embedPartner=rokuChannel&appName=rokuchannel&is_lat=1&bmodel=bm1&content=channel&platform=web&tags=ROKU_CONTENT_TAGS&coppa=false&content_type=livefeed&rdid=channel&genre=ROKU_ADS_CONTENT_GENRE&content_rating=ROKU_ADS_CONTENT_RATING&studio_id=viacom&channel_id=channel
Robot Wars by MECH+ – Pluto TV,https://service-stitcher.clusters.pluto.tv/v1/stitch/embed/hls/channel/651581ba6a84140008593586/master.m3u8?deviceId=channel&deviceModel=web&deviceVersion=1.0&appVersion=1.0&deviceType=rokuChannel&deviceMake=rokuChannel&deviceDNT=1&advertisingId=channel&embedPartner=rokuChannel&appName=rokuchannel&is_lat=1&bmodel=bm1&content=channel&platform=web&tags=ROKU_CONTENT_TAGS&coppa=false&content_type=livefeed&rdid=channel&genre=ROKU_ADS_CONTENT_GENRE&content_rating=ROKU_ADS_CONTENT_RATING&studio_id=viacom&channel_id=channel
Ultimate Classic Wrestling – Pluto TV,https://service-stitcher.clusters.pluto.tv/v1/stitch/embed/hls/channel/652516fb7971630008a58e74/master.m3u8?deviceId=channel&deviceModel=web&deviceVersion=1.0&appVersion=1.0&deviceType=rokuChannel&deviceMake=rokuChannel&deviceDNT=1&advertisingId=channel&embedPartner=rokuChannel&appName=rokuchannel&is_lat=1&bmodel=bm1&content=channel&platform=web&tags=ROKU_CONTENT_TAGS&coppa=false&content_type=livefeed&rdid=channel&genre=ROKU_ADS_CONTENT_GENRE&content_rating=ROKU_ADS_CONTENT_RATING&studio_id=viacom&channel_id=channel
The Boat Show – Pluto TV,https://service-stitcher.clusters.pluto.tv/v1/stitch/embed/hls/channel/63eb58aa60bc8f0008caa8f8/master.m3u8?deviceId=channel&deviceModel=web&deviceVersion=1.0&appVersion=1.0&deviceType=rokuChannel&deviceMake=rokuChannel&deviceDNT=1&advertisingId=channel&embedPartner=rokuChannel&appName=rokuchannel&is_lat=1&bmodel=bm1&content=channel&platform=web&tags=ROKU_CONTENT_TAGS&coppa=false&content_type=livefeed&rdid=channel&genre=ROKU_ADS_CONTENT_GENRE&content_rating=ROKU_ADS_CONTENT_RATING&studio_id=viacom&channel_id=channel
Unbeaten Sports – Pluto TV,https://service-stitcher.clusters.pluto.tv/v1/stitch/embed/hls/channel/64c3b106dac71b00080a26d2/master.m3u8?deviceId=channel&deviceModel=web&deviceVersion=1.0&appVersion=1.0&deviceType=rokuChannel&deviceMake=rokuChannel&deviceDNT=1&advertisingId=channel&embedPartner=rokuChannel&appName=rokuchannel&is_lat=1&bmodel=bm1&content=channel&platform=web&tags=ROKU_CONTENT_TAGS&coppa=false&content_type=livefeed&rdid=channel&genre=ROKU_ADS_CONTENT_GENRE&content_rating=ROKU_ADS_CONTENT_RATING&studio_id=viacom&channel_id=channel
Sport – Pluto TV,https://service-stitcher.clusters.pluto.tv/v1/stitch/embed/hls/channel/608030eff4b6f70007e1684c/master.m3u8?deviceId=channel&deviceModel=web&deviceVersion=1.0&appVersion=1.0&deviceType=rokuChannel&deviceMake=rokuChannel&deviceDNT=1&advertisingId=channel&embedPartner=rokuChannel&appName=rokuchannel&is_lat=1&bmodel=bm1&content=channel&platform=web&tags=ROKU_CONTENT_TAGS&coppa=false&content_type=livefeed&rdid=channel&genre=ROKU_ADS_CONTENT_GENRE&content_rating=ROKU_ADS_CONTENT_RATING&studio_id=viacom&channel_id=channel
Ridiculousness – Pluto TV,https://service-stitcher.clusters.pluto.tv/v1/stitch/embed/hls/channel/61fbd721e5b49e00079bfedc/master.m3u8?deviceId=channel&deviceModel=web&deviceVersion=1.0&appVersion=1.0&deviceType=rokuChannel&deviceMake=rokuChannel&deviceDNT=1&advertisingId=channel&embedPartner=rokuChannel&appName=rokuchannel&is_lat=1&bmodel=bm1&content=channel&platform=web&tags=ROKU_CONTENT_TAGS&coppa=false&content_type=livefeed&rdid=channel&genre=ROKU_ADS_CONTENT_GENRE&content_rating=ROKU_ADS_CONTENT_RATING&studio_id=viacom&channel_id=channel
Scherzi e risate – Pluto TV,https://service-stitcher.clusters.pluto.tv/v1/stitch/embed/hls/channel/609404b0a8ec810007d8de9d/master.m3u8?deviceId=channel&deviceModel=web&deviceVersion=1.0&appVersion=1.0&deviceType=rokuChannel&deviceMake=rokuChannel&deviceDNT=1&advertisingId=channel&embedPartner=rokuChannel&appName=rokuchannel&is_lat=1&bmodel=bm1&content=channel&platform=web&tags=ROKU_CONTENT_TAGS&coppa=false&content_type=livefeed&rdid=channel&genre=ROKU_ADS_CONTENT_GENRE&content_rating=ROKU_ADS_CONTENT_RATING&studio_id=viacom&channel_id=channel
Fail army – Pluto TV,https://service-stitcher.clusters.pluto.tv/v1/stitch/embed/hls/channel/608014d19a26320007c92ab6/master.m3u8?deviceId=channel&deviceModel=web&deviceVersion=1.0&appVersion=1.0&deviceType=rokuChannel&deviceMake=rokuChannel&deviceDNT=1&advertisingId=channel&embedPartner=rokuChannel&appName=rokuchannel&is_lat=1&bmodel=bm1&content=channel&platform=web&tags=ROKU_CONTENT_TAGS&coppa=false&content_type=livefeed&rdid=channel&genre=ROKU_ADS_CONTENT_GENRE&content_rating=ROKU_ADS_CONTENT_RATING&studio_id=viacom&channel_id=channel
People are awesome – Pluto TV,https://service-stitcher.clusters.pluto.tv/v1/stitch/embed/hls/channel/608017cbe375e400070cc981/master.m3u8?deviceId=channel&deviceModel=web&deviceVersion=1.0&appVersion=1.0&deviceType=rokuChannel&deviceMake=rokuChannel&deviceDNT=1&advertisingId=channel&embedPartner=rokuChannel&appName=rokuchannel&is_lat=1&bmodel=bm1&content=channel&platform=web&tags=ROKU_CONTENT_TAGS&coppa=false&content_type=livefeed&rdid=channel&genre=ROKU_ADS_CONTENT_GENRE&content_rating=ROKU_ADS_CONTENT_RATING&studio_id=viacom&channel_id=channel
The pet collective – Pluto TV,https://service-stitcher.clusters.pluto.tv/v1/stitch/embed/hls/channel/60801317a0ccef00072aaf75/master.m3u8?deviceId=channel&deviceModel=web&deviceVersion=1.0&appVersion=1.0&deviceType=rokuChannel&deviceMake=rokuChannel&deviceDNT=1&advertisingId=channel&embedPartner=rokuChannel&appName=rokuchannel&is_lat=1&bmodel=bm1&content=channel&platform=web&tags=ROKU_CONTENT_TAGS&coppa=false&content_type=livefeed&rdid=channel&genre=ROKU_ADS_CONTENT_GENRE&content_rating=ROKU_ADS_CONTENT_RATING&studio_id=viacom&channel_id=channel
Just for laughs – Pluto TV,https://service-stitcher.clusters.pluto.tv/v1/stitch/embed/hls/channel/6093f48c95132a00075fd859/master.m3u8?deviceId=channel&deviceModel=web&deviceVersion=1.0&appVersion=1.0&deviceType=rokuChannel&deviceMake=rokuChannel&deviceDNT=1&advertisingId=channel&embedPartner=rokuChannel&appName=rokuchannel&is_lat=1&bmodel=bm1&content=channel&platform=web&tags=ROKU_CONTENT_TAGS&coppa=false&content_type=livefeed&rdid=channel&genre=ROKU_ADS_CONTENT_GENRE&content_rating=ROKU_ADS_CONTENT_RATING&studio_id=viacom&channel_id=channel
South Park – Pluto TV,https://service-stitcher.clusters.pluto.tv/v1/stitch/embed/hls/channel/62bc1f502b70e3000706298e/master.m3u8?deviceId=channel&deviceModel=web&deviceVersion=1.0&appVersion=1.0&deviceType=rokuChannel&deviceMake=rokuChannel&deviceDNT=1&advertisingId=channel&embedPartner=rokuChannel&appName=rokuchannel&is_lat=1&bmodel=bm1&content=channel&platform=web&tags=ROKU_CONTENT_TAGS&coppa=false&content_type=livefeed&rdid=channel&genre=ROKU_ADS_CONTENT_GENRE&content_rating=ROKU_ADS_CONTENT_RATING&studio_id=viacom&channel_id=channel
Super! Spongebob – Pluto TV,https://service-stitcher.clusters.pluto.tv/v1/stitch/embed/hls/channel/6093f9281db477000759fce0/master.m3u8?deviceId=channel&deviceModel=web&deviceVersion=1.0&appVersion=1.0&deviceType=rokuChannel&deviceMake=rokuChannel&deviceDNT=1&advertisingId=channel&embedPartner=rokuChannel&appName=rokuchannel&is_lat=1&bmodel=bm1&content=channel&platform=web&tags=ROKU_CONTENT_TAGS&coppa=false&content_type=livefeed&rdid=channel&genre=ROKU_ADS_CONTENT_GENRE&content_rating=ROKU_ADS_CONTENT_RATING&studio_id=viacom&channel_id=channel
Due Fantagenitori – Pluto TV,https://service-stitcher.clusters.pluto.tv/v1/stitch/embed/hls/channel/62b57a6752a0060008bc65cd/master.m3u8?deviceId=channel&deviceModel=web&deviceVersion=1.0&appVersion=1.0&deviceType=rokuChannel&deviceMake=rokuChannel&deviceDNT=1&advertisingId=channel&embedPartner=rokuChannel&appName=rokuchannel&is_lat=1&bmodel=bm1&content=channel&platform=web&tags=ROKU_CONTENT_TAGS&coppa=false&content_type=livefeed&rdid=channel&genre=ROKU_ADS_CONTENT_GENRE&content_rating=ROKU_ADS_CONTENT_RATING&studio_id=viacom&channel_id=channel
Yu-Gi-Oh! – Pluto TV,https://service-stitcher.clusters.pluto.tv/v1/stitch/embed/hls/channel/63eb82e24e83e70008ab735f/master.m3u8?deviceId=channel&deviceModel=web&deviceVersion=1.0&appVersion=1.0&deviceType=rokuChannel&deviceMake=rokuChannel&deviceDNT=1&advertisingId=channel&embedPartner=rokuChannel&appName=rokuchannel&is_lat=1&bmodel=bm1&content=channel&platform=web&tags=ROKU_CONTENT_TAGS&coppa=false&content_type=livefeed&rdid=channel&genre=ROKU_ADS_CONTENT_GENRE&content_rating=ROKU_ADS_CONTENT_RATING&studio_id=viacom&channel_id=channel
Anime – Pluto TV,https://service-stitcher.clusters.pluto.tv/v1/stitch/embed/hls/channel/65b90daed77d450008a43345/master.m3u8?deviceId=channel&deviceModel=web&deviceVersion=1.0&appVersion=1.0&deviceType=rokuChannel&deviceMake=rokuChannel&deviceDNT=1&advertisingId=channel&embedPartner=rokuChannel&appName=rokuchannel&is_lat=1&bmodel=bm1&content=channel&platform=web&tags=ROKU_CONTENT_TAGS&coppa=false&content_type=livefeed&rdid=channel&genre=ROKU_ADS_CONTENT_GENRE&content_rating=ROKU_ADS_CONTENT_RATING&studio_id=viacom&channel_id=channel
Avatar – Pluto TV,https://service-stitcher.clusters.pluto.tv/v1/stitch/embed/hls/channel/624da1cd2af90c0007c13205/master.m3u8?deviceId=channel&deviceModel=web&deviceVersion=1.0&appVersion=1.0&deviceType=rokuChannel&deviceMake=rokuChannel&deviceDNT=1&advertisingId=channel&embedPartner=rokuChannel&appName=rokuchannel&is_lat=1&bmodel=bm1&content=channel&platform=web&tags=ROKU_CONTENT_TAGS&coppa=false&content_type=livefeed&rdid=channel&genre=ROKU_ADS_CONTENT_GENRE&content_rating=ROKU_ADS_CONTENT_RATING&studio_id=viacom&channel_id=channel
Inazuma Eleven – Pluto TV,https://service-stitcher.clusters.pluto.tv/v1/stitch/embed/hls/channel/612375086abc84000738fc03/master.m3u8?deviceId=channel&deviceModel=web&deviceVersion=1.0&appVersion=1.0&deviceType=rokuChannel&deviceMake=rokuChannel&deviceDNT=1&advertisingId=channel&embedPartner=rokuChannel&appName=rokuchannel&is_lat=1&bmodel=bm1&content=channel&platform=web&tags=ROKU_CONTENT_TAGS&coppa=false&content_type=livefeed&rdid=channel&genre=ROKU_ADS_CONTENT_GENRE&content_rating=ROKU_ADS_CONTENT_RATING&studio_id=viacom&channel_id=channel
Super! Rugrats – Pluto TV,https://service-stitcher.clusters.pluto.tv/v1/stitch/embed/hls/channel/62e8ddbbaed0390007b258a6/master.m3u8?deviceId=channel&deviceModel=web&deviceVersion=1.0&appVersion=1.0&deviceType=rokuChannel&deviceMake=rokuChannel&deviceDNT=1&advertisingId=channel&embedPartner=rokuChannel&appName=rokuchannel&is_lat=1&bmodel=bm1&content=channel&platform=web&tags=ROKU_CONTENT_TAGS&coppa=false&content_type=livefeed&rdid=channel&genre=ROKU_ADS_CONTENT_GENRE&content_rating=ROKU_ADS_CONTENT_RATING&studio_id=viacom&channel_id=channel
Teenage Mutant Ninja Turtles – Pluto TV,https://service-stitcher.clusters.pluto.tv/v1/stitch/embed/hls/channel/62619405c733e8000732d1fe/master.m3u8?deviceId=channel&deviceModel=web&deviceVersion=1.0&appVersion=1.0&deviceType=rokuChannel&deviceMake=rokuChannel&deviceDNT=1&advertisingId=channel&embedPartner=rokuChannel&appName=rokuchannel&is_lat=1&bmodel=bm1&content=channel&platform=web&tags=ROKU_CONTENT_TAGS&coppa=false&content_type=livefeed&rdid=channel&genre=ROKU_ADS_CONTENT_GENRE&content_rating=ROKU_ADS_CONTENT_RATING&studio_id=viacom&channel_id=channel
Super! Icarly – Pluto TV,https://service-stitcher.clusters.pluto.tv/v1/stitch/embed/hls/channel/609401db8cf51c00084b592e/master.m3u8?deviceId=channel&deviceModel=web&deviceVersion=1.0&appVersion=1.0&deviceType=rokuChannel&deviceMake=rokuChannel&deviceDNT=1&advertisingId=channel&embedPartner=rokuChannel&appName=rokuchannel&is_lat=1&bmodel=bm1&content=channel&platform=web&tags=ROKU_CONTENT_TAGS&coppa=false&content_type=livefeed&rdid=channel&genre=ROKU_ADS_CONTENT_GENRE&content_rating=ROKU_ADS_CONTENT_RATING&studio_id=viacom&channel_id=channel
Super! Victorious – Pluto TV,https://service-stitcher.clusters.pluto.tv/v1/stitch/embed/hls/channel/63c012504faf1c0007abfa93/master.m3u8?deviceId=channel&deviceModel=web&deviceVersion=1.0&appVersion=1.0&deviceType=rokuChannel&deviceMake=rokuChannel&deviceDNT=1&advertisingId=channel&embedPartner=rokuChannel&appName=rokuchannel&is_lat=1&bmodel=bm1&content=channel&platform=web&tags=ROKU_CONTENT_TAGS&coppa=false&content_type=livefeed&rdid=channel&genre=ROKU_ADS_CONTENT_GENRE&content_rating=ROKU_ADS_CONTENT_RATING&studio_id=viacom&channel_id=channel
Super! Zoey 101 – Pluto TV,https://service-stitcher.clusters.pluto.tv/v1/stitch/embed/hls/channel/6304ed62410a4c00083c0291/master.m3u8?deviceId=channel&deviceModel=web&deviceVersion=1.0&appVersion=1.0&deviceType=rokuChannel&deviceMake=rokuChannel&deviceDNT=1&advertisingId=channel&embedPartner=rokuChannel&appName=rokuchannel&is_lat=1&bmodel=bm1&content=channel&platform=web&tags=ROKU_CONTENT_TAGS&coppa=false&content_type=livefeed&rdid=channel&genre=ROKU_ADS_CONTENT_GENRE&content_rating=ROKU_ADS_CONTENT_RATING&studio_id=viacom&channel_id=channel
Super! POP – Pluto TV,https://service-stitcher.clusters.pluto.tv/v1/stitch/embed/hls/channel/6093f7b5bb49b90007cecaad/master.m3u8?deviceId=channel&deviceModel=web&deviceVersion=1.0&appVersion=1.0&deviceType=rokuChannel&deviceMake=rokuChannel&deviceDNT=1&advertisingId=channel&embedPartner=rokuChannel&appName=rokuchannel&is_lat=1&bmodel=bm1&content=channel&platform=web&tags=ROKU_CONTENT_TAGS&coppa=false&content_type=livefeed&rdid=channel&genre=ROKU_ADS_CONTENT_GENRE&content_rating=ROKU_ADS_CONTENT_RATING&studio_id=viacom&channel_id=channel
Super! Gaming – Pluto TV,https://service-stitcher.clusters.pluto.tv/v1/stitch/embed/hls/channel/626192c51c279b00072c4553/master.m3u8?deviceId=channel&deviceModel=web&deviceVersion=1.0&appVersion=1.0&deviceType=rokuChannel&deviceMake=rokuChannel&deviceDNT=1&advertisingId=channel&embedPartner=rokuChannel&appName=rokuchannel&is_lat=1&bmodel=bm1&content=channel&platform=web&tags=ROKU_CONTENT_TAGS&coppa=false&content_type=livefeed&rdid=channel&genre=ROKU_ADS_CONTENT_GENRE&content_rating=ROKU_ADS_CONTENT_RATING&studio_id=viacom&channel_id=channel
Super! Girl Power – Pluto TV,https://service-stitcher.clusters.pluto.tv/v1/stitch/embed/hls/channel/636a4ce50728d200072eebe7/master.m3u8?deviceId=channel&deviceModel=web&deviceVersion=1.0&appVersion=1.0&deviceType=rokuChannel&deviceMake=rokuChannel&deviceDNT=1&advertisingId=channel&embedPartner=rokuChannel&appName=rokuchannel&is_lat=1&bmodel=bm1&content=channel&platform=web&tags=ROKU_CONTENT_TAGS&coppa=false&content_type=livefeed&rdid=channel&genre=ROKU_ADS_CONTENT_GENRE&content_rating=ROKU_ADS_CONTENT_RATING&studio_id=viacom&channel_id=channel
Super! Intervallo – Pluto TV,https://service-stitcher.clusters.pluto.tv/v1/stitch/embed/hls/channel/62619544b1bf740007b4154b/master.m3u8?deviceId=channel&deviceModel=web&deviceVersion=1.0&appVersion=1.0&deviceType=rokuChannel&deviceMake=rokuChannel&deviceDNT=1&advertisingId=channel&embedPartner=rokuChannel&appName=rokuchannel&is_lat=1&bmodel=bm1&content=channel&platform=web&tags=ROKU_CONTENT_TAGS&coppa=false&content_type=livefeed&rdid=channel&genre=ROKU_ADS_CONTENT_GENRE&content_rating=ROKU_ADS_CONTENT_RATING&studio_id=viacom&channel_id=channel
Super! Spyders – Pluto TV,https://service-stitcher.clusters.pluto.tv/v1/stitch/embed/hls/channel/655207f8b9c8a700082c7951/master.m3u8?deviceId=channel&deviceModel=web&deviceVersion=1.0&appVersion=1.0&deviceType=rokuChannel&deviceMake=rokuChannel&deviceDNT=1&advertisingId=channel&embedPartner=rokuChannel&appName=rokuchannel&is_lat=1&bmodel=bm1&content=channel&platform=web&tags=ROKU_CONTENT_TAGS&coppa=false&content_type=livefeed&rdid=channel&genre=ROKU_ADS_CONTENT_GENRE&content_rating=ROKU_ADS_CONTENT_RATING&studio_id=viacom&channel_id=channel
Kids – Pluto TV,https://service-stitcher.clusters.pluto.tv/v1/stitch/embed/hls/channel/62444e195d2ab7000861694b/master.m3u8?deviceId=channel&deviceModel=web&deviceVersion=1.0&appVersion=1.0&deviceType=rokuChannel&deviceMake=rokuChannel&deviceDNT=1&advertisingId=channel&embedPartner=rokuChannel&appName=rokuchannel&is_lat=1&bmodel=bm1&content=channel&platform=web&tags=ROKU_CONTENT_TAGS&coppa=false&content_type=livefeed&rdid=channel&genre=ROKU_ADS_CONTENT_GENRE&content_rating=ROKU_ADS_CONTENT_RATING&studio_id=viacom&channel_id=channel
Kids Ukraine – Pluto TV,https://service-stitcher.clusters.pluto.tv/v1/stitch/embed/hls/channel/622a2d8da9d8210007d918c2/master.m3u8?deviceId=channel&deviceModel=web&deviceVersion=1.0&appVersion=1.0&deviceType=rokuChannel&deviceMake=rokuChannel&deviceDNT=1&advertisingId=channel&embedPartner=rokuChannel&appName=rokuchannel&is_lat=1&bmodel=bm1&content=channel&platform=web&tags=ROKU_CONTENT_TAGS&coppa=false&content_type=livefeed&rdid=channel&genre=ROKU_ADS_CONTENT_GENRE&content_rating=ROKU_ADS_CONTENT_RATING&studio_id=viacom&channel_id=channel
Super! Star – Pluto TV,https://service-stitcher.clusters.pluto.tv/v1/stitch/embed/hls/channel/6093f6f8351eb0000754afb8/master.m3u8?deviceId=channel&deviceModel=web&deviceVersion=1.0&appVersion=1.0&deviceType=rokuChannel&deviceMake=rokuChannel&deviceDNT=1&advertisingId=channel&embedPartner=rokuChannel&appName=rokuchannel&is_lat=1&bmodel=bm1&content=channel&platform=web&tags=ROKU_CONTENT_TAGS&coppa=false&content_type=livefeed&rdid=channel&genre=ROKU_ADS_CONTENT_GENRE&content_rating=ROKU_ADS_CONTENT_RATING&studio_id=viacom&channel_id=channel
Super! Risate – Pluto TV,https://service-stitcher.clusters.pluto.tv/v1/stitch/embed/hls/channel/63eb573ba99571000897135b/master.m3u8?deviceId=channel&deviceModel=web&deviceVersion=1.0&appVersion=1.0&deviceType=rokuChannel&deviceMake=rokuChannel&deviceDNT=1&advertisingId=channel&embedPartner=rokuChannel&appName=rokuchannel&is_lat=1&bmodel=bm1&content=channel&platform=web&tags=ROKU_CONTENT_TAGS&coppa=false&content_type=livefeed&rdid=channel&genre=ROKU_ADS_CONTENT_GENRE&content_rating=ROKU_ADS_CONTENT_RATING&studio_id=viacom&channel_id=channel
Super! Brothers and Sisters – Pluto TV,https://service-stitcher.clusters.pluto.tv/v1/stitch/embed/hls/channel/61925ea79541940007d20881/master.m3u8?deviceId=channel&deviceModel=web&deviceVersion=1.0&appVersion=1.0&deviceType=rokuChannel&deviceMake=rokuChannel&deviceDNT=1&advertisingId=channel&embedPartner=rokuChannel&appName=rokuchannel&is_lat=1&bmodel=bm1&content=channel&platform=web&tags=ROKU_CONTENT_TAGS&coppa=false&content_type=livefeed&rdid=channel&genre=ROKU_ADS_CONTENT_GENRE&content_rating=ROKU_ADS_CONTENT_RATING&studio_id=viacom&channel_id=channel
VH1+ Music Legends – Pluto TV,https://service-stitcher.clusters.pluto.tv/v1/stitch/embed/hls/channel/62e8cc10ca869f00078efca8/master.m3u8?deviceId=channel&deviceModel=web&deviceVersion=1.0&appVersion=1.0&deviceType=rokuChannel&deviceMake=rokuChannel&deviceDNT=1&advertisingId=channel&embedPartner=rokuChannel&appName=rokuchannel&is_lat=1&bmodel=bm1&content=channel&platform=web&tags=ROKU_CONTENT_TAGS&coppa=false&content_type=livefeed&rdid=channel&genre=ROKU_ADS_CONTENT_GENRE&content_rating=ROKU_ADS_CONTENT_RATING&studio_id=viacom&channel_id=channel
VH1+ Back to 90's – Pluto TV,https://service-stitcher.clusters.pluto.tv/v1/stitch/embed/hls/channel/6552085aab05240008b05f6c/master.m3u8?deviceId=channel&deviceModel=web&deviceVersion=1.0&appVersion=1.0&deviceType=rokuChannel&deviceMake=rokuChannel&deviceDNT=1&advertisingId=channel&embedPartner=rokuChannel&appName=rokuchannel&is_lat=1&bmodel=bm1&content=channel&platform=web&tags=ROKU_CONTENT_TAGS&coppa=false&content_type=livefeed&rdid=channel&genre=ROKU_ADS_CONTENT_GENRE&content_rating=ROKU_ADS_CONTENT_RATING&studio_id=viacom&channel_id=channel
VH1+ Rock! – Pluto TV,https://service-stitcher.clusters.pluto.tv/v1/stitch/embed/hls/channel/636a4173e34fd50007534542/master.m3u8?deviceId=channel&deviceModel=web&deviceVersion=1.0&appVersion=1.0&deviceType=rokuChannel&deviceMake=rokuChannel&deviceDNT=1&advertisingId=channel&embedPartner=rokuChannel&appName=rokuchannel&is_lat=1&bmodel=bm1&content=channel&platform=web&tags=ROKU_CONTENT_TAGS&coppa=false&content_type=livefeed&rdid=channel&genre=ROKU_ADS_CONTENT_GENRE&content_rating=ROKU_ADS_CONTENT_RATING&studio_id=viacom&channel_id=channel
VH1+ Canzoni Italiane – Pluto TV,https://service-stitcher.clusters.pluto.tv/v1/stitch/embed/hls/channel/63724270c7c2360007b170e8/master.m3u8?deviceId=channel&deviceModel=web&deviceVersion=1.0&appVersion=1.0&deviceType=rokuChannel&deviceMake=rokuChannel&deviceDNT=1&advertisingId=channel&embedPartner=rokuChannel&appName=rokuchannel&is_lat=1&bmodel=bm1&content=channel&platform=web&tags=ROKU_CONTENT_TAGS&coppa=false&content_type=livefeed&rdid=channel&genre=ROKU_ADS_CONTENT_GENRE&content_rating=ROKU_ADS_CONTENT_RATING&studio_id=viacom&channel_id=channel
VH1+ Hip Hop & Rap – Pluto TV,https://service-stitcher.clusters.pluto.tv/v1/stitch/embed/hls/channel/6465fef47cb4b100086ee7bd/master.m3u8?deviceId=channel&deviceModel=web&deviceVersion=1.0&appVersion=1.0&deviceType=rokuChannel&deviceMake=rokuChannel&deviceDNT=1&advertisingId=channel&embedPartner=rokuChannel&appName=rokuchannel&is_lat=1&bmodel=bm1&content=channel&platform=web&tags=ROKU_CONTENT_TAGS&coppa=false&content_type=livefeed&rdid=channel&genre=ROKU_ADS_CONTENT_GENRE&content_rating=ROKU_ADS_CONTENT_RATING&studio_id=viacom&channel_id=channel
Deluxe Lounge HD – Pluto TV,https://service-stitcher.clusters.pluto.tv/v1/stitch/embed/hls/channel/6278ec6c33d85a00077ad814/master.m3u8?deviceId=channel&deviceModel=web&deviceVersion=1.0&appVersion=1.0&deviceType=rokuChannel&deviceMake=rokuChannel&deviceDNT=1&advertisingId=channel&embedPartner=rokuChannel&appName=rokuchannel&is_lat=1&bmodel=bm1&content=channel&platform=web&tags=ROKU_CONTENT_TAGS&coppa=false&content_type=livefeed&rdid=channel&genre=ROKU_ADS_CONTENT_GENRE&content_rating=ROKU_ADS_CONTENT_RATING&studio_id=viacom&channel_id=channel
K-Pop – Pluto TV,https://service-stitcher.clusters.pluto.tv/v1/stitch/embed/hls/channel/60c8b75fb0a68400074b86fc/master.m3u8?deviceId=channel&deviceModel=web&deviceVersion=1.0&appVersion=1.0&deviceType=rokuChannel&deviceMake=rokuChannel&deviceDNT=1&advertisingId=channel&embedPartner=rokuChannel&appName=rokuchannel&is_lat=1&bmodel=bm1&content=channel&platform=web&tags=ROKU_CONTENT_TAGS&coppa=false&content_type=livefeed&rdid=channel&genre=ROKU_ADS_CONTENT_GENRE&content_rating=ROKU_ADS_CONTENT_RATING&studio_id=viacom&channel_id=channel
Fireplace – Pluto TV,https://service-stitcher.clusters.pluto.tv/v1/stitch/embed/hls/channel/612ce23f51cce000078eeed5/master.m3u8?deviceId=channel&deviceModel=web&deviceVersion=1.0&appVersion=1.0&deviceType=rokuChannel&deviceMake=rokuChannel&deviceDNT=1&advertisingId=channel&embedPartner=rokuChannel&appName=rokuchannel&is_lat=1&bmodel=bm1&content=channel&platform=web&tags=ROKU_CONTENT_TAGS&coppa=false&content_type=livefeed&rdid=channel&genre=ROKU_ADS_CONTENT_GENRE&content_rating=ROKU_ADS_CONTENT_RATING&studio_id=viacom&channel_id=channel
Euronews – Pluto TV,https://service-stitcher.clusters.pluto.tv/v1/stitch/embed/hls/channel/61b86ea479a4390007c6d5fc/master.m3u8?deviceId=channel&deviceModel=web&deviceVersion=1.0&appVersion=1.0&deviceType=rokuChannel&deviceMake=rokuChannel&deviceDNT=1&advertisingId=channel&embedPartner=rokuChannel&appName=rokuchannel&is_lat=1&bmodel=bm1&content=channel&platform=web&tags=ROKU_CONTENT_TAGS&coppa=false&content_type=livefeed&rdid=channel&genre=ROKU_ADS_CONTENT_GENRE&content_rating=ROKU_ADS_CONTENT_RATING&studio_id=viacom&channel_id=channel
CBS News – Pluto TV,https://service-stitcher.clusters.pluto.tv/v1/stitch/embed/hls/channel/6231ec4b62cd1f0007093c7b/master.m3u8?deviceId=channel&deviceModel=web&deviceVersion=1.0&appVersion=1.0&deviceType=rokuChannel&deviceMake=rokuChannel&deviceDNT=1&advertisingId=channel&embedPartner=rokuChannel&appName=rokuchannel&is_lat=1&bmodel=bm1&content=channel&platform=web&tags=ROKU_CONTENT_TAGS&coppa=false&content_type=livefeed&rdid=channel&genre=ROKU_ADS_CONTENT_GENRE&content_rating=ROKU_ADS_CONTENT_RATING&studio_id=viacom&channel_id=channel
Cucina – Pluto TV,https://service-stitcher.clusters.pluto.tv/v1/stitch/embed/hls/channel/608aa718a8ec810007d87fee/master.m3u8?deviceId=channel&deviceModel=web&deviceVersion=1.0&appVersion=1.0&deviceType=rokuChannel&deviceMake=rokuChannel&deviceDNT=1&advertisingId=channel&embedPartner=rokuChannel&appName=rokuchannel&is_lat=1&bmodel=bm1&content=channel&platform=web&tags=ROKU_CONTENT_TAGS&coppa=false&content_type=livefeed&rdid=channel&genre=ROKU_ADS_CONTENT_GENRE&content_rating=ROKU_ADS_CONTENT_RATING&studio_id=viacom&channel_id=channel
Real life – Pluto TV,https://service-stitcher.clusters.pluto.tv/v1/stitch/embed/hls/channel/60801976f92a750007a0699c/master.m3u8?deviceId=channel&deviceModel=web&deviceVersion=1.0&appVersion=1.0&deviceType=rokuChannel&deviceMake=rokuChannel&deviceDNT=1&advertisingId=channel&embedPartner=rokuChannel&appName=rokuchannel&is_lat=1&bmodel=bm1&content=channel&platform=web&tags=ROKU_CONTENT_TAGS&coppa=false&content_type=livefeed&rdid=channel&genre=ROKU_ADS_CONTENT_GENRE&content_rating=ROKU_ADS_CONTENT_RATING&studio_id=viacom&channel_id=channel
Naturescape – Pluto TV,https://service-stitcher.clusters.pluto.tv/v1/stitch/embed/hls/channel/610a9ebe8c2ac2000734776e/master.m3u8?deviceId=channel&deviceModel=web&deviceVersion=1.0&appVersion=1.0&deviceType=rokuChannel&deviceMake=rokuChannel&deviceDNT=1&advertisingId=channel&embedPartner=rokuChannel&appName=rokuchannel&is_lat=1&bmodel=bm1&content=channel&platform=web&tags=ROKU_CONTENT_TAGS&coppa=false&content_type=livefeed&rdid=channel&genre=ROKU_ADS_CONTENT_GENRE&content_rating=ROKU_ADS_CONTENT_RATING&studio_id=viacom&channel_id=channel
Natura – Pluto TV,https://service-stitcher.clusters.pluto.tv/v1/stitch/embed/hls/channel/60802b37709d6b0007b0c549/master.m3u8?deviceId=channel&deviceModel=web&deviceVersion=1.0&appVersion=1.0&deviceType=rokuChannel&deviceMake=rokuChannel&deviceDNT=1&advertisingId=channel&embedPartner=rokuChannel&appName=rokuchannel&is_lat=1&bmodel=bm1&content=channel&platform=web&tags=ROKU_CONTENT_TAGS&coppa=false&content_type=livefeed&rdid=channel&genre=ROKU_ADS_CONTENT_GENRE&content_rating=ROKU_ADS_CONTENT_RATING&studio_id=viacom&channel_id=channel
Storia – Pluto TV,https://service-stitcher.clusters.pluto.tv/v1/stitch/embed/hls/channel/65253fdf3fd33c00080214a3/master.m3u8?deviceId=channel&deviceModel=web&deviceVersion=1.0&appVersion=1.0&deviceType=rokuChannel&deviceMake=rokuChannel&deviceDNT=1&advertisingId=channel&embedPartner=rokuChannel&appName=rokuchannel&is_lat=1&bmodel=bm1&content=channel&platform=web&tags=ROKU_CONTENT_TAGS&coppa=false&content_type=livefeed&rdid=channel&genre=ROKU_ADS_CONTENT_GENRE&content_rating=ROKU_ADS_CONTENT_RATING&studio_id=viacom&channel_id=channel
Documentari – Pluto TV,https://service-stitcher.clusters.pluto.tv/v1/stitch/embed/hls/channel/608aa8a5709d6b0007b132fe/master.m3u8?deviceId=channel&deviceModel=web&deviceVersion=1.0&appVersion=1.0&deviceType=rokuChannel&deviceMake=rokuChannel&deviceDNT=1&advertisingId=channel&embedPartner=rokuChannel&appName=rokuchannel&is_lat=1&bmodel=bm1&content=channel&platform=web&tags=ROKU_CONTENT_TAGS&coppa=false&content_type=livefeed&rdid=channel&genre=ROKU_ADS_CONTENT_GENRE&content_rating=ROKU_ADS_CONTENT_RATING&studio_id=viacom&channel_id=channel
Viaggi – Pluto TV,https://service-stitcher.clusters.pluto.tv/v1/stitch/embed/hls/channel/63c923944207be0007fd0887/master.m3u8?deviceId=channel&deviceModel=web&deviceVersion=1.0&appVersion=1.0&deviceType=rokuChannel&deviceMake=rokuChannel&deviceDNT=1&advertisingId=channel&embedPartner=rokuChannel&appName=rokuchannel&is_lat=1&bmodel=bm1&content=channel&platform=web&tags=ROKU_CONTENT_TAGS&coppa=false&content_type=livefeed&rdid=channel&genre=ROKU_ADS_CONTENT_GENRE&content_rating=ROKU_ADS_CONTENT_RATING&studio_id=viacom&channel_id=channel
House of Docs – Pluto TV,https://service-stitcher.clusters.pluto.tv/v1/stitch/embed/hls/channel/6536608b4f123d000876b78b/master.m3u8?deviceId=channel&deviceModel=web&deviceVersion=1.0&appVersion=1.0&deviceType=rokuChannel&deviceMake=rokuChannel&deviceDNT=1&advertisingId=channel&embedPartner=rokuChannel&appName=rokuchannel&is_lat=1&bmodel=bm1&content=channel&platform=web&tags=ROKU_CONTENT_TAGS&coppa=false&content_type=livefeed&rdid=channel&genre=ROKU_ADS_CONTENT_GENRE&content_rating=ROKU_ADS_CONTENT_RATING&studio_id=viacom&channel_id=channel
Le vite degli altri – Pluto TV,https://service-stitcher.clusters.pluto.tv/v1/stitch/embed/hls/channel/653660b4295b840008a70ba3/master.m3u8?deviceId=channel&deviceModel=web&deviceVersion=1.0&appVersion=1.0&deviceType=rokuChannel&deviceMake=rokuChannel&deviceDNT=1&advertisingId=channel&embedPartner=rokuChannel&appName=rokuchannel&is_lat=1&bmodel=bm1&content=channel&platform=web&tags=ROKU_CONTENT_TAGS&coppa=false&content_type=livefeed&rdid=channel&genre=ROKU_ADS_CONTENT_GENRE&content_rating=ROKU_ADS_CONTENT_RATING&studio_id=viacom&channel_id=channel
AMC電影台,http://61.221.215.25:8800/hls/43/index.m3u8
AniMAX_,http://aktv.top/AKTV/live/aktv3/animaxhk/AKTV.m3u8
ANTV,http://antvlive.ab5c6921.cdnviet.com/antv/playlist.m3u8
channel5,http://aktv.top/AKTV/live/aktv/channel5hd/AKTV.m3u8
channel8,http://aktv.top/AKTV/live/aktv/channel8hd/AKTV.m3u8
channelu,http://aktv.top/AKTV/live/aktv/channeluhd/AKTV.m3u8
CINEMA-頻道,http://37.27.111.214:8080/live/30/hls.m3u8
Discovery探索頻道,http://61.221.215.25:8800/hls/1/index.m3u8
Discovery探索亞洲,http://61.221.215.25:8800/hls/50/index.m3u8
ELEVEN體育1,rtmp://f13h.mine.nu/sat/tv731
ELEVEN體育2,rtmp://f13h.mine.nu/sat/tv741
GOODTV道在人間HD,https://dqhxk7sbp7xog.cloudfront.net/osmflivech2.m3u8
GOODTV復興禱告,https://dqhxk7sbp7xog.cloudfront.net/osmflivech38.m3u8
GOODTV好消息HD,https://dqhxk7sbp7xog.cloudfront.net/osmflivech1.m3u8
GOODTV好消息卡通,https://dqhxk7sbp7xog.cloudfront.net/osmflivech45.m3u8
GOODTV經典音樂河HD,https://dqhxk7sbp7xog.cloudfront.net/hls-live/goodtv/_definst_/liveevent/live-ch6-2.m3u8
GTV八大第1台HD,http://61.221.215.25:8800/hls/55/index.m3u8
GTV八大戲劇HD,http://61.221.215.25:8800/hls/39/index.m3u8
GTV八大綜合台HD,http://61.221.215.25:8800/hls/56/index.m3u8
HISTORY頻道,http://37.27.111.214:8080/live/27/hls.m3u8
HITs電影頻道,http://37.27.111.214:8080/live/28/hls.m3u8
MoMoTV4K,rtmp://f13h.mine.nu/sat/tv761
Mo綜合,rtmp://f13h.mine.nu:1935/sat/tv761
NHK WORLD,http://61.221.215.25:8800/hls/51/index.m3u8
Nick卡通,http://aktv.top/AKTV/live/aktv3/nickjr/AKTV.m3u8
Nick綜合,http://aktv.top/AKTV/live/aktv3/nickelodeon/AKTV.m3u8
Now星影台,http://aktv.top/AKTV/live/aktv/now/AKTV.m3u8
PopC,http://aktv.top/AKTV/live/aktv/popc/AKTV.m3u8
rock影綜,http://aktv.top/AKTV/live/aktv/rockaction/AKTV.m3u8
SET三立戲劇,http://61.221.215.25:8800/hls/41/index.m3u8
SUPER 18台,http://aktv.top/AKTV/live/aktv/mytvsuper18/AKTV.m3u8
TVBJ1,https://cdn3.163189.xyz/live/j1/stream.m3u8
tvbs閩南,http://aktv.top/AKTV/live/aktv/tvbs/AKTV.m3u8
TVBS新闻台,http://61.221.215.25:8800/hls/9/index.m3u8
tvbs新聞,http://aktv.top/AKTV/live/aktv/tvbs-1/AKTV.m3u8
tvbs新聞,http://aktv.top/AKTV/live/aktv3/null-2/AKTV.m3u8
ZooMoo-,http://aktv.top/AKTV/live/aktv3/zoomoo/AKTV.m3u8
澳门有线 CH1,http://202.175.127.77/live/show/ch1/index.m3u8
澳门有线 CH3,http://202.175.127.77/live/show/ch3/index.m3u8
澳门有线互动新闻,http://202.175.127.77/live/show/ch2/index.m3u8
澳视澳门,http://183.237.246.14:9931/tsfile/live/1039_1.m3u8
八大第一,http://www.zzrs888.top/tw5.php?id=%E5%85%AB%E5%A4%A7%E7%AC%AC%E4%B8%80HD
八大第一,http://www.zzrs888.top/tw5.php?id=%E5%85%AB%E5%A4%A7%E7%AC%AC%E4%B8%80HD
八大戲劇,http://www.zzrs888.top/tw5.php?id=%E5%85%AB%E5%A4%A7%E6%88%B2%E5%8A%87HD
八大戲劇,http://www.zzrs888.top/tw5.php?id=%E5%85%AB%E5%A4%A7%E6%88%B2%E5%8A%87HD
八大综合,https://epg.pw/stream/adb797f4658363759c5a408dfec1e091e7cfe712fe04afaa3b8d7670efef57e1.m3u8
八大綜合,http://www.zzrs888.top/tw5.php?id=%E5%85%AB%E5%A4%A7%E7%B6%9C%E5%90%88HD
八大綜合,http://www.zzrs888.top/tw5.php?id=%E5%85%AB%E5%A4%A7%E7%B6%9C%E5%90%88HD
博斯高球頻壹,http://37.27.111.214:8080/live/13/hls.m3u8
博斯魅力,https://epg.pw/stream/440e2c0585ce62fd999454df8770aef94a3631ed4dbb1036be6a191ce879d581.m3u8
博斯無限頻道,http://37.27.111.214:8080/live/15/hls.m3u8
博斯运动2,https://epg.pw/stream/f8e9fc9a8c76935a58f6c9295462febadcc2e06471bc7634a6cd4d7fe5a12b14.m3u8
博斯運動頻壹,http://37.27.111.214:8080/live/14/hls.m3u8
创世电视,https://cdn.deepcore.online/hlsme/ctv_hk_1080.m3u8
大爱1台,https://pulltv1.wanfudaluye.com/live/tv1.m3u8
大爱2台,https://pulltv1.wanfudaluye.com/live/tv2.m3u8
大爱二台,https://epg.pw/stream/1f3e158520af1be7f1dfdd5c56fe0393e54fe4bde8d8fbdfe04f74185117e9db.m3u8
大愛1,https://pulltv2.wanfudaluye.com/live/tv1.m3u8
大愛2,http://pulltv1.wanfudaluye.com/live/tv2.m3u8
大愛2,http://pulltv2.wanfudaluye.com/live/tv2.m3u8
大愛2台,https://pulltv2.wanfudaluye.com/live/tv2.m3u8
大立電視,http://www.dalitv.com.tw:4568/live/dali/index.m3u8
点掌财经,https://epg.pw/stream/96bec7b1f9d22ac90697af55775bf2328443600cdc5ac81952ca681c136f86f7.m3u8
东森财经,https://epg.pw/stream/c4452be892906f85b59ac80ba36d1924380e404a65012937dc589180fd84ebe2.m3u8
东森超视34.5,http://38.64.72.148:80/hls/modn/list/2013/chunklist1.m3u8
东森美洲,https://epg.pw/stream/3f54de58cf44244a3a2e14cd7388cac348a17ada96c4aba4b5a65f1c4ceeabca.m3u8
东森美洲卫视,http://38.64.72.148:80/hls/modn/list/2015/chunklist0.m3u8
东森戏剧,https://epg.pw/stream/5dc124caeeb73ea07e5542cca877600b90f87a42e72b579e267528c3411b073f.m3u8
东森新闻,https://epg.pw/stream/d91376ed07fba14fec3772dd7bfcc266f213294ded9193f751afb3e7ca95f573.m3u8
东森幼幼台,https://epg.pw/stream/de717f629316508933939cc9d90e62b3a86d6377aff1ca390e1717e68c960eb4.m3u8
東方國際,http://aktv.top/AKTV/live/aktv3/null/AKTV.m3u8
动物星球,https://epg.pw/stream/0e38a2ff528e933b9a9dc37acf08f88b9ac4c118cdbba4adac0517303612645e.m3u8
動物星球,http://61.221.215.25:8800/hls/57/index.m3u8
番薯台,http://61.216.67.119:1935/TWHG/E1/chunklist_w705811302.m3u8
蕃薯台,http://61.216.67.119:1935/TWHG/E1/chunklist_w70581102.m3u8
翡翠,http://php.jdshipin.com/smt.php?id=jade_twn
翡翠,http://php.jdshipin.com/TVOD/iptv.php?id=fct2
翡翠,http://php.jdshipin.com/TVOD/iptv.php?id=fct3
翡翠,https://cdn3.163189.xyz/live/fct/stream.m3u8
凤凰电影,http://218.202.220.2:5000/nn_live.ts?id=NEWSASIA
凤凰电影,https://epg.pw/stream/9ed301e39bb8ca159e243f22b480bf96dd911e48e89709a29959a5aab65608cf.ctv
公视,https://epg.pw/stream/5c0663273403c40461cd1ae04cc5cfa4bb9d5d626270d5ec1754aeb554c3020b.m3u8
公視戲劇,http://litv.zapi.us.kg/?id=4gtv-4gtv042
国家地理野生,https://epg.pw/stream/936ec911ca3a23631c8e822081ca3fe8f0e1a93bac068f4db5eaa005b2fccba7.m3u8
國會頻道1,http://61.58.60.230:9319/live/123.m3u8
國家地理,http://aktv.top/AKTV/live/aktv3/lovenaturehd/AKTV.m3u8
好消息,http://live-350k.streamingfast.net/hls-live/goodtv/_definst_/liveevent/live-ch1-1.m3u8
好消息电视台,http://live-350k.streamingfast.net/hls-live/goodtv/_definst_/liveevent/live-ch2-1.m3u8
好消息综合台,https://dqhxk7sbp7xog.cloudfront.net/hls-live/goodtv/_definst_/liveevent/live-ch1-2.m3u8
华视,https://epg.pw/stream/2ef08642072574008f65939021951a59fe9fc71369c751393f40a1b2234e18c9.m3u8
华语电视,http://38.64.72.148:80/hls/modn/list/4002/chunklist0.m3u8
華視,rtmp://f13h.mine.nu/sat/tv111
華視,rtmp://f13h.mine.nu:1935/sat/tv111
華視閩南,http://aktv.top/AKTV/live/aktv/null-11/AKTV.m3u8
華視閩南頻道,http://37.27.111.214:8080/live/8/hls.m3u8
环球电视,http://zb.xzxwhcb.com:9999/hls/world.m3u8
寰宇新闻,https://epg.pw/stream/eed37c9d7d82dc884bdfa04703da80f8bdb4e9910fbd2b396c8f72fb66093c75.m3u8
寰宇新聞,http://aktv.top/AKTV/live/aktv/null-9/AKTV.m3u8
黄金翡翠,http://php.jdshipin.com/smt.php?id=Tvbjade
靖天電影,http://aktv.top/AKTV/live/aktv/null-6/AKTV.m3u8
靖天国际台,https://epg.pw/stream/d3d02fa9532f7534b585d54c1d5c9d2efd49a5e08858e1f16750eec4448f083a.m3u8
莲花卫视,http://php.jdshipin.com:8880/amlh.php
龙华电影,https://cdn8.163189.xyz/live/lhdy/stream.m3u8
龙华经典,https://cdn8.163189.xyz/live/lhjd/stream.m3u8
龙华卡通,https://cdn8.163189.xyz/live/lhkt/stream.m3u8
龙华偶像,https://cdn8.163189.xyz/live/lhox/stream.m3u8
龙华日韩,https://cdn8.163189.xyz/live/lhrh/stream.m3u8
龙华戏剧,https://epg.pw/stream/cf908cfdb24cc4a8297f6f7fd955ca7ef3579e892600280fde9cdcfcffb4e481.m3u8
龍華電影,http://aktv.top/AKTV/live/aktv/null-23/AKTV.m3u8
龍華電影頻道,http://37.27.111.214:8080/live/19/hls.m3u8
龍華經典台,http://aktv.top/AKTV/live/aktv/null-7/AKTV.m3u8
龍華日韓,http://aktv.top/AKTV/live/aktv/null-22/AKTV.m3u8
美食星球,https://epg.pw/stream/1df3601f344fa4b1c79295aefec312f528d418c2ed0b391b3fe630ed1ddf70fc.m3u8
美亚C+,http://ottproxy2.ist.ooo/livehls/MOB-U1-NO/03.m3u8
美亚电影,https://epg.pw/stream/36b38b4c010474566de14e477a1113b335f32a4e5811548b7119b289ab05f5dd.m3u8
面包台,https://video.bread-tv.com:8091/hls-live24/online/index.m3u8
民视,https://epg.pw/stream/446ff2630964ca5ddcb9f9cb6d4e1a5f2ca1dca875b2a4e1c462b9e5cf83b77d.m3u8
民视新闻台,http://38.64.72.148/hls/modn/list/4012/chunklist1.m3u8
民視,rtmp://f13h.mine.nu/sat/tv051
民視,rtmp://f13h.mine.nu:1935/sat/tv051
民視閩南頻道,http://37.27.111.214:8080/live/6/hls.m3u8
尼克儿童频道,https://epg.pw/stream/3f9e0cbf40dd4828d593f974c80730357e4fdc12f11b239ef6f6542e21e781a4.m3u8
年代much,https://epg.pw/stream/811e09d2c2770631c5621144d8e610cfa14a4b55154ca84556b5dab9b5c49317.m3u8
千禧經典台,http://aktv.top/AKTV/live/aktv/null-21/AKTV.m3u8
人间卫视,http://61.216.67.119:1935/bltvhd/bltv1/chunklist_w1266569526.m3u8
人间卫视,https://5ddce30eb4b55.streamlock.net/bltvhd/bltv1/chunklist_w511254805.m3u8
三立都會,http://www.zzrs888.top/tw5.php?id=%E4%B8%89%E7%AB%8B%E9%83%BD%E6%9C%83HD
三立台灣,http://www.zzrs888.top/tw5.php?id=%E4%B8%89%E7%AB%8B%E5%8F%B0%E7%81%A3HD
三立綜合,http://aktv.top/AKTV/live/aktv/null-13/AKTV.m3u8
生命電視,http://61.216.67.119:1935/lifetv/lifetv.stream/manifest.m3u8
生命電視台,http://211.73.19.201/live/AB167E56-808C-81D4-6471-76DC400D5192.m3u8?fmt=x264_1200K_ts&cpid=admin&size=1920X1080
時尚台FTV,http://80.94.54.42/fashiontv/stream/playlist.m3u8
時尚台FTV,http://lb.streaming.sk/fashiontv/stream/chunklist.m3u8
世新綜合,http://61.58.60.230:9319/live/49.m3u8
台视新闻 HD,http://38.64.72.148/hls/modn/list/4013/chunklist0.m3u8
台視,rtmp://f13h.mine.nu/sat/tv071
台視,rtmp://f13h.mine.nu:1935/sat/tv071
台視財經,http://litv.zapi.us.kg/?id=4gtv-4gtv056
台湾番薯台,http://61.216.67.119:1935/TWHG/E1/chunklist_w7058102.m3u8
天映频道(MAS),https://epg.pw/stream/be57bcf7129184f546bebfec81d980207851b2d523b83ff64deddda8d6e5e5e6.ctv
唯心电视,https://epg.pw/stream/7d651c567d48727fc8f95cef7d2b349246baef656e557211c784bc62024b10d0.m3u8
唯心电视台,http://mobile.ccdntech.com/transcoder/_definst_/vod164_Live/live/playlist.m3u8
唯心電視,http://mobile.ccdntech.com/transcoder/_definst_/vod164_Live/live/chunklist_w1177047531.m3u8
纬来综合,https://epg.pw/stream/03ebc1a8a33908af343e09da79d9d8d08246222c793931c98184be5818a788a1.m3u8
緯來精采HD,http://61.221.215.25:8800/hls/48/index.m3u8
緯來日本,rtmp://f13h.mine.nu:1935/sat/tv771
緯來日本HD,rtmp://f13h.mine.nu/sat/tv771
緯來體育,rtmp://f13h.mine.nu:1935/sat/tv721
緯來戲劇,http://www.zzrs888.top/tw5.php?id=%3F%E4%BE%86%E6%88%B2%E5%8A%87
緯來育樂,rtmp://f13h.mine.nu:1935/sat/tv701
香港電台普通話台,https://rthkaudio6-lh.akamaihd.net/i/radiopth_1@355869/index_56_a-p.m3u8
香港佛陀,http://js1.amtb.cn/liveedge/_definst_/livetv/chunklist.m3u8
香港国际财经台,https://epg.pw/stream/d7d42738d28d82242956de378400f29c137bb4844173f1517b19bad0dd5c95d5.m3u8
香港卫视文旅,https://epg.pw/stream/092a08c73e2f252b5b864bbf21fc7753e7c59c706165977ab071e8b2216da0cb.m3u8
香港有线新闻,https://epg.pw/stream/4c65fc12a950810e9f068c55b2abf43cf7937762e9c5d4d44381205743c731bf.ctv
星光综合,http://ali.hlspull.yximgs.com/live/zxcvbnm9852.flv
亞洲旅遊頻道,http://37.27.111.214:8080/live/10/hls.m3u8
耀才财经,http://202.69.67.66:443/webcast/bshdlive-mobile/playlist.m3u8
耀才财经,https://v3.mediacast.hk/webcast/bshdlive-pc/playlist.m3u8
音樂欣賞1,http://61.221.215.25:8800/hls/49/index.m3u8
音樂欣賞2,http://61.221.215.25:8800/hls/58/index.m3u8
有线财经信息台,https://epg.pw/stream/0fddc0600d3868b05ad741d46294410aebca0fdc4fada5028dc54e624b7b17ca.m3u8
有线新闻,http://61.10.2.141/live_freedirect/freehd209_h.live/playlist.m3u
有线新闻台,http://cm61-10-2-143.hkcable.com.hk/live_freedirect/freehd209_h.live/playlist.m3u8
中華小當家,http://61.221.215.25:8800/hls/40/index.m3u8
中视,http://37.27.111.214:8080/live/7/hls.m3u8
中视,https://epg.pw/stream/850967cb490cf3c98e20a19b56de0e5a029710949cff71a4132bf059dcf656bc.m3u8
中視,rtmp://f13h.mine.nu/sat/tv091
中視,rtmp://f13h.mine.nu:1935/sat/tv091
中視菁采,http://litv.zapi.us.kg/?id=4gtv-4gtv064
中視經典,http://litv.zapi.us.kg/?id=4gtv-4gtv080
中視閩南,http://aktv.top/AKTV/live/aktv/null-10/AKTV.m3u8
中天新聞,http://aktv.top/AKTV/live/aktv/null-8/AKTV.m3u8
中天亞洲,http://aktv.top/AKTV/live/aktv/null-12/AKTV.m3u8
中天娱乐,http://61.221.215.25:8800/hls/47/index.m3u8
重温经典,http://ali.hlspull.yximgs.com/live/awei_cwjd.flv
重温经典,https://cdn3.163189.xyz/live/cwjd/stream.m3u8
豬哥亮歌廳國,http://37.27.111.214:8080/live/35/hls.m3u8
CGTN,https://0472.org/hls/cgtn.m3u8
CGTN,http://english-livetx.cgtn.com/hls/yypdyyctzb_hd.m3u8
CGTN法语,http://espanol-liveali.cgtn.com/hls/LSveOGBaBw41Ea7ukkVAUdKQ220802LSTexu6xAuFH8VZNBLE1ZNEa220802cd.m3u8
CGTN西语,https://0472.org/hls/cgtnx.m3u8
CGTN阿语,https://0472.org/hls/cgtna.m3u8
中国交通,http://drive.mxmy.net:8888/udp/239.3.1.188:8001
熊猫直播,https://gcwbndali.v.myalicdn.com/gcwbnd/ipanda1000_2/index.m3u8
支持作者,https://vd2.bdstatic.com/mda-sctj0f6r4u1bpebc/1080p/cae_h264/1774706523506678171/mda-sctj0f6r4u1bpebc.mp4
延边卫视,https://srs.iyb983.cn:443/video/CYS/index.m3u8
延边卫视,https://srs.iyb983.cn/video/CYS/index.m3u8
延边卫视,http://l.cztvcloud.com/channels/lantian/SXxinchang2/720p.m3u8
安多卫视,https://liveout.xntv.tv/a65jur/96iln2.m3u8
山东教育,https://test1.live.sdetv.com.cn/live/dianshizhibo/playlist.m3u8
人间卫视,https://5ddce30eb4b55.streamlock.net/bltvhd/bltv1/chunklist_w511254805.m3u8
人间卫视,http://61.216.67.119:1935/bltvhd/bltv1/chunklist_w1266569526.m3u
东方卫视4K,https://bp-resource-dfl.bestv.cn/148/3/video.m3u8
福建海峡卫视,http://38.64.72.148:80/hls/modn/list/4009/playlist.m3u8
福建海峡卫视,http://38.64.72.148/hls/modn/list/4009/playlist.m3u8
福建海峡卫视,http://38.64.72.148:80/hls/modn/list/4009/chunklist0.m3u8
苏州4K,https://tylive.kan0512.com/norecord/csztv4k_4k.m3u8
CHC电影,http://183.237.95.108:9901/tsfile/live/1008_1.m3u8?key=%2A%2A%2A&playlive=0&authid=%2A%2A%2A
东阳影视生活,http://l.cztvcloud.com/channels/lantian/SXdongyang1/720p.m3u8
人在囧途,https://vip.ffzy-play.com/20221018/1953_2d6ba500/index.m3u8
人在囧途之泰囧,https://vip.ffzy-play.com/20221018/1951_47e1adc8/index.m3u8
人在囧途之港囧,https://vip.ffzy-play7.com/20230112/11082_fde1a94d/index.m3u8
倚天屠龙记,https://live.metshop.top/huya/23734246
倩女幽魂人间道,http://jsmov2.a.yximgs.com/bs3/video-hls/5250634317044855747_hlsb.m3u8
倩女幽魂妖魔道,http://jsmov2.a.yximgs.com/bs3/video-hls/5232901391302199073_hlsb.m3u8
倩女幽魂道道道,http://jsmov2.a.yximgs.com/bs3/video-hls/5216294367991385255_hlsb.m3u8
刑事侦缉档案,https://live.metshop.top/huya/29465856
刘德华电影,https://live.metshop.top/huya/11342424
创世纪,https://live.metshop.top/huya/29465852
功夫电影,https://live.metshop.top/huya/11352941
南宁影视娱乐,http://hls.nntv.cn/nnlive/YSYL_244.m3u8
古天乐电影,https://live.metshop.top/huya/29982675
周星驰电影,https://live.metshop.top/huya/11342412
哈尔滨影视,http://stream.hrbtv.net/yspd/sd/live.m3u8?zheild=
大唐双龙传,https://live.metshop.top/huya/29465850
大时代,https://live.metshop.top/huya/23865161
妙手仁心,https://live.metshop.top/huya/29465853
宇宙科幻合集,https://live.metshop.top/huya/11342428
寒战,https://vip.ffzy-play6.com/20221019/157_bf0740ee/index.m3u8
寻秦记,https://live.metshop.top/huya/29465848
强森电影,https://live.metshop.top/huya/21059581
怪兽电影,https://live.metshop.top/huya/21059577
成龙电影,https://live.metshop.top/huya/11342386
我不是药神,https://vip.ffzy-play1.com/20221018/478_c3afed66/index.m3u8
战争电影,https://live.metshop.top/huya/21059574
扫黄先锋,https://live.metshop.top/huya/29465855
拆弹专家1,https://vip.ffzy-online.com/20221015/719_80ff87c2/index.m3u8
拆弹专家2,https://vip.ffzy-online.com/20221015/722_e32c42bc/index.m3u8
无心法师,https://live.metshop.top/huya/30080233
李连杰电影,https://live.metshop.top/huya/11342390
林正英电影,https://live.metshop.top/huya/11342421
枪战电影,https://live.metshop.top/huya/21059579
楚汉骄雄,https://live.metshop.top/huya/29465854
武侠电影,https://live.metshop.top/huya/11342427
沈腾电影,https://live.metshop.top/huya/11601968
法政先锋,https://live.metshop.top/huya/23863804
洗冤录,https://live.metshop.top/huya/29465851
活佛济公3,https://live.metshop.top/huya/23903123
浙江教科影视,https://ali-m-l.cztv.com/channels/lantian/channel004/1080p.m3u8
浙江教科影视,http://ali-vl.cztv.com/channels/lantian/channel004/360p.m3u8
浙江教科影视,http://ali-m-l.cztv.com/channels/lantian/channel04/1080p.m3u8
狄仁杰电影,https://live.metshop.top/huya/30080229
王晶电影,https://live.metshop.top/huya/11602058
电影丧尸片,http://live.metshop.top/huya/21059578?cdn=alicdn
电影八点档,http://live.metshop.top/huya/880261?cdn=alicdn
电影刘德华,http://live.metshop.top/huya/11342424?cdn=alicdn
电影功夫片,http://live.metshop.top/huya/11352941?cdn=alicdn
电影动作电影,http://live.metshop.top/huya/11602077?cdn=alicdn
电影周星星,http://live.metshop.top/huya/11336587?cdn=alicdn
电影喜剧专场,http://live.metshop.top/huya/11602044?cdn=alicdn
电影嫣然影厅,http://live.metshop.top/huya/11601977?cdn=alicdn
电影战争片,http://live.metshop.top/huya/21059574?cdn=alicdn
电影搞笑喜剧,http://live.metshop.top/huya/11342423?cdn=alicdn
电影梁家辉,http://live.metshop.top/huya/11342429?cdn=alicdn
电影犯罪片,http://live.metshop.top/huya/11352974?cdn=alicdn
电影蜘蛛侠,http://live.metshop.top/huya/21059599?cdn=alicdn
电影谍战,http://live.metshop.top/huya/21059585?cdn=alicdn
电影谍战片,http://live.metshop.top/huya/21059587?cdn=alicdn
电影贺岁,http://live.metshop.top/huya/11601971?cdn=alicdn
电影高分动作,http://live.metshop.top/huya/11352884?cdn=alicdn
笑傲江湖,https://live.metshop.top/huya/23865142
西游记2,https://live.metshop.top/huya/29465859
让子弹飞,https://vip.ffzy-play7.com/20230116/11563_b9f44814/index.m3u8
谍战电影,https://live.metshop.top/huya/21059585
贺岁电影,https://live.metshop.top/huya/11601986
野蛮亲家,https://live.metshop.top/huya/23863796
金庸武侠,https://live.metshop.top/huya/11342435
金枝欲孽,https://live.metshop.top/huya/29465847
鉴证实录,https://live.metshop.top/huya/23903183
陀枪师姐,https://live.metshop.top/huya/29465857
韩国电影1,https://stream.ads.ottera.tv/playlist.m3u8?network_id=595
韩国电影2,https://stream.ads.ottera.tv/playlist.m3u8?network_id=743
黄渤电影,https://live.metshop.top/huya/11352876
龙门飞甲,http://jsmov2.a.yximgs.com/bs3/video-hls/5203346449046555193_hlsb.m3u8
南国都市,https://tencentplay.gztv.com/live/nanguodushi.m3u8?txSecret=%2A%2A%2A&txTime=1903e7b17de
四川科教,http://182.150.115.21:8030/pcgacg/pcgacg_0.m3u8
金鹰卡通,http://124.228.160.210:9901/tsfile/live/0011_1.m3u8?key=%2A%2A%2A&playlive=1&authid=%2A%2A%2A
浙江少儿,http://ali-m-l.cztv.com/channels/lantian/channel008/1080p.m3u8
浙江少儿,https://ali-m-l.cztv.com/channels/lantian/channel008/1080p.m3u8
浙江少儿,https://ali-m-l.cztv.com/channels/lantian/channel008/1080p.m3u8
浙江少儿,http://ali-vl.cztv.com/channels/lantian/channel008/360p.m3u8
七龙珠,https://live.metshop.top/huya/11601966
中华小当家,https://live.metshop.top/huya/11342413
海绵宝宝,https://live.metshop.top/douyu/3949681
猫和老鼠,https://live.metshop.top/huya/11352879
福州少儿,http://live.zohi.tv/video/s10001-fztv-4/index.m3u8
韩国EBS少儿,http://ebsonairios.ebs.co.kr/ebsutablet500k/tablet500k/playlist.m3u8
黑龙江少儿,https://ls.qingting.fm/live/4972/64k.m3u8
快乐垂钓,http://drive.mxmy.net:8888/udp/239.3.1.164:8001
七台河新闻综合,http://live.qthnews.org.cn:1935/live/live1/800k/tzwj_video.m3u8
七台河民生社教,http://live.qthnews.org.cn:1935/live/live2/800k/tzwj_video.m3u8
万州三峡移民,http://123.146.162.24:8017/c2F0hmi/1000/live.m3u8
万荣综合,http://60.222.246.220:19433/hls1.m3u8
三明新闻综合,http://ls.qingting.fm/live/4885.m3u8
上海第一财经,https://satellitepull.cnr.cn/live/wx32dycjgb/playlist.m3u8
上虞文化影院,http://l.cztvcloud.com/channels/lantian/SXshangyu2/720p.m3u8
上虞新商都,http://l.cztvcloud.com/channels/lantian/SXshangyu3/720p.m3u8
上虞新闻综合,http://l.cztvcloud.com/channels/lantian/SXshangyu1/720p.m3u8?zzhed=
东丰综合,http://stream3.jlntv.cn:80/aac_dfgb/playlist.m3u8
东莞新闻综合,https://stream.sun0769.com/dgrtv1/mp4tv1_800/index.m3u8
东莞生活资讯,https://stream.sun0769.com/dgrtv1/mp4tv2_800/index.m3u8
中国蓝新闻,http://ali-m-l.cztv.com/channels/lantian/channel009/1080p.m3u8
乐至综合,http://175.155.106.72:89/live1/live1.m3u8?zsicd=
九台综合,http://stream10.jlntv.cn/jiutaitv/sd/live.m3u8
云南娱乐,https://hwapi.yntv.net/62hdvf/q9vs1b.m3u8
云南都市,https://hwapi.yntv.net/62hdvf/rjwt14.m3u8
云和新闻综合,http://l.cztvcloud.com/channels/lantian/SXyunhe1/720p.m3u8?zzhed=
云和新闻综合,http://l.cztvcloud.com/channels/lantian/SXyunhe1/720p.m3u8
云霄综合,https://live.zzyxxw.com:2443/live/xwzh.m3u8
云霄综合,http://live.zzyxxw.com:85/live/xwzh.m3u8
云霄综合,http://live.zzyxxw.com:85/live/xwzh.m3u8?fujian=
云霄综合,http://live.zzyxxw.com:85/live/xwzh.m3u8?fujian%2C=
井研综合,http://tvfile.jyrmt.cn/nmip-media/channellive/channel104452/playlist.m3u8
亳州农村,http://zbbf2.ahbztv.com/live/418.m3u8
亳州农村,http://zbbf2.ahbztv.com/live/418.m3u8?zanhd=
仁寿综合,https://play.scrstv.com.cn/DT/live.m3u8?auth_key=%2A%2A%2A
任丘综合,https://jwcdnqx.hebyun.com.cn/live/rqtv1/1500k/tzwj_video.m3u8
伊犁哈萨克,http://110.153.180.106:55555/out_3/index.m3u8
伊犁哈萨克,http://110.153.180.106:55555/out_3/index.m3u8?zxinjd=
伊犁经济法制,http://110.153.180.106:55555/out_4/index.m3u8
伊犁维吾尔,http://110.153.180.106:55555/out_2/index.m3u8
余姚姚江文化,https://l.cztvcloud.com/channels/lantian/SXyuyao3/720p.m3u8
余姚姚江文化,http://l.cztvcloud.com/channels/lantian/SXyuyao3/720p.m3u8?zzhed=
余姚新闻综合,http://l.cztvcloud.com/channels/lantian/SXyuyao1/720p.m3u8
余姚新闻综合,http://l.cztvcloud.com/channels/lantian/SXyuyao1/720p.m3u8?cWlkPSZzPTg3OWMwYmMyZDMzYTFhZGY3NDQxMjgyYTg1MmUzNTY0JmVzPTE3MDY2Nzc4NzMmdXVpZD0yMjdiY2MzNGNiNGY0MThlYjRiY2IxYzcwNmZjODNkMS02NzQ3NDY2NyZ2PTImYXM9MCZjZG5leF9pZD10eF9waG9uZV9saXZl=
余姚综合,https://l.cztvcloud.com/channels/lantian/SXyuyao1/720p.m3u8
余姚综合,http://l.cztvcloud.com/channels/lantian/SXyuyao1/720p.m3u8?zzhed=
余姚综合,http://l.cztvcloud.com/channels/lantian/SXyuyao1/720p.m3u8
余杭未来E,http://l.cztvcloud.com/channels/lantian/SXyuhang3/720p.m3u8?zzhed=
余杭未来E,http://l.cztvcloud.com/channels/lantian/SXyuhang3/720p.m3u8
余杭综合,http://l.cztvcloud.com/channels/lantian/SXyuhang1/720p.m3u8
余杭综合,http://l.cztvcloud.com/channels/lantian/SXyuhang1/720p.m3u8?zzhed=
六安公共,http://ls.qingting.fm/live/1794199.m3u8
六安新闻综合,http://ls.qingting.fm/live/267.m3u8
兰溪新闻综合,http://l.cztvcloud.com/channels/lantian/SXlanxi1/720p.m3u8
兴隆综合,https://jwcdnqx.hebyun.com.cn/live/xlzh/1500k/tzwj_video.m3u8
兵团五师双河新闻综合,http://liveout.btzx.com.cn/62ds9e/4nxdih.m3u8?fbl=
兵团八师石河子新闻综合,http://124.88.144.73:1935/live/xwzh/playlist.m3u8?zxinjd=
剑阁综合,https://m3u8.channel.dzsm.com/nmip-media/channellive/channel105549/playlist.m3u8
北京新闻,https://satellitepull.cnr.cn/live/wxbjxwgb/playlist.m3u8
南京教科,http://nklive.nbs.cn/hls/75b3c462-b831-4de7-a34b-5d3221db2069/index.m3u8
南京新闻综合,http://nklive.nbs.cn/hls/d511bc9d-a694-4453-b3a2-4fc842cc97a1/index.m3u8
南国都市,http://tencentplay.gztv.com/live/nanguodushi.m3u8?txSecret=%2A%2A%2A&txTime=18d57929bd4
南宁都市生活,http://615bbf179ba53515dccad7b1da5d1ad9.livehwc3.cn/hls.nntv.cn/nnlive/WLSH_24.m3u8?sub_m3u8=true&edge_slice=true&user_session_id=2598844eaee8a4265e706fc14b3fc11d
双辽综合,http://stream3.jlntv.cn:80/aac_slgb/playlist.m3u8
句容党建,http://jrlive.jrntv.com/live/_definst_/dangjians/playlist.m3u8?%E5%85%B3%E6%B3%A8%E5%BE%AE%E4%BF%A1%E5%85%AC%E4%BC%97%E5%8F%B7%5B%E6%99%B4%E5%9B%AD%5D=
句容影院,http://jrlive.jrntv.com/live/_definst_/yingshis/chunklist_w1994429382.m3u8?zjiangsd=
句容生活,http://jrlive.jrntv.com/live/_definst_/shenghuos/playlist.m3u8?%E5%85%B3%E6%B3%A8%E5%BE%AE%E4%BF%A1%E5%85%AC%E4%BC%97%E5%8F%B7%5B%E6%99%B4%E5%9B%AD%5D=
可克达拉综合,http://file.loulannews.cn/nmip-media/channellive/channel103824/playlist.m3u8
吉林乡村,https://satellitepull.cnr.cn/live/wxjlxcgb/playlist.m3u8
名山综合,https://m3u8channel-bx.yunxya.com/nmip-media/channellive/channel104666/playlist.m3u8
哈尔滨娱乐,https://stream.hrbtv.net/ylpd/sd/live.m3u8
哈尔滨娱乐,http://stream.hrbtv.net/ylpd/sd/live.m3u8?zheild=
哈尔滨生活,http://stream.hrbtv.net/shpd/sd/live.m3u8?zheild=
哈尔滨资讯,http://stream.hrbtv.net/zxpd/sd/live.m3u8
哈尔滨都市咨询,http://stream.hrbtv.net/zxpd/sd/live.m3u8?zheild=
嘉兴新闻综合,http://tvfile.jyrmt.cn:80/nmip-media/channellive/channel104452/playlist.m3u8
嘉兴新闻综合,http://live.zohi.tv/video/s10001-fztv-1/index.m3u8
嘉峪关综合,http://play.kankanlive.com/live/1720583434627241.m3u8
固镇新闻,http://www.guzhenm.com:7001/hls/hd-live.m3u8
固镇新闻,http://www.guzhenm.com:7001/hls/hd-live.m3u8?%E5%85%B3%E6%B3%A8%E5%BE%AE%E4%BF%A1%E5%85%AC%E4%BC%97%E5%8F%B7%5B%E6%99%B4%E5%9B%AD%5D=
大宁综合,http://live.daningtv.com/aac_dngb/playlist.m3u8
天祝综合,https://play.kankanlive.com/live/1656487214793905.m3u8
太谷新闻综合,https://p2.vzan.com/slowlive/596867413819827251/live.m3u8?zbid=1725814272&tpid=1516989100&type=0
太谷新闻综合,https://p2.vzan.com/slowlive/596867413819827251/live.m3u8?zbid=1725814272&amp%3Bamp%3Btpid=1516989100&amp%3Bamp%3Btype=0
夹江新闻综合,http://tvfile.jjrm.org.cn/nmip-media/channellive/channel106282/playlist.m3u8?zsicd=
奎屯哈萨克语,http://218.84.12.186:8002/hls/main/playlist.m3u8?zxinjd=
安徽导视,http://dspdhls.appcoo.com:8888/live/dspd/index.m3u8
定襄综合,http://lbyzztfe.live.sxmty.com/live/hls/645ff4c60e0a49f0a203abbd73dd8be9/0720e665f10f48e98c9639f4f492fb4a-1.m3u8?zshanxd=
宿州新闻综合,http://live.ahsz.tv/video/s10001-szzh/index.m3u8
山东生活,http://ls.qingting.fm/live/60260.m3u8
嵊州新闻综合,http://l.cztvcloud.com/channels/lantian/SXshengzhou1/720p.m3u8?zzhed=#http://l.cztvcloud.com/channels/lantian/SXshengzhou1/720p.m3u8
嵊泗综合,http://l.cztvcloud.com/channels/lantian/SXshengsi1/720p.m3u8
嵊泗综合,http://l.cztvcloud.com/channels/lantian/SXshengzhou1/720p.m3u8?zzhed=
常熟民生,http://3gvod.zjgonline.com.cn:1935/live/_definst_/shehuishenghuo_app/chunklist.m3u8
平泉综合,https://jwcdnqx.hebyun.com.cn/live/pqzh/1500k/tzwj_video.m3u8
平湖新闻综合,http://l.cztvcloud.com/channels/lantian/SXpinghu1/720p.m3u8?zzhed=
平湖民生休闲,http://l.cztvcloud.com/channels/lantian/SXpinghu2/720p.m3u8
平湖民生休闲,http://l.cztvcloud.com/channels/lantian/SXpinghu2/720p.m3u8?zzhed=
平遥新闻综合,https://tntgjhjb.live.sxmty.com/live/hls/3a4585ac11ec4e1bb07b419101b370c3/baf63e2b313440c2a25d7859f9b73b05-1.m3u8?zshanxd=
广元公共,https://m3u8.channel.dzsm.com/nmip-media/channellive/channel101257/playlist.m3u8
广元综合,https://m3u8.channel.dzsm.com/nmip-media/channellive/channel100999/playlist.m3u8
广安公共,http://live1.gatv.com.cn:85/live/GGPD.m3u8
广安公共,http://live1.gatv.com.cn:85/live/GGPD_ggpdzm.m3u8
广安公共,http://live1.gatv.com.cn:85/live/GGPD_ggpdzm.m3u8?zsicd=
广州新闻,http://tencentplay.gztv.com/live/xinwen.m3u8?txSecret=%2A%2A%2A&txTime=18d57929bd3
广德生活,https://live.gdtv.ah.cn/live/newsTV.m3u8
广西国际,https://hlscdn.liangtv.cn/live/0234c48e0bc24fe1b41b9999a253e581/1075ee38e04f490690f6a36a16e09c79.m3u8
庆元新闻综合,http://l.cztvcloud.com/channels/lantian/SXqingyuan1/720p.m3u8?fbl=
庆元综合,http://l.cztvcloud.com/channels/lantian/SXqingyuan1/720p.m3u8
庆元综合,http://l.cztvcloud.com/channels/lantian/SXqingyuan1/720p.m3u8?zzhed%3F=
延边2,http://stream5.jlntv.cn/wq/playlist.m3u8
开化国家公园,http://l.cztvcloud.com/channels/lantian/SXkaihua2/720p.m3u8
开化国家公园,http://l.cztvcloud.com/channels/lantian/SXkaihua2/720p.m3u8?zzhed=#http://l.cztvcloud.com/channels/lantian/SXkaihua2/720p.m3u8zzhed#http://l.cztvcloud.com/channels/lantian/SXkaihua2/720p.m3u8
开化国家公园,http://l.cztvcloud.com/channels/lantian/SXkaihua2/720p.m3u8?zzhed=
开化国家公园,http://l.cztvcloud.com/channels/lantian/SXkaihua2/720p.m3u8zzhed
开化新闻综合,http://l.cztvcloud.com/channels/lantian/SXkaihua1/720p.m3u8?zzhed=
张掖新闻综合,https://play.kankanlive.com/live/1720583434627241.m3u8
德惠综合,http://stream11.jlntv.cn/dehuitv/sd/live.m3u8
怀仁综合,https://1yp7hc5p.live.sxmty.com/live/hls/bff8529922344209985b6e49baa9555a/efa2543628fc4a7ea93d3d6c975f77dc-1.m3u8
敦化一套,http://stream8.jlntv.cn/dhtv/playlist.m3u8
文成新闻综合,http://l.cztvcloud.com/channels/lantian/SXwencheng1/720p.m3u8
文成综合,http://l.cztvcloud.com/channels/lantian/SXwencheng1/720p.m3u8?zzhed=
文成综合,http://l.cztvcloud.com/channels/lantian/SXwencheng1/720p.m3u8?zzhed%3F=
新昌新闻综合,https://l.cztvcloud.com/channels/lantian/SXxinchang1/720p.m3u8
新昌生活,http://l.cztvcloud.com/channels/lantian/SXxinchang2/720p.m3u8
新沂新闻,http://live.xysrmt.cn/xwzh/sd/live.m3u8?zjiangsd%22=
新沂生活,http://live.xysrmt.cn/shpd/sd/live.m3u8?zjiangsd=
新野综合,http://tvpull.dxhmt.cn:9081/tv/11329-1.m3u8
新野综合,http://tvpull.dxhmt.cn:9081/tv/11329-1.m3u8?zhend=
新野综合,http://tvpull.dxhmt.cn:9081/tv/11329-1.m3u8?zhend%3F=
新闻综合,https://m3u8channel.yunxya.com/nmip-media/channellive/channel100028/playlist.m3u8
无锡娱乐,https://stream.thmz.com/wxtv2/playlist.m3u8
无锡娱乐,http://stream.thmz.com/wxtv2/sd/live.m3u8
无锡娱乐,http://stream.thmz.com/wxtv2/playlist.m3u8?_upt=5ff4061f1706166872
无锡娱乐,http://stream.thmz.com/wxtv2/sd/live.m3u8?_upt=acffe97a1704940314
无锡娱乐,http://stream.thmz.com/wxtv2/sd/live.m3u8?_upt=978cd8731706199708
无锡新闻综合,http://stream.thmz.com/wxtv1/sd/live.m3u8
无锡新闻综合,http://stream.thmz.com/wxtv1/playlist.m3u8
无锡新闻综合,http://stream.thmz.com/wxtv1/sd/live.m3u8?zjiangsd=#http://stream.thmz.com/wxtv1/playlist.m3u8?_upt=156143371706166361#http://stream.thmz.com/wxtv1/sd/live.m3u8?_upt=4ba3ab191698644028#http://stream.thmz.com/wxtv1/playlist.m3u8
无锡新闻综合,http://stream.thmz.com/wxtv1/sd/live.m3u8?_upt=4ba3ab191698644028
无锡新闻综合,http://stream.thmz.com/wxtv1/playlist.m3u8?_upt=156143371706166361
无锡生活,https://stream.thmz.com/wxtv4/playlist.m3u8
无锡生活,http://stream.thmz.com/wxtv4/sd/live.m3u8
无锡生活,http://stream.thmz.com/wxtv4/sd/live.m3u8?_upt=978cd8731706199708
无锡生活,http://stream.thmz.com/wxtv4/playlist.m3u8?_upt=8c51357c1707362770
无锡经济,https://stream.thmz.com/wxtv5/playlist.m3u8
无锡经济,http://stream.thmz.com/wxtv5/playlist.m3u8
无锡经济,http://stream.thmz.com/wxtv5/playlist.m3u8?_upt=10155d141706166867
无锡经济,http://stream.thmz.com/wxtv5/sd/live.m3u8?zjiangsd=
无锡经济,http://stream.thmz.com/wxtv5/sd/live.m3u8?_upt=cfacd5221704890772
无锡都市资讯,http://stream.thmz.com/wxtv3/playlist.m3u8
无锡都市资讯,http://stream.thmz.com/wxtv3/sd/live.m3u8
无锡都市资讯,http://stream.thmz.com/wxtv3/sd/live.m3u8?_upt=978cd8731706199708
无锡都市资讯,http://stream.thmz.com/wxtv3/playlist.m3u8?_upt=1758133b1706166861
无锡都市资讯,http://stream.thmz.com/wxtv3/sd/live.m3u8?zjiangsd=#http://stream.thmz.com/wxtv3/sd/live.m3u8?_upt=978cd8731706199708#http://stream.thmz.com/wxtv3/playlist.m3u8#http://stream.thmz.com/wxtv3/playlist.m3u8?_upt=1758133b1706166861
旺苍新闻综合,http://channel.wcrmt.cn:80/nmip-media/channellive/channel105268/playlist.m3u8
旺苍新闻综合,http://live.spccmc.com:90/live/spxwzh.m3u8?%E5%85%B3%E6%B3%A8%E5%BE%AE%E4%BF%A1%E5%85%AC%E4%BC%97%E5%8F%B7%5B%E6%99%B4%E5%9B%AD%5D=
昌黎综合,https://jwcdnqx.hebyun.com.cn/live/clzhpd/1500k/tzwj_video.m3u8
易门综合,https://zb-live.ynurl.com/yimen/3b75a2f9-7941-46b7-992d-a9796fbca5fe.m3u8
普陀电视台,https://l.cztvcloud.com/channels/lantian/SXputuo1/720p.m3u8
普陀电视台,http://l.cztvcloud.com/channels/lantian/SXputuo1/720p.m3u8
朝天综合,https://m3u8.channel.dzsm.com/nmip-media/channellive/channel104601/playlist.m3u8
来宾综合,http://zb.gxlbamc.com:1935/live/lbzh.stream/playlist.m3u8
松潘新闻综合,http://live.spccmc.com:90/live/spxwzh.m3u8
松潘新闻综合,http://live.spccmc.com:90/live/spxwzh.m3u8?zsicd=
松阳综合,http://l.cztvcloud.com/channels/lantian/SXsongyang1/720p.m3u8
松阳综合,http://l.cztvcloud.com/channels/lantian/SXsongyang1/720p.m3u8?zzhed%3F=
柳河综合,http://stream3.jlntv.cn:80/aac_lhgb/sd/live.m3u8
桦甸综合,http://stream9.jlntv.cn:80/aac_huadiangb/playlist.m3u8
梅河口综合,http://stream3.jlntv.cn:80/aac_mhkgb/playlist.m3u8
梨园,https://dxtx.hntv.tv/live/lypd.m3u8?txSecret=%2A%2A%2A&txTime=7B923E0A&wsSecret=%2A%2A%2A&wsTime=1769313549
武义新闻综合,http://l.cztvcloud.com/channels/lantian/SXwuyi1/720p.m3u8
武义新闻综合,http://l.cztvcloud.com/channels/lantian/SXwuyi1/720p.m3u8?zzhed=
武汉一台新闻综合,https://ls.qingting.fm/live/20198/64k.m3u8
武进新闻,https://live.wjyanghu.com/live/CH1.m3u8
武进生活,http://live.wjyanghu.com/live/CH2.m3u8
永嘉新闻综合,http://l.cztvcloud.com/channels/lantian/SXyongjia1/720p.m3u8
永城综合,http://tvpull.dxhmt.cn:9081/tv/11481-1.m3u8
永昌综合,https://play.kankanlive.com/live/1652755738635915.m3u8
江夏新闻综合,http://59.175.226.142:280/gb28181/xwzh.m3u8?zhubd=
汪清综合,http://stream5.jlntv.cn/wq/sd/live.m3u8
汶川新闻综合,http://live.iwcmt.cn:90/live/zhxw.m3u8
汶川新闻综合,http://live.iwcmt.cn:90/live/zhxw.m3u8?zsicd=
汶川新闻综合,http://file.ysxtv.cn/cms/videos/nmip-media/channellive/channel4/playlist.m3u8?zsicd=#rtmp://tv.mcrm.org.cn:1935/channellive/tv01
汾西综合,https://qmmqvzoz.live.sxmty.com/live/hls/f24f8a390c084386a564074c9260100c/be3fdf07606145739ab2c4b80fe0136a.m3u8?zshanxd=
沐川综合,http://file.ysxtv.cn/cms/videos/nmip-media/channellive/channel4/playlist.m3u8?zsicd=
河北农民,https://ls.qingting.fm/live/1650/64k.m3u8
河北农民,http://ls.qingting.fm/live/1650.m3u8
河北农民,https://jwcdnqx.hebyun.com.cn/live/clzhpd/1500k/tzwj_video.m3u8?zhebd=
河北都市,https://radio.pull.hebtv.com/live/hebnczx.m3u8
河源公共,http://tmpstream.hyrtv.cn/hygg/sd/live.m3u8
河源综合,http://tmpstream.hyrtv.cn/xwzh/sd/live.m3u8
泗洪新闻综合,http://live1.habctv.com/ggpdsl/sd/live.m3u8?zjiangsd=#http://live1.habctv.com/ggpdsl/sd/live.m3u8
泸县新闻综合,http://lxfile.lxxcb.cn:80/nmip-media/channellive/channel103799/playlist.m3u8
泸县新闻综合,https://m3u8channel.ganzitv.com/nmip-media/channellive/channel1/playlist.m3u8
泸县新闻综合,http://lxfile.lxxcb.cn/nmip-media/channellive/channel103799/playlist.m3u8
泸县新闻综合,http://lxfile.lxxcb.cn/nmip-media/channellive/channel103799/playlist.m3u8?zsicd=
洞头综合,http://l.cztvcloud.com/channels/lantian/SXdongtou1/720p.m3u8
洞头综合,http://l.cztvcloud.com/channels/lantian/SXdongtou1/720p.m3u8?zzhed%3F=
津南一套,http://play.jinnantv.top/live/JNTV1.m3u8?ztianjd=
浙江休闲台,http://ali-m-l.cztv.com/channels/lantian/channel006/720p.m3u8
浙江公共新闻,http://ali-m-l.cztv.com/channels/lantian/channel07/1080p.m3u8
浙江公共新闻,http://ali-m-l.cztv.com/channels/lantian/channel007/1080p.m3u8
浙江国际,http://ali-m-l.cztv.com/channels/lantian/channel010/720p.m3u8
浙江国际,https://ali-m-l.cztv.com/channels/lantian/channel010/1080p.m3u8
浙江国际,http://ali-vl.cztv.com/channels/lantian/channel010/360p.m3u8
浙江国际,http://ali-m-l.cztv.com/channels/lantian/channel010/1080p.m3u8
浙江国际,https://ali-m-l.cztv.com/channels/lantian/channel010/1080p.m3u8
浙江教科,http://ali-m-l.cztv.com/channels/lantian/channel004/1080p.m3u8
浙江教育,http://ali-m-l.cztv.com/channels/lantian/channel04/720p.m3u8
浙江数码时代,http://ali-m-l.cztv.com/channels/lantian/channel12/720p.m3u8
浙江数码时代,http://ali-m-l.cztv.com/channels/lantian/channel12/720p.m3u8?zzhed=
浙江新闻,https://ali-m-l.cztv.com/channels/lantian/channel007/1080p.m3u8
浙江新闻,https://ali-m-l.cztv.com/channels/lantian/channel007/1080p.m3u8
浙江新闻,http://ali-m-l.cztv.com/channels/lantian/channel07/720p.m3u8
浙江新闻,http://ali-vl.cztv.com/channels/lantian/channel007/360p.m3u8
浙江新闻,http://ali-m-l.cztv.com/channels/lantian/channel007/720p.m3u8
浙江民生,http://ali-m-l.cztv.com/channels/lantian/channel006/1080p.m3u8
浙江民生,http://ali-m-l.cztv.com/channels/lantian/channel06/1080p.m3u8
浙江民生,https://ali-m-l.cztv.com/channels/lantian/channel006/1080p.m3u8
浙江民生,http://ali-m-l.cztv.com/channels/lantian/channel06/720p.m3u8
浙江民生休闲,https://ali-m-l.cztv.com/channels/lantian/channel006/1080p.m3u8
浙江民生休闲,http://ali-vl.cztv.com/channels/lantian/channel006/360p.m3u8
浙江生活,http://ls.qingting.fm/live/1099.m3u8
浙江留学,http://ali-vl.cztv.com/channels/lantian/channel009/360p.m3u8
浙江经济,http://ali-m-l.cztv.com/channels/lantian/channel003/1080p.m3u8
浙江经济,http://ali-m-l.cztv.com/channels/lantian/channel03/720p.m3u8
浙江经济,https://ali-m-l.cztv.com/channels/lantian/channel003/1080p.m3u8
浙江经济生活,https://ali-m-l.cztv.com/channels/lantian/channel003/1080p.m3u8
浙江经济生活,http://ali-m-l.cztv.com/channels/lantian/channel03/1080p.m3u8#https://ali-m-l.cztv.com/channels/lantian/channel003/1080p.m3u8#http://ali-m-l.cztv.com/channels/lantian/channel003/1080p.m3u8
浙江经济生活,http://ali-vl.cztv.com/channels/lantian/channel003/360p.m3u8
浙江经济生活,http://ali-m-l.cztv.com/channels/lantian/channel03/1080p.m3u8
浙江经视,http://ali-m-l.cztv.com/channels/lantian/channel003/720p.m3u8
浙江遂昌,http://l.cztvcloud.com/channels/lantian/SXsuichang1/720p.m3u8
浙江钱江,http://l.cztvcloud.com/channels/lantian/SXyuyao2/720p.m3u8
浙江钱江,https://ali-m-l.cztv.com/channels/lantian/channel002/1080p.m3u8
浙江钱江都市,http://ali-xwl.cztv.com/live/channel02720Plxw.m3u8
浙江钱江都市,http://ali-xwl.cztv.com/live/channel021080Plxw.m3u8
浙江钱江频道,http://ali-m-l.cztv.com/channels/lantian/channel02/1080p.m3u8
海南新闻,http://ls.qingting.fm/live/1861.m3u8
海宁新闻综合,https://p2hs.vzan.com/slowlive/317913155078575177/live.m3u8
涟水电视台综合,http://live1.habctv.com/ggpdsl/sd/live.m3u8
涟水电视台综合,http://live1.habctv.com/ggpdsl/sd/live.m3u8?zjiangsd=
淮安影院娱乐,http://live1.habctv.com/ysylsl/sd/live.m3u8
淮安影院娱乐,http://live1.habctv.com/ysylsl/sd/live.m3u8?zjiangsd=
清河经济综艺,https://jwcdnqx.hebyun.com.cn/live/qinghe1/1500k/tzwj_video.m3u8
渭源新闻,http://play.kankanlive.com/live/1720408280309109.m3u8
湖州公共民生,http://hzcm-live.media.hugd.com/1e6b554b9ab74513958c0e1ffe664d22/9acaa7634309494cb29a85eb12136607.m3u8?auth_key=%2A%2A%2A
湖州文化娱乐,http://hzcm-live.media.hugd.com/613c47f0ab0d4eaa98b21378d0db6ded/0051d31c9dd543a7825eea4e49675b2a.m3u8?auth_key=%2A%2A%2A
湖州新闻综合,http://hzcm-live.media.hugd.com/3f5fa7d64c7c46a38c6bd8ad35e836cc/65128273761b4731ae53729ea6dcf932.m3u8?auth_key=%2A%2A%2A
滦平新闻,http://jwplay.hebyun.com.cn/live/LPTV001/1500k/tzwj_video.m3u8
滨海新闻综合,http://traffic.jbh.tjbh.com/live/bhtv10/playlist.m3u8
灌阳新闻综合,https://ls.qingting.fm/live/5043/64k.m3u8
烟台公共,http://live.yantaitv.cn/live/e50f104a4ffe4a41b2217cbda534146f/d86092e69df94668b33390278b061700-1.m3u8
烟台新闻综合,http://live.yantaitv.cn/live/3e81a8879da44c5dadf3bd9c10468e1c/9b776d420ee4438199b7657c8eb88f07-1.m3u8
烟台经济科技,http://live.yantaitv.cn/live/27f84144e95a4652ae9e5c211b2a6b55/405f3e33ba384aa0a16014d0becd1261-1.m3u8
玛纳斯综合,http://218.84.127.245:1026/hls/main1/playlist.m3u8?zxinjd%2C=
璧山综合,http://222.179.42.129:8181/hls1.m3u8
甘南县综合,https://stream.hrbtv.net/zxpd/sd/live.m3u8
甘孜综合,http://tv.drs.ganzitv.com:8100/channellive/gztv.flv
甘肃经济,https://satellitepull.cnr.cn/live/wxgshhzs/playlist.m3u8
甘肃都市,https://satellitepull.cnr.cn/live/wxgsdstb/playlist.m3u8
白银综合,http://play.kankanlive.com/live/1720408089419110.m3u8
磐石综合,http://stream3.jlntv.cn:80/aac_psgb/sd/live.m3u8
祁门综合,http://zbbf2.ahbztv.com/live/416.m3u8?zanhd=
福州生活,http://live.zohi.tv:80/video/s10001-fztv-3/index.m3u8
福建公共,https://live.264788.xyz/channel/fujianxiangcungonggong?streamid=1cf7fc3a8f6d160c33b43c2f9507a0cc&livekey=01WgOR41rriMmMkzNsd0UoaxJRwetZdxIvtVk
福建新闻,http://satellitepull.cnr.cn/live/wx32fjxwgb/playlist.m3u8
福建旅游,https://live.264788.xyz/channel/fujianlvyou?streamid=8f26765ebf367079cef58c6b7752da1e&livekey=01WgOR41rriMmMkzNsd0UoaxJRwetZdxIvtVk
福建旅游,https://live.264788.xyz/channel/fujianlvyou?streamid=599c11c8b284751261b165f4d5765b36&livekey=01WgOR41rriMmMkzNsd0UoaxJRwetZdxIvtVk
福建旅游,https://live.264788.xyz/channel/fujianlvyou?streamid=221239fcf3c7edb274f2f0760fe47f96&livekey=01WgOR41rriMmMkzNsd0UoaxJRwetZdxIvtVk
福建旅游,https://live.264788.xyz/channel/fujianlvyou?streamid=fc58882de71ce4575b66002f2475226b&livekey=01WgOR41rriMmMkzNsd0UoaxJRwetZdxIvtVk
福建经济,http://satellitepull.cnr.cn/live/wx32fjdnjjgb/playlist.m3u8
第一财经,http://satellitepull.cnr.cn/live/wx32dycjgb/playlist.m3u8
绍兴公共,http://live.shaoxing.com.cn/video/s10001-sxtv2/index.m3u8
绍兴电视台公共,http://live.shaoxing.com.cn/video/s10001-sxtv2/index.m3u8?%E5%85%B3%E6%B3%A8%E5%BE%AE%E4%BF%A1%E5%85%AC%E4%BC%97%E5%8F%B7%5B%E6%99%B4%E5%9B%AD%5D=
缙云新闻综合,http://l.cztvcloud.com/channels/lantian/SXjinyun1/720p.m3u8
缙云综合,http://l.cztvcloud.com/channels/lantian/SXjinyun1/720p.m3u8?zzhed%3F=
缙云综合,http://l.cztvcloud.com/channels/lantian/SXjinyun1/720p.m3u8?zzhed=
舒兰新闻综合,http://stream8.jlntv.cn/shulan/sd/live.m3u8?_upt=332db6421699196585
苍南新闻综合,https://l.cztvcloud.com/channels/lantian/SXcangnan1/720p.m3u8
苏州文化生活,https://live-auth.51kandianshi.com/szgd/csztv3.m3u8
苏州新闻综合,https://live-auth.51kandianshi.com/szgd/csztv1.m3u8
苏州生活资讯,https://live-auth.51kandianshi.com/szgd/csztv5.m3u8
苏州社会经济,https://live-auth.51kandianshi.com/szgd/csztv2.m3u8
荆门新闻综合,http://stream.jmtv.com.cn/xwzh/sd/live.m3u8
荆门新闻综合,https://stream.jmtv.com.cn/xwzh/playlist.m3u8?_upt=3e28e7271664278691
荥经综合,https://m3u8channel-yj.yunxya.com/nmip-media/channellive/channel101140/playlist.m3u8
荥阳综合,http://tvpull.dxhmt.cn:9081/tv/10182-1.m3u8?zhend=
荥阳综合,http://tvpull.dxhmt.cn:9081/tv/10182-1.m3u8?wsSecret=%2A%2A%2A&wsTime=1654956569
荥阳综合,http://tvpull.dxhmt.cn:9081/tv/10182-1.m3u8
营山电视台,http://file.ysxtv.cn/cms/videos/nmip-media/channellive/channel4/playlist.m3u8?zsicd=#http://file.ysxtv.cn/cms/videos/nmip-media/channellive/channel4/playlist.m3u8
萧山新闻综合,https://l.cztvcloud.com/channels/lantian/SXxiaoshan1/720p.m3u8
萧山生活,https://l.cztvcloud.com/channels/lantian/SXxiaoshan2/720p.m3u8
萧山生活,http://l.cztvcloud.com/channels/lantian/SXxiaoshan2/720p.m3u8
萧山生活,http://l.cztvcloud.com/channels/lantian/SXxiaoshan2/720p.m3u8?zzhed%3F=
萧山生活,http://l.cztvcloud.com/channels/lantian/SXxiaoshan2/720p.m3u8?zzhed=
萧山综合,http://l.cztvcloud.com/channels/lantian/SXxiaoshan1/720p.m3u8
衡水公共,http://ls.qingting.fm/live/2810.m3u8
衡阳新闻综合,https://liveplay-srs.voc.com.cn/hls/tv/183_554704.m3u8
衢江新闻综合,http://l.cztvcloud.com/channels/lantian/SXqujiang1/720p.m3u8?zzhed=
西宁新闻综合,https://liveout.xntv.tv/a65jur/96iln2.m3u8?zqinghd=
西安新闻,http://112.46.105.20:8009/hls/28/index.m3u8
西安都市,http://112.46.105.20:8009/hls/29/index.m3u8
西峰综合,https://play.kankanlive.com/live/1683944827526991.m3u8
诸暨新闻综合,https://l.cztvcloud.com/channels/lantian/SXzhuji3/720p.m3u8
诸暨新闻综合,http://l.cztvcloud.com/channels/lantian/SXzhuji3/720p.m3u8?zzhed=
象山新闻综合,http://l.cztvcloud.com/channels/lantian/SXxiangshan1/720p.m3u8
象山综合,http://play-sh13.quklive.com/live/1702360350551252.m3u8?auth_key=%2A%2A%2A
辉南新闻综合,http://stream5.jlntv.cn/hn/sd/live.m3u8
辽宁都市,https://ls.qingting.fm/live/1099/64k.m3u8
通化县综合,http://stream3.jlntv.cn:80/aac_thxgb/playlist.m3u8
遂昌综合,http://l.cztvcloud.com/channels/lantian/SXsuichang1/720p.m3u8?zzhed=
邢台生活,https://jwcdnqx.hebyun.com.cn/live/xtcsshpd/1500k/tzwj_video.m3u8
邢台综合,https://jwplay.hebyun.com.cn:443/live/xtsrmtzs/1500k/tzwj_video.m3u8
邢台综合,http://jwplay.hebyun.com.cn/live/xtsrmtzs/1500k/tzwj_video.m3u8
邯郸公共频道,https://jwcdnqx.hebyun.com.cn/live/hdgg/1500k/tzwj_video.m3u8
邯郸新闻,https://jwcdnqx.hebyun.com.cn/live/hdxwzh/1500k/tzwj_video.m3u8
邯郸科技教育,https://jwcdnqx.hebyun.com.cn/live/hdkj/1500k/tzwj_video.m3u8
都市剧场,https://satellitepull.cnr.cn/live/wxcqxwgb/playlist.m3u8
钱江都市,https://ali-m-l.cztv.com/channels/lantian/channel002/1080p.m3u8
铜梁综合,http://183.64.174.171:40123/ch1.m3u8?zzhongqd=
铜陵新闻综合,https://ls.qingting.fm/live/21303/64k.m3u8
镇江二套社会民生,http://zjtv-wshls.homecdn.com/live/2aa16.m3u8
镇江新闻综合,http://cm-wshls.homecdn.com/live/2aa50.m3u8
长子综合,https://www.wxhcgbds.com:8081/channelTv/WXTV_1.m3u8?zshanxd=
长影频道,http://tpc.x3322.net:9901/tsfile/live/1010_1.m3u8
长沙新闻综合,http://ls.qingting.fm/live/4877.m3u8
长白山电视台,http://stream8.jlntv.cn/cbstv/sd/live.m3u8?zjild=
长白朝语,http://hplayer1.juyun.tv:80/camera/11344136.m3u8
陕西公共,http://ls.qingting.fm/live/1222.m3u8
陕西新闻咨询,http://112.46.105.20:8009/hls/18/index.m3u8
陕西秦腔,http://112.46.105.20:8009/hls/22/index.m3u8
陕西都市青春,http://112.46.105.20:8009/hls/19/index.m3u8
陕西银龄,http://112.46.105.20:8009/hls/20/index.m3u8
雅安新闻综合,https://play.yunxya.com/channellive/xinwen.m3u8
青川综合,http://qcfile.qcrmt.com/nmip-media/channellive/channel100933/playlist.m3u8
青田电视台,http://l.cztvcloud.com/channels/lantian/SXqingtian1/720p.m3u8
靖宇综合,http://stream9.jlntv.cn:80/aac_jygb/playlist.m3u8
靖江新闻综合,http://ls.qingting.fm/live/23797.m3u8
黄山公共生活,http://hslive.hsnewsnet.com/lsdream/iY92ady/1000/live.m3u8?zanhd=
黄山新闻综合,http://hslive.hsnewsnet.com/lsdream/hve9Wjs/1000/live.m3u8?zanhd=
黑龙江文体,https://idclive.hljtv.com:4430/live/hljwy_hd.m3u8
黑龙江新闻,https://ls.qingting.fm/live/4974/64k.m3u8
黑龙江都市,https://idclive.hljtv.com:4430/live/dushi_hd.m3u8
龙井综合,http://stream9.jlntv.cn:80/aac_longjinggb/playlist.m3u8
龙泉新闻综合,http://l.cztvcloud.com/channels/lantian/SXlongquan1/720p.m3u8
龙游新闻综合,https://l.cztvcloud.com/channels/lantian/SXlongyou1/720p.m3u8
龙游新闻综合,http://l.cztvcloud.com/channels/lantian/SXlongyou1/720p.m3u8?zzhed=
龙游生活娱乐,https://l.cztvcloud.com/channels/lantian/SXlongyou2/720p.m3u8
龙游生活娱乐,http://l.cztvcloud.com/channels/lantian/SXlongyou2/720p.m3u8?zzhed=
CGTN纪录,https://english-livetx.cgtn.com/hls/yypdjlctzb_hd.m3u8
CGTN纪录,https://0472.org/hls/cgtnd.m3u8
航拍中国第二季,http://newcntv.qcloudcdn.com/asp/hls/4000/0303000a/3/default/2bdfdad540b342f592f9817cb7f3b79a/4000.m3u8
东丰,http://stream5.jlntv.cn/df/sd/live.m3u8?zjild=
中国村庄,http://newcntv.qcloudcdn.com/asp/hls/4000/0303000a/3/default/93fc12dbf14241c18c23da104fbade23/4000.m3u8
之江纪录,https://ali-m-l.cztv.com/channels/lantian/channel012/1080p.m3u8
之江纪录,http://ali-m-l.cztv.com/channels/lantian/channel012/1080p.m3u8
之江纪录,https://ali-m-l.cztv.com/channels/lantian/channel12/720p.m3u8
九台,http://stream10.jlntv.cn/jiutaitv/sd/live.m3u8?zjild=
人与自然,http://newcntv.qcloudcdn.com/asp/hls/1200/0303000a/3/default/1425e1d505654cb48ba82b807b221193/1200.m3u8
伊犁经济法制,http://110.153.180.106:55555/out_4/index.m3u8?zxinjd=
伊犁维吾尔,http://110.153.180.106:55555/out_2/index.m3u8?zxinjd=
兵团五师双河影,https://liveout.btzx.com.cn/62ds9e/6o77s4.m3u8?zxinjd=
双辽,http://stream5.jlntv.cn/sl/sd/live.m3u8?zjild=
地理中国,http://newcntv.qcloudcdn.com/asp/hls/1200/0303000a/3/default/c6baf6f74bb944aeacee1065ea72c798/1200.m3u8
奎屯汉语,http://218.84.12.186:8001/hls/main/playlist.m3u8?zxinjd=
敦化一套,http://stream8.jlntv.cn/dhtv/playlist.m3u8?zjild=
柳河,http://stream5.jlntv.cn/lh/sd/live.m3u8?zjild=
桦甸,http://stream10.jlntv.cn/huadian/sd/live.m3u8?zjild=
江津新闻,http://222.179.155.21:1935/ch1.m3u8?zzhongqd=
汪清,http://stream5.jlntv.cn/wq/sd/live.m3u8?zjild=
玛纳斯,http://218.84.127.245:1026/hls/main1/playlist.m3u8?zxinjd=
珲春新闻,http://stream8.jlntv.cn/hctv/sd/live.m3u8?zjild=
白山公共,http://stream8.jlntv.cn/baishan2/playlist.m3u8?zjild=
磐石,http://stream5.jlntv.cn/ps/sd/live.m3u8?zjild=
舒兰新闻,http://stream8.jlntv.cn/shulan/sd/live.m3u8?zjild=
辉南新闻,http://stream5.jlntv.cn/hn/sd/live.m3u8?zjild=
通化县,http://stream5.jlntv.cn/thx/sd/live.m3u8?zjild=
靖宇,http://stream8.jlntv.cn/jytv/sd/live.m3u8?zjild=
飞碟之谜01,https://hls.cntv.lxdns.com/asp/hls/2000/0303000a/3/default/f0a47e155d32450daa1d36a04fd7d262/2000.m3u8
飞碟之谜02,https://newcntv.qcloudcdn.com/asp/hls/2000/0303000a/3/default/d2454bbb542d4613a9db478dab2addfd/2000.m3u8
龙井,http://stream8.jlntv.cn/ljtv/sd/live.m3u8?zjild=
笑看风云,https://live.metshop.top/huya/29465858
AMC音乐,https://amchls.wns.live/hls/stream.m3u8
音乐欣赏,http://61.221.215.25:8800/hls/49/index.m3u8
音乐现场,https://satellitepull.cnr.cn/live/wx32nmgyygb/playlist.m3u8
1987年春晚,https://txmov2.a.kwimgs.com/bs3/video-hls/5195746663405928031_hlsb.m3u8
1988年春晚,https://txmov2.a.kwimgs.com/bs3/video-hls/5216575810935394655_hlsb.m3u8
1989年春晚,https://txmov2.a.kwimgs.com/bs3/video-hls/5194620763762726260_hlsb.m3u8
1993年春晚,https://alimov2.a.kwimgs.com/upic/2023/01/13/22/BMjAyMzAxMTMyMjEwMDNfNDAzMDAxOTlfOTM1MTIzMzYwODJfMF8z_b_B647d10e431b4cc5e48e6c77347d69021.mp4
1994年春晚,https://alimov2.a.kwimgs.com/upic/2023/01/13/22/BMjAyMzAxMTMyMjEwMDNfNDAzMDAxOTlfOTM1MTIzMzYxMjNfMF8z_b_B3dde97f36273f04403d4dc5eec611a35.mp4
1995年春晚,https://alimov2.a.kwimgs.com/upic/2023/01/13/20/BMjAyMzAxMTMyMDA5MjJfNDAzMDAxOTlfOTM0OTkwNDQwNzVfMF8z_b_B811c0dec6b9a3d3074a18522c185010a.mp4
1996年春晚,https://alimov2.a.kwimgs.com/upic/2023/01/13/22/BMjAyMzAxMTMyMjEwMDNfNDAzMDAxOTlfOTM1MTIzMzYxNTJfMF8z_b_Bd841eae10ab1c9955ef55fbedfae6c45.mp4
2000年春晚,https://alimov2.a.kwimgs.com/upic/2023/01/13/21/BMjAyMzAxMTMyMTE4MzRfNDAzMDAxOTlfOTM1MDY4ODIxMTNfMF8z_b_Bdddf4e7ef0ff6cfd477857bb40e78419.mp4
2001年春晚,https://alimov2.a.kwimgs.com/upic/2023/01/13/20/BMjAyMzAxMTMyMDA5MjJfNDAzMDAxOTlfOTM0OTkwNDQyMDFfMF8z_b_B70592cb7c4054e9cabb675e849bbf4bd.mp4
2002年春晚,https://alimov2.a.kwimgs.com/upic/2023/01/13/21/BMjAyMzAxMTMyMTE4MzRfNDAzMDAxOTlfOTM1MDY4ODIxNDdfMF8z_b_Ba6271d10b7e6cfae83759033a091f257.mp4
2003年春晚,https://alimov2.a.kwimgs.com/upic/2023/01/14/23/BMjAyMzAxMTQyMzQxNDdfNDAzMDAxOTlfOTM2MTU0MTk1NDFfMF8z_b_B182749d2cd2ea9323639254af385f24b.mp4
2004年春晚,https://alimov2.a.kwimgs.com/upic/2023/01/13/21/BMjAyMzAxMTMyMTE4MzRfNDAzMDAxOTlfOTM1MDY4ODIxOTVfMF8z_b_B86c4430b82ff5a7f4e8132f6ee558536.mp4
2005年春晚,https://alimov2.a.kwimgs.com/upic/2023/01/13/20/BMjAyMzAxMTMyMDA5MjJfNDAzMDAxOTlfOTM0OTkwNDQyMzhfMF8z_b_B35ad7cc86aec8fc9e5ddfb31fc7bed63.mp4
2006年春晚,https://alimov2.a.kwimgs.com/upic/2023/01/13/20/BMjAyMzAxMTMyMDA5MjJfNDAzMDAxOTlfOTM0OTkwNDQyNzlfMF8z_b_Bbc3703fc331dc994c50859c19aad28ff.mp4
2007年春晚,https://alimov2.a.kwimgs.com/upic/2023/01/13/20/BMjAyMzAxMTMyMDA5MjJfNDAzMDAxOTlfOTM0OTkwNDQzMjNfMF8z_b_B00b069c7899976459ceeaa99353dfefe.mp4
2009年春晚,https://alimov2.a.kwimgs.com/upic/2023/01/13/20/BMjAyMzAxMTMyMDA5MjJfNDAzMDAxOTlfOTM0OTkwNDQzOTBfMF8z_b_B29a36a85e0277f6c2a1f033ef7c10708.mp4
2010年春晚,https://alimov2.a.kwimgs.com/upic/2023/01/13/20/BMjAyMzAxMTMyMDA5MjJfNDAzMDAxOTlfOTM0OTkwNDQ0MjlfMF8z_b_B8818807a00eed329a69fb494f405bd43.mp4
2013年春晚,https://alimov2.a.kwimgs.com/upic/2023/01/13/20/BMjAyMzAxMTMyMDA5MjJfNDAzMDAxOTlfOTM0OTkwNDQ1NjNfMF8z_b_B4fea55408dca4471a68a963ae096be59.mp4
2014年春晚,https://alimov2.a.kwimgs.com/upic/2023/01/06/16/BMjAyMzAxMDYxNjMxMTNfNDAzMDAxOTlfOTI4OTY2ODAzNjlfMF8z_b_Bdee65c77f9e7b2120a185c919dad81d2.mp4
2018年春晚,https://alimov2.a.kwimgs.com/upic/2023/01/06/16/BMjAyMzAxMDYxNjMxMTRfNDAzMDAxOTlfOTI4OTY2ODE2MTBfMF8z_b_B11a778e34390a21de42d407e94f45b91.mp4
2024年春晚,https://p2.bdstatic.com/rtmp.liveshow.lss-user.baidubce.com/live/stream_bduid_6488563992_8982723413/merged_1707497046297_88536_25144_41936.m3u8
2025年春晚,https://svip.high24-playback.com/20250129/17159_7bca93c4/2000k/hls/mixed.m3u8
中央电视塔东,https://gcalic.v.myalicdn.com/gc/ztd_1/index.m3u8
中央电视塔南,https://gcalic.v.myalicdn.com/gc/ztn_1/index.m3u8
丽江古城万古楼遥望玉龙雪山,https://gcalic.v.myalicdn.com/gc/ljgcwglytylxs_1/index.m3u8
丽江古城大水车,https://gcalic.v.myalicdn.com/gc/ljgcdsc_1/index.m3u8
丽江古城大研花巷观景,https://gcalic.v.myalicdn.com/gc/ljgcdyhxgjt_1/index.m3u8
乌镇全景,https://gcalic.v.myalicdn.com/gc/zjwzblt_1/index.m3u8
乌镇蓝印花布,https://gcalic.v.myalicdn.com/gc/zjwzlyhb_1/index.m3u8
乌镇西市河,https://gcalic.v.myalicdn.com/gc/zjwzbblh_1/index.m3u8
乌镇龙形田,https://gcalic.v.myalicdn.com/gc/zjwzlxt_1/index.m3u8
乐山大佛全景,https://gcalic.v.myalicdn.com/gc/lsdfgfl_1/index.m3u8
云南丽江冰川,https://gcalic.v.myalicdn.com/gc/hkylxs05_1/index.m3u8
云南丽江印象实景,https://gcalic.v.myalicdn.com/gc/hkylxs01_1/index.m3u8
云南丽江玉龙雪山,https://gcalic.v.myalicdn.com/gc/ylxs11_1/index.m3u8
云南丽江玉龙雪山草甸,https://gcalic.v.myalicdn.com/gc/hkylxs06_1/index.m3u8
云南丽江蓝月谷,https://gcalic.v.myalicdn.com/gc/ylxs12_1/index.m3u8
云南大理崇圣寺三塔中景,https://gcalic.v.myalicdn.com/gc/dlst03_1/index.m3u8
云南大理崇圣寺三塔远景,https://gcalic.v.myalicdn.com/gc/dlst01_1/index.m3u8
云南白沙远眺玉龙雪山,https://gcalic.v.myalicdn.com/gc/hkylxs03_1/index.m3u8
五彩池,https://gcalic.v.myalicdn.com/gc/hlwcc_1/index.m3u8
八里沟风景区天界山玻璃栈道,https://gcalic.v.myalicdn.com/gc/blg03_1/index.m3u8
八里沟风景区桃花湾瀑布,https://gcalic.v.myalicdn.com/gc/blg05_1/index.m3u8
六盘山红军长征景区,https://gcalic.v.myalicdn.com/gc/lpsgmjng01_1/index.m3u8
南京玄武湖公园,https://gcalic.v.myalicdn.com/gc/xwh01_1/index.m3u8
厦门鼓浪屿,https://gcalic.v.myalicdn.com/gc/gly01_1/index.m3u8
四川四姑娘山隆珠措,https://gcalic.v.myalicdn.com/gc/sgns02_1/index.m3u8
四川峨眉山云海日出,https://gcalic.v.myalicdn.com/gc/emsarm_1/index.m3u8
四川峨眉山普贤菩萨铜像,https://gcalic.v.myalicdn.com/gc/emspxps_1/index.m3u8
四川峨眉山远眺万佛顶,https://gcalic.v.myalicdn.com/gc/emswfs_1/index.m3u8
四川峨眉山远眺贡嘎雪山,https://gcalic.v.myalicdn.com/gc/emsyh_1/index.m3u8
天涯石,https://gcalic.v.myalicdn.com/gc/tyhjtys_1/index.m3u8
安徽池州九华山风景区九华山,https://gcalic.v.myalicdn.com/gc/jhs05_1/index.m3u8
安徽黟县芦村远眺,https://gcalic.v.myalicdn.com/gc/yxlcyt_1/index.m3u8
安徽黟县西递牌坊,https://gcalic.v.myalicdn.com/gc/yxxdpf_1/index.m3u8
广西桂林漓江景区,https://gcalic.v.myalicdn.com/gc/gllj01_1/index.m3u8
广西玉林大容山莲花山顶,https://gcalic.v.myalicdn.com/gc/drs01_1/index.m3u8
张掖七彩丹霞,https://gcalic.v.myalicdn.com/gc/zyqcdx01_1/index.m3u8
恒山悬空寺全景,https://gcalic.v.myalicdn.com/gc/hsxksqj_1/index.m3u8
普陀山,https://gcalic.v.myalicdn.com/gc/pts01_1/index.m3u8
月牙泉,https://gcalic.v.myalicdn.com/gc/dhyyqsm_1/index.m3u8
望乡台,https://gcalic.v.myalicdn.com/gc/hlwxt_1/index.m3u8
江苏南京牛首山,https://gcalic.v.myalicdn.com/gc/nss01_1/index.m3u8
江苏徐州云龙湖风景区云龙山观景台西,https://gcalic.v.myalicdn.com/gc/ylh04_1/index.m3u8
泰山主峰,https://gcalic.v.myalicdn.com/gc/taishan01_1/index.m3u8
泰山十八盘,https://gcalic.v.myalicdn.com/gc/taishan05_1/index.m3u8
泰山南天门,https://gcalic.v.myalicdn.com/gc/hkts07_1/index.m3u8
泰山大观峰,https://gcalic.v.myalicdn.com/gc/taishan03_1/index.m3u8
泰山太平岭,https://gcalic.v.myalicdn.com/gc/hkts09_1/index.m3u8
泰山望人松,https://gcalic.v.myalicdn.com/gc/taishan02_1/index.m3u8
泰山玉皇顶,https://gcalic.v.myalicdn.com/gc/taishan06_1/index.m3u8
泰山白云亭悬崖,https://gcalic.v.myalicdn.com/gc/hkts02_1/index.m3u8
泰山碧霞祠,https://gcalic.v.myalicdn.com/gc/hkts03_1/index.m3u8
浙江舟山东极岛,https://gcalic.v.myalicdn.com/gc/djd01_1/index.m3u8
湖南张家界天门山西线玻璃栈道,https://gcalic.v.myalicdn.com/gc/tms05_1/index.m3u8
湖南张家界宝峰湖,https://gcalic.v.myalicdn.com/gc/zjjbfh_1/index.m3u8
湖南张家界御笔峰,https://gcalic.v.myalicdn.com/gc/zjjybf_1/index.m3u8
湖南张家界水绕四门,https://gcalic.v.myalicdn.com/gc/zjjsrsm_1/index.m3u8
狮子山鸟瞰丽江古城,https://gcalic.v.myalicdn.com/gc/ljgcszsnkgc_1/index.m3u8
直播中国,https://gcalic.v.myalicdn.com/gc/wgw05_1/index.m3u8?contentid=2820180516001
直播中国精编直播,https://gcalic.v.myalicdn.com/gc/wgw05_1/index.m3u8
福建武夷山玉女峰,https://gcalic.v.myalicdn.com/gc/wysynf_1/index.m3u8
福建漳州醉美沙滩翡翠湾,https://gcalic.v.myalicdn.com/gc/fcw03_1/index.m3u8
贵州省兴义市万峰林,https://gcalic.v.myalicdn.com/gc/xywfl_1/index.m3u8
都江堰鱼嘴,https://gcalic.v.myalicdn.com/gc/djyqyl1_1/index.m3u8
陕西洋县国宝朱鹮02,https://gcalic.v.myalicdn.com/gc/zh02_1/index.m3u8
雪乡大石碑,https://gcalic.v.myalicdn.com/gc/mdjxxdsb_1/index.m3u8
雪乡梦幻家园,https://gcalic.v.myalicdn.com/gc/mdjxxmhjyxj_1/index.m3u8
青岛崂山八水河,https://gcalic.v.myalicdn.com/gc/qdls02_1/index.m3u8
青岛崂山双福,https://gcalic.v.myalicdn.com/gc/qdls03_1/index.m3u8
鸣沙山,https://gcalic.v.myalicdn.com/gc/dhyyqst_1/index.m3u8
黄山,https://gcalic.v.myalicdn.com/gc/ahhs01_1/index.m3u8
黄山始信新道,https://gcalic.v.myalicdn.com/gc/hsyg_1/index.m3u8
黄山排云亭,https://gcalic.v.myalicdn.com/gc/hspyt_1/index.m3u8
黄山飞来石,https://gcalic.v.myalicdn.com/gc/hsptgy_1/index.m3u8
黄果树六角亭瀑布,https://gcalic.v.myalicdn.com/gc/hgsspzxdpb_1/index.m3u8
黄花城水长城01,https://gcalic.v.myalicdn.com/gc/wgw01_1/index.m3u8
黄花城水长城03,https://gcalic.v.myalicdn.com/gc/wgw03_1/index.m3u8
黄龙,https://gcalic.v.myalicdn.com/gc/hlzycc_1/index.m3u8
2026-09-06 12:24:29,https://vd2.bdstatic.com/mda-sctj0f6r4u1bpebc/1080p/cae_h264/1774706523506678171/mda-sctj0f6r4u1bpebc.mp4
www.izbds.com,https://vd2.bdstatic.com/mda-sctj0f6r4u1bpebc/1080p/cae_h264/1774706523506678171/mda-sctj0f6r4u1bpebc.mp4
ABN China (720p),https://mediaserver.abnvideos.com/streams/abnchina.m3u8
Ando TV (1080p),http://play.kankanlive.com/live/1711956137852982.m3u8
Angel TV Chinese (720p),https://janya-digimix.akamaized.net/vglive-sk-999451/chinese/ngrp:angelchinese_all/playlist.m3u8
Anshun Comprehensive News Channel,https://hplayer1.juyun.tv/camera/154379194.m3u8
Bread TV面包台 (720p),https://video.bread-tv.com:8091/hls-live24/online/index.m3u8
BRTV Kaku Childrens Channel,http://223.111.191.105/downflv.brtvcloud.com/kkkkasd/winfr.m3u8
CCTV+ 1 (600p) [Not 24/7],https://cd-live-stream.news.cctvplus.com/live/smil:CHANNEL1.smil/playlist.m3u8
CCTV+ 2 (600p) [Not 24/7],https://cd-live-stream.news.cctvplus.com/live/smil:CHANNEL2.smil/playlist.m3u8
CCTV-4K (1080p),http://198.204.240.250:82/live/cctv4k.m3u8
CCTV-8K (1080p),http://192.151.150.154/live/cctv8k.m3u8
CCTV-Health (1080p),http://38.75.136.137:98/gslb/dsdqpub/wsjk.m3u8?auth=%2A%2A%2A
Chifeng Comprehensive News Chanel,http://play1-qk.nmtv.cn/live/1735546697341033.m3u8
CND Film Middle School Channel,http://live2.rxip.sc96655.com/live/zxs_4000.m3u8?A=&E=&K=&P=&S=&U=
Dragon TV International,https://restream.pdtvhd.com/memfs/0b1b95c9-3543-4af9-9fdb-cf45f1602f17.m3u8
Fujian Comprehensive Channel,http://120.39.52.202:5140/%E7%A6%8F%E5%BB%BA%E7%BB%BC%E5%90%88
Guangdong Satellite TV,https://h5cul1yar48um3t.wcetv.com/hls/gdsatellite.m3u8
Guangxi Variety & Travel Channel,http://111.59.24.227:8181/tsfile/live/1001_1.m3u8?key=%2A%2A%2A&playlive=1&authid=%2A%2A%2A
Harbin Comprehensive News Channel,https://stream.hrbtv.net/xwzh/playlist.m3u8?_upt=ef41dd531755913594
Harbin Movie Channel,https://stream.hrbtv.net/yspd/playlist.m3u8
Home Plus,https://homeplushls.wns.live/hls/stream.m3u8
Jiangxi Children's Channel,https://play-live-hls.jxtvcn.com.cn/live-city/tv_jxtv6.m3u8
Jiangxi City Channel,https://play-live-hls.jxtvcn.com.cn/live-city/tv_jxtv2.m3u8
Jiangxi Economy & Life Channel,https://play-live-hls.jxtvcn.com.cn/live-city/tv_jxtv3.m3u8
Jiangxi Movie Channel,https://play-live-hls.jxtvcn.com.cn/live-city/tv_jxtv4.m3u8
Jiangxi Public & Agriculture Channel,https://play-live-hls.jxtvcn.com.cn/live-city/tv_jxtv5.m3u8
Jilin City Channel,https://lsfb.avap.jilintv.cn/zqvk7vpj/channel/7e8474e6daea44ccaa5aa2300191439e/index.m3u8
Jilin Lifestyle Channel,https://lsfb.avap.jilintv.cn/zqvk7vpj/channel/0a76740c72b74fabae611845aa21e06a/index.m3u8
Jilin Movie Channel,https://lsfb.avap.jilintv.cn/zqvk7vpj/channel/906341e6f19b4c4bacdc89941eb85d12/index.m3u8
Jilin Rural Channel,https://lsfb.avap.jilintv.cn/zqvk7vpj/channel/3ffc4824dce54b92be185555923ce382/index.m3u8
Kangba TV,http://110.185.237.164:8888/hls/30/index.m3u8
Lanzhou Comprehensive News Channel,https://liveplus.lzr.com.cn/xwzh/HD/live.m3u8
Lanzhou Culture & Tourism Channel,https://liveplus.lzr.com.cn/wlpd/HD/live.m3u8
Liangshan TV [Not 24/7],http://118.122.2.29:9999/hls/47/index.m3u8
Nanchang News & Generalist Channel,https://play-live-hls.jxtvcn.com.cn/live-city/tv_nanchang.m3u8
Nei Monggol TV 2 Mongolian Culture Channel,http://1.24.190.98:10080/hls/40/index.m3u8
QTV-1,http://video10.qtv.com.cn/drm/qtv1at/manifest.m3u8
QTV-2,http://video10.qtv.com.cn/drm/qtv2at/manifest.m3u8
QTV-3,http://video10.qtv.com.cn/drm/qtv3at/manifest.m3u8
QTV-4,http://video10.qtv.com.cn/drm/qtv4at/manifest.m3u8
QTV-5,http://video10.qtv.com.cn/drm/qtv5at/manifest.m3u8
QTV-6,http://video10.qtv.com.cn/drm/qtv6at/manifest.m3u8
Siping TV,http://stream2.jlntv.cn/sptv/sd/live.m3u8?_upt=f27750421743154598
Tonghua TV (1080p),http://lsfb.avap.jilintv.cn/zqvk7vpj/channel/43ea5771aa44421591f9dfd2b71f1b9b/index.m3u8
TV BRICS Chinese (1080p),https://chibrics.mediacdn.ru/cdn/brics/chinese/playlist.m3u8
VOA美国之音 (1080p),https://voa-ingest.akamaized.net/hls/live/2033878/tvmc08/playlist.m3u8
Xinjiang TV 1,https://klmysjtzb.rcsxzx.com/hls/klmy2.m3u8
Xinjiang TV 2,http://110.153.180.106:55555/out_3/index.m3u8
Xinjiang TV 3,http://110.153.180.106:55555/out_2/index.m3u8
Xinjiang TV 8,http://120.70.60.179:9901/tsfile/live/1002_1.m3u8?authid=%2A%2A%2A&key=%2A%2A%2A&playlive=1
Zhejiang TV International,https://ali-m-l.cztv.com/channels/lantian/channel10/1080p.m3u8
中国气象 (576p) [Not 24/7],http://hls.weathertv.cn/tslslive/qCFIfHB/hls/live_sd.m3u8
优漫卡通 (576p),http://183.207.249.15/PLTV/4/224/3221225933/index.m3u8
兵团卫视 (540p) [Not 24/7],http://112.25.48.68/live/program/live/btws/1300000/mnf.m3u8
动作电影 (1080p),http://39.134.19.68/dbiptv.sn.chinamobile.com/PLTV/88888888/224/3221226465/index.m3u8
发现之旅 (576p),http://125.210.152.18:9090/live/FXZL_750.m3u8
和政电视台,http://117.156.28.119/270000001111/1110000149/index.m3u8
四川妇女儿童 (720p) [Not 24/7],http://scgctvshow.sctv.com/hdlive/sctv7/index.m3u8
山东农科 (406p) [Geo-blocked],http://livealone302.iqilu.com/iqilu/nkpd.m3u8
山东少儿 (406p) [Geo-blocked],http://livealone302.iqilu.com/iqilu/sepd.m3u8
山东生活 (1080p) [Geo-blocked],http://livealone302.iqilu.com/iqilu/shpd.m3u8
山东综艺 (406p) [Geo-blocked],http://livealone302.iqilu.com/iqilu/zypd.m3u8
山东齐鲁 (1080p) [Geo-blocked],http://livealone302.iqilu.com/iqilu/qlpd.m3u8
康巴卫视 (576p),http://223.110.245.139/PLTV/4/224/3221227008/index.m3u8
徐州經濟生活 (1080p),http://223.110.245.167/ott.js.chinamobile.com/PLTV/3/224/3221225947/index.m3u8
敦煌电视台 (1080p),http://117.156.28.119/270000001111/1110000028/index.m3u8
江苏公共 (576p),http://183.207.248.71/gitv/live1/G_JSGG/G_JSGG
江苏城市 (576p),http://183.207.248.71/gitv/live1/G_JSCS/G_JSCS
江苏影视 (576p),http://223.110.243.134/PLTV/4/224/3221225937/index.m3u8
江苏教育 (576p),http://223.110.245.151/ott.js.chinamobile.com/PLTV/3/224/3221225923/index.m3u8
江苏综艺 (576p) [Not 24/7],http://183.207.248.71/gitv/live1/G_JSZY/G_JSZY
滁州市广播电视台 公共频道 (400p),http://live.cztv.cc:85/live/ggpd.m3u8
滁州市广播电视台 新闻综合频道 (1080p),http://live.cztv.cc:85/live/xwpd.m3u8
滁州市广播电视台 科教频道 (400p),http://live.cztv.cc:85/live/sjpd.m3u8
白城新闻综合 [Geo-blocked],https://stream2.jlntv.cn/baicheng1/sd/live.m3u8
纪实人文 (1080p),http://39.135.138.59:18890/PLTV/88888910/224/3221225655/index.m3u8
萍鄉新聞綜合 (576p) [Not 24/7],http://www.pxitv.com:8099/hls-live/livepkgr/_definst_/pxitvevent/pxtv1stream.m3u8
西安丝路 (404p) [Not 24/7],http://stream2.xiancity.cn/xatv5/playlist.m3u8
西安商务资讯 (180p) [Not 24/7],http://stream2.xiancity.cn/xatv3/playlist.m3u8
酒泉新闻综合 (576p),http://117.156.28.119/270000001111/1110000001/index.m3u8
金鹰卡通 (576p),http://223.110.245.145/ott.js.chinamobile.com/PLTV/3/224/3221226303/index.m3u8
长沙女性 [Geo-blocked],http://35848.hlsplay.aodianyun.com/guangdianyun_35848/tv_channel_349.m3u8
长沙政法 [Geo-blocked],http://35848.hlsplay.aodianyun.com/guangdianyun_35848/tv_channel_348.m3u8
长沙新闻 [Geo-blocked],http://35848.hlsplay.aodianyun.com/guangdianyun_35848/tv_channel_346.m3u8
风尚购物 (1080p),http://183.207.248.71/cntv/live1/fengshanggw/fengshanggw
高台电视台 (1080p),http://117.156.28.119/270000001111/1110000146/index.m3u8
鹤壁新闻综合 (480p) [Not 24/7],http://pili-live-hls.hebitv.com/hebi/hebi.m3u8
黑龙江 (1080p),http://223.110.245.161/ott.js.chinamobile.com/PLTV/3/224/3221227492/index.m3u8
